Район,Сокращённое название,Полное название,Тип организации,ИНН,Адрес одной строкой как в ЕГРЮЛ,Координаты,Статус организации,Дата последних изменений,Дата регистрации,КПП,ОГРН,Дата выдачи ОГРН,ОКАТО,ОКТМО,ОКПО,ОКОГУ,ОКФС,ОКВЭД,Версия справочника ОКВЭД (2001 или 2014),Код ОКОПФ,Полное название ОПФ,Краткое название ОПФ,"Версия справочника ОКОПФ (99, 2012 или 2014)",Должность руководителя,ФИО руководителя,Количество филиалов,Тип подразделения
Воронеж,"АН ПОО ""КОЛЛЕДЖ ИНФОРМАЦИОННЫХ ТЕХНОЛОГИЙ И ФИНАНСОВ""","АВТОНОМНАЯ НЕКОММЕРЧЕСКАЯ ПРОФЕССИОНАЛЬНАЯ ОБРАЗОВАТЕЛЬНАЯ ОРГАНИЗАЦИЯ ""КОЛЛЕДЖ ИНФОРМАЦИОННЫХ ТЕХНОЛОГИЙ И ФИНАНСОВ""",профессиональная образовательная организация,3662257451,"394026, ВОРОНЕЖСКАЯ ОБЛАСТЬ, Г. ВОРОНЕЖ, УЛ. ДРУЖИННИКОВ, Д. 8","51.6853497, 39.1751079",действующая,18-12-2025,08-12-2017,366201001,1173600010814,08-12-2017,20401000000,20701000001,20478519,4210014,16,85.21,2014,71400,Автономная некоммерческая организация,АНО,2014,ДИРЕКТОР,Ким Светлана Мироновна,1,головная организация
Воронеж,"АНО ОНШ ""СВЕТЛАНА""","АВТОНОМНАЯ НЕКОММЕРЧЕСКАЯ ОРГАНИЗАЦИЯ ОБЩЕОБРАЗОВАТЕЛЬНАЯ НАЧАЛЬНАЯ ШКОЛА ""СВЕТЛАНА""",общеобразовательная организация,3666237008,"394036, ВОРОНЕЖСКАЯ ОБЛАСТЬ, Г. ВОРОНЕЖ, УЛ. АРСЕНАЛЬНАЯ, Д. 1","51.6754938, 39.2155241",действующая,05-05-2025,21-06-2019,366601001,1193600000660,21-06-2019,20401000000,20701000001,40324600,4210014,16,85.11,2014,71400,Автономная некоммерческая организация,АНО,2014,ДИРЕКТОР,Шарова Диана Ефимовна,0,головная организация
Воронеж,"АНО ПО ""ВОРОНЕЖСКИЙ КОЛЛЕДЖ ""НОМОС""","АВТОНОМНАЯ НЕКОММЕРЧЕСКАЯ ОРГАНИЗАЦИЯ ПРОФЕССИОНАЛЬНОГО ОБРАЗОВАНИЯ ""ВОРОНЕЖСКИЙ КОЛЛЕДЖ ""НОМОС""",профессиональная образовательная организация,3666210158,"394036, ВОРОНЕЖСКАЯ ОБЛАСТЬ, Г. ВОРОНЕЖ, УЛ. ПЯТНИЦКОГО, Д. 67","51.6672847, 39.2097548",действующая,13-02-2025,20-06-2016,366601001,1163600050580,20-06-2016,20401000000,20701000001,45969787,4210014,16,85.21,2014,71400,Автономная некоммерческая организация,АНО,2014,ДИРЕКТОР,Колесникова Полина Владимировна,0,головная организация
Воронеж,"АНО ЦДО ""ЗЕЛЕНАЯ УЛИЦА""","АВТОНОМНАЯ НЕКОММЕРЧЕСКАЯ ОРГАНИЗАЦИЯ ЦЕНТР ДОПОЛНИТЕЛЬНОГО ОБРАЗОВАНИЯ ""ЗЕЛЕНАЯ УЛИЦА""",дошкольное образование,3664064818,"394088, ВОРОНЕЖСКАЯ ОБЛАСТЬ, Г. ВОРОНЕЖ, Б-Р ПОБЕДЫ, Д. 50В, ПОМЕЩ. II","51.713049, 39.145553",действующая,12-02-2025,03-06-2005,366201001,1053600229132,03-06-2005,20401000000,20701000001,77872638,4210014,16,85.41,2014,71400,Автономная некоммерческая организация,АНО,2014,ГЕНЕРАЛЬНЫЙ ДИРЕКТОР,Дырдин Александр Александрович,0,головная организация
Воронеж,"АНО ШКОЛА ""ПРЕМЬЕР""","АВТОНОМНАЯ НЕКОММЕРЧЕСКАЯ ОРГАНИЗАЦИЯ ОБЩЕОБРАЗОВАТЕЛЬНАЯ ОРГАНИЗАЦИЯ ШКОЛА ""ПРЕМЬЕР""",общеобразовательная организация,3662298465,"394061, ВОРОНЕЖСКАЯ ОБЛАСТЬ, Г.О. ГОРОД ВОРОНЕЖ, Г ВОРОНЕЖ, УЛ УРИЦКОГО, Д. 70","51.6832325, 39.2006809",действующая,29-04-2025,31-01-2022,366201001,1223600001184,31-01-2022,20401000000,20701000001,74377849,4210014,16,85.11,2014,71400,Автономная некоммерческая организация,АНО,2014,ДИРЕКТОР,Фомичева Людмила Владимировна,0,головная организация
Воронеж,"АНОО ""МАГИСТР""","АВТОНОМНАЯ НЕКОММЕРЧЕСКАЯ ОБЩЕОБРАЗОВАТЕЛЬНАЯ ОРГАНИЗАЦИЯ ""МАГИСТР""",дошкольное образование,3666266721,"394087, ВОРОНЕЖСКАЯ ОБЛАСТЬ, Г.О. ГОРОД ВОРОНЕЖ, Г ВОРОНЕЖ, УЛ ЛОМОНОСОВА, Д. 114/13, КВ. 210","51.72799, 39.207474",действующая,07-02-2025,20-04-2023,366601001,1233600007409,20-04-2023,20401000000,20701000001,57895353,4210014,16,85.11,2014,71400,Автономная некоммерческая организация,АНО,2014,ДИРЕКТОР,Могилев Александр Владимирович,0,головная организация
Воронеж,"АНОО ""ЧАСТНАЯ ШКОЛА ""ВЕКТОР""","АВТОНОМНАЯ НЕКОММЕРЧЕСКАЯ ОБЩЕОБРАЗОВАТЕЛЬНАЯ ОРГАНИЗАЦИЯ ""ЧАСТНАЯ ШКОЛА ""ВЕКТОР""",общеобразовательная организация,3664249618,"394018, ВОРОНЕЖСКАЯ ОБЛАСТЬ, Г.О. ГОРОД ВОРОНЕЖ, Г ВОРОНЕЖ, УЛ 9 ЯНВАРЯ, Д. 43","51.661049, 39.192418",действующая,10-02-2025,21-05-2021,366401001,1213600018576,21-05-2021,20401000000,20701000001,60099810,4210014,16,85.13,2014,71400,Автономная некоммерческая организация,АНО,2014,ДИРЕКТОР,Киреченкова Наталия Сергеевна,0,головная организация
Воронеж,"АНОО ВО ""ВОРОНЕЖСКИЙ ЭКОНОМИКО-ПРАВОВОЙ ИНСТИТУТ"", АНОО ВО ""ВЭПИ"", ВЭПИ","АВТОНОМНАЯ НЕКОММЕРЧЕСКАЯ ОБРАЗОВАТЕЛЬНАЯ ОРГАНИЗАЦИЯ ВЫСШЕГО ОБРАЗОВАНИЯ ""ВОРОНЕЖСКИЙ ЭКОНОМИКО-ПРАВОВОЙ ИНСТИТУТ""",профессиональная образовательная организация (подвед ВУЗа),3666134884,"394033, ВОРОНЕЖСКАЯ ОБЛАСТЬ, Г ВОРОНЕЖ, ПР-КТ ЛЕНИНСКИЙ, Д. 119А","51.67997, 39.255364",действующая,24-01-2026,15-06-2006,366101001,1063600017337,15-06-2006,20401000000,20701000001,45961702,4210014,16,85.22,2014,71400,Автономная некоммерческая организация,АНО,2014,РЕКТОР,Иголкин Сергей Леонидович,4,головная организация
Воронеж,"АНОО РКШ ""СЧАСТЛИВОЕ ДЕТСТВО""","АВТОНОМНАЯ НЕКОММЕРЧЕСКАЯ ОБЩЕОБРАЗОВАТЕЛЬНАЯ ОРГАНИЗАЦИЯ РУССКАЯ КЛАССИЧЕСКАЯ ШКОЛА ""СЧАСТЛИВОЕ ДЕТСТВО""",общеобразовательная организация,3663150045,"394076, ВОРОНЕЖСКАЯ ОБЛАСТЬ, Г. ВОРОНЕЖ, УЛ. ТУПОЛЕВА, Д. 37, ПОМЕЩ. II","51.6347085, 39.2695556",действующая,10-02-2025,24-07-2020,366301001,1203600022053,24-07-2020,20401000000,20701000001,86142181,4210014,16,85.13,2014,71400,Автономная некоммерческая организация,АНО,2014,ДИРЕКТОР,Литвинова Марина Анатольевна,0,головная организация
Воронеж,"АНОПО ""АВТОМОБИЛЬНЫЙ, ПРАВОВОЙ ТЕХНИКУМ""","АВТОНОМНАЯ НЕКОММЕРЧЕСКАЯ ОРГАНИЗАЦИЯ ПРОФЕССИОНАЛЬНОГО ОБРАЗОВАНИЯ ""АВТОМОБИЛЬНЫЙ, ПРАВОВОЙ ТЕХНИКУМ""",профессиональная образовательная организация,3666116765,"394036, ВОРОНЕЖСКАЯ ОБЛАСТЬ, Г. ВОРОНЕЖ, УЛ. КАРЛА МАРКСА, Д.43","51.6607937, 39.2072565",действующая,25-03-2025,15-09-2004,366601001,1043600074627,15-09-2004,20401000000,20701000001,74336000,4210014,16,85.21,2014,71400,Автономная некоммерческая организация,АНО,2014,ДИРЕКТОР,Амрахов Гаджи Исламович,0,головная организация
Воронеж,"АНОПО ""МТЭПИТ""","АВТОНОМНАЯ НЕКОММЕРЧЕСКАЯ ОРГАНИЗАЦИЯ ПРОФЕССИОНАЛЬНОГО ОБРАЗОВАНИЯ ""МЕЖДУНАРОДНЫЙ ТЕХНИКУМ ЭКОНОМИКИ, ПРАВА И ИНФОРМАЦИОННЫХ ТЕХНОЛОГИЙ""",профессиональная образовательная организация,3663027235,"394033, ВОРОНЕЖСКАЯ ОБЛАСТЬ, Г ВОРОНЕЖ, ПР-КТ ЛЕНИНСКИЙ, Д. 174Л, -","51.698727, 39.274021",действующая,07-12-2025,21-10-1997,366101001,1033600068215,10-02-2003,20401000000,20701000001,47786781,4210014,16,85.21,2014,71400,Автономная некоммерческая организация,АНО,2014,ДИРЕКТОР,Анисимов Владимир Петрович,0,головная организация
Воронеж,"АНПОО ""КОЛЛЕДЖ ВИВТ""","АВТОНОМНАЯ НЕКОММЕРЧЕСКАЯ ПРОФЕССИОНАЛЬНАЯ ОБРАЗОВАТЕЛЬНАЯ ОРГАНИЗАЦИЯ ""КОЛЛЕДЖ ВОРОНЕЖСКОГО ИНСТИТУТА ВЫСОКИХ ТЕХНОЛОГИЙ""",профессиональная образовательная организация,3666208310,"394043, ВОРОНЕЖСКАЯ ОБЛАСТЬ, Г. ВОРОНЕЖ, УЛ. ЛЕНИНА, Д. 73А, ОФИС 408","51.6841458, 39.2175247",действующая,27-06-2025,18-04-2016,366601001,1163600050261,18-04-2016,20401000000,20701000001,02020277,4210014,16,85.21,2014,71400,Автономная некоммерческая организация,АНО,2014,ДИРЕКТОР,Львович Игорь Яковлевич,0,головная организация
Воронеж,"АНПОО ""РЭПК""","АВТОНОМНАЯ НЕКОММЕРЧЕСКАЯ ПРОФЕССИОНАЛЬНАЯ ОБРАЗОВАТЕЛЬНАЯ ОРГАНИЗАЦИЯ ""РЕГИОНАЛЬНЫЙ ЭКОНОМИКО-ПРАВОВОЙ КОЛЛЕДЖ""",профессиональная образовательная организация,3661072360,"394033, ВОРОНЕЖСКАЯ ОБЛАСТЬ, Г ВОРОНЕЖ, ПР-КТ ЛЕНИНСКИЙ, Д. 119А","51.67997, 39.255364",действующая,21-08-2025,06-05-2016,366101001,1163600050371,06-05-2016,20401000000,20701000001,02335851,4210014,16,85.21,2014,71400,Автономная некоммерческая организация,АНО,2014,ДИРЕКТОР,Полухина Людмила Александровна,8,головная организация
Воронеж,"БПОУ ВО ""ВБМК""","БЮДЖЕТНОЕ ПРОФЕССИОНАЛЬНОЕ ОБРАЗОВАТЕЛЬНОЕ УЧРЕЖДЕНИЕ ВОРОНЕЖСКОЙ ОБЛАСТИ ""ВОРОНЕЖСКИЙ БАЗОВЫЙ МЕДИЦИНСКИЙ КОЛЛЕДЖ""",профессиональная образовательная организация,3665014249,"394055, ВОРОНЕЖСКАЯ ОБЛАСТЬ, Г. ВОРОНЕЖ, УЛ. КОСМОНАВТОВ, Д.46","51.652259, 39.16148",действующая,29-04-2025,12-03-1996,366501001,1033600011554,22-01-2003,20401000000,20701000001,01964378,2300229,13,85.21,2014,75203,Государственное бюджетное учреждение субъекта Российской Федерации,ГБУ,2014,ДИРЕКТОР,Селеменева Светлана Ивановна,0,головная организация
Воронеж,"ВГЛТУ, ВГЛТУ ИМ. Г.Ф. МОРОЗОВА, ФГБОУ ВО ""ВГЛТУ"", ВОРОНЕЖСКИЙ ГОСУДАРСТВЕННЫЙ ЛЕСОТЕХНИЧЕСКИЙ УНИВЕРСИТЕТ","ФЕДЕРАЛЬНОЕ ГОСУДАРСТВЕННОЕ БЮДЖЕТНОЕ ОБРАЗОВАТЕЛЬНОЕ УЧРЕЖДЕНИЕ ВЫСШЕГО ОБРАЗОВАНИЯ ""ВОРОНЕЖСКИЙ ГОСУДАРСТВЕННЫЙ ЛЕСОТЕХНИЧЕСКИЙ УНИВЕРСИТЕТ ИМЕНИ Г.Ф. МОРОЗОВА""",профессиональная образовательная организация (подвед ВУЗа),3666012325,"394087, ВОРОНЕЖСКАЯ ОБЛАСТЬ, Г. ВОРОНЕЖ, УЛ. ТИМИРЯЗЕВА, Д.8","51.7187215, 39.2209902",действующая,28-05-2025,22-05-1997,366601001,1033600041584,07-02-2003,20401000000,20701000001,02068095,1322600,12,85.22,2014,75103,Федеральное государственное бюджетное учреждение,ФГБУ,2014,РЕКТОР,Драпалюк Михаил Валентинович,2,головная организация
Воронеж,"ГАНОУ ВО ""РЕГИОНАЛЬНЫЙ ЦЕНТР ""ОРИОН""","ГОСУДАРСТВЕННОЕ АВТОНОМНОЕ НЕТИПОВОЕ ОБРАЗОВАТЕЛЬНОЕ УЧРЕЖДЕНИЕ ВОРОНЕЖСКОЙ ОБЛАСТИ ""РЕГИОНАЛЬНЫЙ ЦЕНТР ВЫЯВЛЕНИЯ, ПОДДЕРЖКИ И РАЗВИТИЯ СПОСОБНОСТЕЙ И ТАЛАНТОВ У ДЕТЕЙ И МОЛОДЕЖИ ""ОРИОН""",организация доп. образования,3665078958,"394019, ВОРОНЕЖСКАЯ ОБЛАСТЬ, Г. ВОРОНЕЖ, УЛ. 9 ЯНВАРЯ, Д. 161","51.674645, 39.144861",действующая,10-02-2025,02-08-2010,366501001,1103668024052,02-08-2010,20401000000,20701000001,67592820,2300223,13,85.41,2014,75201,Государственное автономное учреждение субъекта Российской Федерации,ГАУ,2014,ДИРЕКТОР,Голева Наталия Николаевна,0,головная организация
Воронеж,"ГАУ ДПО ВО ""ЦОПП""","ГОСУДАРСТВЕННОЕ АВТОНОМНОЕ УЧРЕЖДЕНИЕ ДОПОЛНИТЕЛЬНОГО ПРОФЕССИОНАЛЬНОГО ОБРАЗОВАНИЯ ВОРОНЕЖСКОЙ ОБЛАСТИ ""ЦЕНТР ОПЕРЕЖАЮЩЕЙ ПРОФЕССИОНАЛЬНОЙ ПОДГОТОВКИ""",профессиональная образовательная организация,3663141234,"394004, ВОРОНЕЖСКАЯ ОБЛАСТЬ, Г. ВОРОНЕЖ, УЛ. ЛЕНИНГРАДСКАЯ, Д. 33","51.6472897, 39.2446499",действующая,10-02-2025,11-04-2019,366301001,1193668015837,11-04-2019,20401000000,20701000001,38976583,2300223,13,85.42,2014,75201,Государственное автономное учреждение субъекта Российской Федерации,ГАУ,2014,ДИРЕКТОР,Боровикова Яна Владимировна,0,головная организация
Воронеж,"ГБ ПОУ ""ВМКР""","ГОСУДАРСТВЕННОЕ БЮДЖЕТНОЕ ПРОФЕССИОНАЛЬНОЕ ОБРАЗОВАТЕЛЬНОЕ УЧРЕЖДЕНИЕ ""ВОРОНЕЖСКИЙ МУЗЫКАЛЬНЫЙ КОЛЛЕДЖ ИМЕНИ РОСТРОПОВИЧЕЙ""",профессиональная образовательная организация,3666027233,"394036, ВОРОНЕЖСКАЯ ОБЛАСТЬ, Г. ВОРОНЕЖ, ПР-КТ РЕВОЛЮЦИИ, Д.41","51.666468, 39.2063642",действующая,11-02-2025,20-06-1996,366601001,1023601584401,23-12-2002,20401000000,20701000001,02176750,2300231,13,85.21,2014,75203,Государственное бюджетное учреждение субъекта Российской Федерации,ГБУ,2014,ДИРЕКТОР,Святохина Эмилия Георгиевна,0,головная организация
Воронеж,"ГБ ПОУ ""ВОРОНЕЖСКОЕ ХОРЕОГРАФИЧЕСКОЕ УЧИЛИЩЕ""","ГОСУДАРСТВЕННОЕ БЮДЖЕТНОЕ ПРОФЕССИОНАЛЬНОЕ ОБРАЗОВАТЕЛЬНОЕ УЧРЕЖДЕНИЕ ""ВОРОНЕЖСКОЕ ХОРЕОГРАФИЧЕСКОЕ УЧИЛИЩЕ""",профессиональная образовательная организация,3666027258,"394036, ВОРОНЕЖСКАЯ ОБЛАСТЬ, Г. ВОРОНЕЖ, УЛ. КОММУНАРОВ, Д.36","51.678806, 39.2213042",действующая,31-10-2025,25-11-1998,366601001,1033600048987,08-02-2003,20401000000,20701000001,02176720,2300231,13,85.21,2014,75203,Государственное бюджетное учреждение субъекта Российской Федерации,ГБУ,2014,ИСПОЛНЯЮЩИЙ ОБЯЗАННОСТИ ДИРЕКТОРА,Пикинер Екатерина Владимировна,0,головная организация
Воронеж,"ГБПОУ ""ВСМШ (КОЛЛЕДЖ)""","ГОСУДАРСТВЕННОЕ БЮДЖЕТНОЕ ПРОФЕССИОНАЛЬНОЕ ОБРАЗОВАТЕЛЬНОЕ УЧРЕЖДЕНИЕ ""ВОРОНЕЖСКАЯ СПЕЦИАЛЬНАЯ МУЗЫКАЛЬНАЯ ШКОЛА (КОЛЛЕДЖ)""",профессиональная образовательная организация,3666075406,"394036, ВОРОНЕЖСКАЯ ОБЛАСТЬ, Г. ВОРОНЕЖ, УЛ. НИКИТИНСКАЯ, Д. 26","51.6667089, 39.1985855",действующая,26-03-2025,06-08-1998,366601001,1033600015240,24-01-2003,20401000000,20701000001,02181141,2300231,13,85.21,2014,75203,Государственное бюджетное учреждение субъекта Российской Федерации,ГБУ,2014,ДИРЕКТОР,Фабрий Алексей Вячеславович,0,головная организация
Воронеж,"ГБПОУ ""ВХУ(Т) ИМ. Н.Н. ГЕ""","ГОСУДАРСТВЕННОЕ БЮДЖЕТНОЕ ПРОФЕССИОНАЛЬНОЕ ОБРАЗОВАТЕЛЬНОЕ УЧРЕЖДЕНИЕ ""ВОРОНЕЖСКОЕ ХУДОЖЕСТВЕННОЕ УЧИЛИЩЕ (ТЕХНИКУМ) ИМЕНИ НИКОЛАЯ НИКОЛАЕВИЧА ГЕ""",профессиональная образовательная организация,3666027240,"394035, ВОРОНЕЖСКАЯ ОБЛАСТЬ, Г. ВОРОНЕЖ, УЛ. СТРЕЛЕЦКАЯ БОЛЬШАЯ, Д.20","51.6518479, 39.2092661",действующая,06-02-2025,31-05-1999,366601001,1033600024655,30-01-2003,20401000000,20701000001,05329667,2300231,13,85.21,2014,75203,Государственное бюджетное учреждение субъекта Российской Федерации,ГБУ,2014,ДИРЕКТОР,Гулевский Сергей Петрович,0,головная организация
Воронеж,"ГБПОУ ВО ""ВАТ ИМЕНИ В.П. ЧКАЛОВА""","ГОСУДАРСТВЕННОЕ БЮДЖЕТНОЕ ПРОФЕССИОНАЛЬНОЕ ОБРАЗОВАТЕЛЬНОЕ УЧРЕЖДЕНИЕ ВОРОНЕЖСКОЙ ОБЛАСТИ ""ВОРОНЕЖСКИЙ АВИАЦИОННЫЙ ТЕХНИКУМ ИМЕНИ В.П.ЧКАЛОВА""",профессиональная образовательная организация,3663021890,"394004, ВОРОНЕЖСКАЯ ОБЛАСТЬ, Г. ВОРОНЕЖ, УЛ. ЛЕНИНГРАДСКАЯ, Д.33","51.6472897, 39.2446499",действующая,29-04-2025,08-04-1998,366301001,1023601542601,14-10-2002,20401000000,20701000001,42614650,2300223,13,85.21,2014,75203,Государственное бюджетное учреждение субъекта Российской Федерации,ГБУ,2014,ДИРЕКТОР,Норман Александр Владимирович,0,головная организация
Воронеж,"ГБПОУ ВО ""ВГПГК ИМЕНИ В.М.ПЕСКОВА""","ГОСУДАРСТВЕННОЕ БЮДЖЕТНОЕ ПРОФЕССИОНАЛЬНОЕ ОБРАЗОВАТЕЛЬНОЕ УЧРЕЖДЕНИЕ ВОРОНЕЖСКОЙ ОБЛАСТИ ""ВОРОНЕЖСКИЙ ГОСУДАРСТВЕННЫЙ ПРОМЫШЛЕННО-ГУМАНИТАРНЫЙ КОЛЛЕДЖ ИМЕНИ ВАСИЛИЯ МИХАЙЛОВИЧА ПЕСКОВА""",профессиональная образовательная организация,3666028526,"394036, ВОРОНЕЖСКАЯ ОБЛАСТЬ, Г. ВОРОНЕЖ, ПР-КТ РЕВОЛЮЦИИ, Д.20","51.6730389, 39.2098751",действующая,27-06-2025,23-01-1998,366601001,1033600041254,07-02-2003,20401000000,20701000001,02508955,2300223,13,85.21,2014,75203,Государственное бюджетное учреждение субъекта Российской Федерации,ГБУ,2014,ДИРЕКТОР,Антоненко Игорь Павлович,1,головная организация
Воронеж,"ГБПОУ ВО ""ВГППК""","ГОСУДАРСТВЕННОЕ БЮДЖЕТНОЕ ПРОФЕССИОНАЛЬНОЕ ОБРАЗОВАТЕЛЬНОЕ УЧРЕЖДЕНИЕ ВОРОНЕЖСКОЙ ОБЛАСТИ ""ВОРОНЕЖСКИЙ ГОСУДАРСТВЕННЫЙ ПРОФЕССИОНАЛЬНО-ПЕДАГОГИЧЕСКИЙ КОЛЛЕДЖ""",профессиональная образовательная организация,3662002319,"394016, ВОРОНЕЖСКАЯ ОБЛАСТЬ, Г. ВОРОНЕЖ, ПЕР. УЧЕНИЧЕСКИЙ, Д. 1","51.700996, 39.1855383",действующая,02-02-2025,11-06-1998,366201001,1023601582432,20-12-2002,20401000000,20701000001,02500379,2300223,13,85.21,2014,75203,Государственное бюджетное учреждение субъекта Российской Федерации,ГБУ,2014,ДИРЕКТОР,Демченко Светлана Петровна,0,головная организация
Воронеж,"ГБПОУ ВО ""ВГПТК""","ГОСУДАРСТВЕННОЕ БЮДЖЕТНОЕ ПРОФЕССИОНАЛЬНОЕ ОБРАЗОВАТЕЛЬНОЕ УЧРЕЖДЕНИЕ ВОРОНЕЖСКОЙ ОБЛАСТИ ""ВОРОНЕЖСКИЙ ГОСУДАРСТВЕННЫЙ ПРОМЫШЛЕННО-ТЕХНОЛОГИЧЕСКИЙ КОЛЛЕДЖ""",профессиональная образовательная организация,3662000657,"394020, ВОРОНЕЖСКАЯ ОБЛАСТЬ, Г. ВОРОНЕЖ, УЛ. 9 ЯНВАРЯ, Д.268","51.6812343, 39.1278574",действующая,06-02-2025,17-12-2002,366201001,1023601576580,17-12-2002,20401000000,20701000001,05238166,2300223,13,85.21,2014,75203,Государственное бюджетное учреждение субъекта Российской Федерации,ГБУ,2014,ДИРЕКТОР,Артемьев Олег Алексеевич,0,головная организация
Воронеж,"ГБПОУ ВО ""ВГПЭК""","ГОСУДАРСТВЕННОЕ БЮДЖЕТНОЕ ПРОФЕССИОНАЛЬНОЕ ОБРАЗОВАТЕЛЬНОЕ УЧРЕЖДЕНИЕ ВОРОНЕЖСКОЙ ОБЛАСТИ ""ВОРОНЕЖСКИЙ ГОСУДАРСТВЕННЫЙ ПРОМЫШЛЕННО-ЭКОНОМИЧЕСКИЙ КОЛЛЕДЖ""",профессиональная образовательная организация,3662038315,"394026, ВОРОНЕЖСКАЯ ОБЛАСТЬ, Г. ВОРОНЕЖ, ПР-КТ МОСКОВСКИЙ, Д.22","51.686244, 39.185088",действующая,07-08-2025,16-11-1998,366201001,1023601565019,27-11-2002,20401000000,20701000001,02508777,2300223,13,85.21,2014,75203,Государственное бюджетное учреждение субъекта Российской Федерации,ГБУ,2014,ДИРЕКТОР,Кузнецов Иван Михайлович,0,головная организация
Воронеж,"ГБПОУ ВО ""ВИК""","ГОСУДАРСТВЕННОЕ БЮДЖЕТНОЕ ПРОФЕССИОНАЛЬНОЕ ОБРАЗОВАТЕЛЬНОЕ УЧРЕЖДЕНИЕ ВОРОНЕЖСКОЙ ОБЛАСТИ ""ВОРОНЕЖСКИЙ ИНДУСТРИАЛЬНЫЙ КОЛЛЕДЖ""",профессиональная образовательная организация,3665012065,"394038, ВОРОНЕЖСКАЯ ОБЛАСТЬ, Г. ВОРОНЕЖ, УЛ. КОСМОНАВТОВ, Д.23, -, -","51.6588658, 39.1562528",действующая,13-02-2025,15-10-1998,366501001,1023601552963,05-11-2002,20401000000,20701000001,02508796,2300223,13,85.21,2014,75203,Государственное бюджетное учреждение субъекта Российской Федерации,ГБУ,2014,ДИРЕКТОР,Захарова Лариса Гавриловна,0,головная организация
Воронеж,"ГБПОУ ВО ""ВКСПТ""","ГОСУДАРСТВЕННОЕ БЮДЖЕТНОЕ ПРОФЕССИОНАЛЬНОЕ ОБРАЗОВАТЕЛЬНОЕ УЧРЕЖДЕНИЕ ВОРОНЕЖСКОЙ ОБЛАСТИ ""ВОРОНЕЖСКИЙ КОЛЛЕДЖ СВАРКИ И ПРОМЫШЛЕННЫХ ТЕХНОЛОГИЙ""",профессиональная образовательная организация,3663002583,"394090, ВОРОНЕЖСКАЯ ОБЛАСТЬ, Г. ВОРОНЕЖ, УЛ. РОСТОВСКАЯ, Д.55","51.595659, 39.244696",действующая,03-04-2025,11-01-1996,366301001,1033600003535,13-01-2003,20401000000,20701000001,02508760,2300223,13,85.21,2014,75203,Государственное бюджетное учреждение субъекта Российской Федерации,ГБУ,2014,ДИРЕКТОР,Бабаев Вадим Спартакович,0,головная организация
Воронеж,"ГБПОУ ВО ""ВПТ""","ГОСУДАРСТВЕННОЕ БЮДЖЕТНОЕ ПРОФЕССИОНАЛЬНОЕ ОБРАЗОВАТЕЛЬНОЕ УЧРЕЖДЕНИЕ ВОРОНЕЖСКОЙ ОБЛАСТИ ""ВОРОНЕЖСКИЙ ПОЛИТЕХНИЧЕСКИЙ ТЕХНИКУМ""",профессиональная образовательная организация,3665112831,"394055, ВОРОНЕЖСКАЯ ОБЛАСТЬ, Г.О. ГОРОД ВОРОНЕЖ, Г ВОРОНЕЖ, УЛ ВОРОШИЛОВА, Д. 18","51.6539135, 39.1731819",действующая,28-05-2025,08-09-2015,366501001,1153668047950,08-09-2015,20401000000,20701000001,41207428,2300223,13,85.21,2014,75203,Государственное бюджетное учреждение субъекта Российской Федерации,ГБУ,2014,ДИРЕКТОР,Поташников Михаил Григорьевич,0,головная организация
Воронеж,"ГБПОУ ВО ""ВТМД""","ГОСУДАРСТВЕННОЕ БЮДЖЕТНОЕ ПРОФЕССИОНАЛЬНОЕ ОБРАЗОВАТЕЛЬНОЕ УЧРЕЖДЕНИЕ ВОРОНЕЖСКОЙ ОБЛАСТИ ""ВОРОНЕЖСКИЙ ТЕХНИКУМ МОДЫ И ДИЗАЙНА""",профессиональная образовательная организация,3661011254,"394042, ВОРОНЕЖСКАЯ ОБЛАСТЬ, Г. ВОРОНЕЖ, ПЕР. СЕРАФИМОВИЧА, Д.1А","51.6751246, 39.2585672",действующая,13-11-2025,27-05-2002,366101001,1023601562181,22-11-2002,20401000000,20701000001,02508748,2300223,13,85.21,2014,75203,Государственное бюджетное учреждение субъекта Российской Федерации,ГБУ,2014,ДИРЕКТОР,Басаргина Галина Владимировна,0,головная организация
Воронеж,"ГБПОУ ВО ""ВТППП""","ГОСУДАРСТВЕННОЕ БЮДЖЕТНОЕ ПРОФЕССИОНАЛЬНОЕ ОБРАЗОВАТЕЛЬНОЕ УЧРЕЖДЕНИЕ ВОРОНЕЖСКОЙ ОБЛАСТИ ""ВОРОНЕЖСКИЙ ТЕХНИКУМ ПИЩЕВОЙ И ПЕРЕРАБАТЫВАЮЩЕЙ ПРОМЫШЛЕННОСТИ""",профессиональная образовательная организация,3662214232,"394005, ВОРОНЕЖСКАЯ ОБЛАСТЬ, Г. ВОРОНЕЖ, ПР-КТ МОСКОВСКИЙ, Д. 129","51.72775, 39.177452",действующая,15-12-2025,08-09-2015,366201001,1153668048027,08-09-2015,20401000000,20701000001,41207411,2300223,13,85.21,2014,75203,Государственное бюджетное учреждение субъекта Российской Федерации,ГБУ,2014,ДИРЕКТОР,Корыстин Михаил Иванович,1,головная организация
Воронеж,"ГБПОУ ВО ""ВТПСТ""","ГОСУДАРСТВЕННОЕ БЮДЖЕТНОЕ ПРОФЕССИОНАЛЬНОЕ ОБРАЗОВАТЕЛЬНОЕ УЧРЕЖДЕНИЕ ВОРОНЕЖСКОЙ ОБЛАСТИ ""ВОРОНЕЖСКИЙ ТЕХНИКУМ ПРОМЫШЛЕННО-СТРОИТЕЛЬНЫХ ТЕХНОЛОГИЙ""",профессиональная образовательная организация,3663021635,"394074, ВОРОНЕЖСКАЯ ОБЛАСТЬ, Г. ВОРОНЕЖ, УЛ. САВРАСОВА, Д.16","51.610684, 39.231518",действующая,10-02-2025,31-12-1998,366301001,1023601564942,27-11-2002,20401000000,20701000001,02508978,2300223,13,85.21,2014,75203,Государственное бюджетное учреждение субъекта Российской Федерации,ГБУ,2014,ДИРЕКТОР,Поляков Владимир Николаевич,0,головная организация
Воронеж,"ГБПОУ ВО ""ВТСТ""","ГОСУДАРСТВЕННОЕ БЮДЖЕТНОЕ ПРОФЕССИОНАЛЬНОЕ ОБРАЗОВАТЕЛЬНОЕ УЧРЕЖДЕНИЕ ВОРОНЕЖСКОЙ ОБЛАСТИ ""ВОРОНЕЖСКИЙ ТЕХНИКУМ СТРОИТЕЛЬНЫХ ТЕХНОЛОГИЙ""",профессиональная образовательная организация,3666031141,"394000, ВОРОНЕЖСКАЯ ОБЛАСТЬ, Г. ВОРОНЕЖ, ПР-КТ РЕВОЛЮЦИИ, Д.29, --, --","51.6696128, 39.208599",действующая,14-01-2026,01-08-1996,366601001,1023601543514,15-10-2002,20401000000,20701000001,04760601,2300223,13,85.21,2014,75203,Государственное бюджетное учреждение субъекта Российской Федерации,ГБУ,2014,ДИРЕКТОР,Чепрасов Павел Александрович,0,головная организация
Воронеж,"ГБПОУ ВО ""ВЮТ""","ГОСУДАРСТВЕННОЕ БЮДЖЕТНОЕ ПРОФЕССИОНАЛЬНОЕ ОБРАЗОВАТЕЛЬНОЕ УЧРЕЖДЕНИЕ ВОРОНЕЖСКОЙ ОБЛАСТИ ""ВОРОНЕЖСКИЙ ЮРИДИЧЕСКИЙ ТЕХНИКУМ""",профессиональная образовательная организация,3661011335,"394042, ВОРОНЕЖСКАЯ ОБЛАСТЬ, Г. ВОРОНЕЖ, УЛ. ЛЕНИНГРАДСКАЯ, Д.1","51.6736026, 39.2576476",действующая,09-02-2025,03-11-1995,366101001,1033600068787,10-02-2003,20401000000,20701000001,05118999,2300223,13,85.21,2014,75203,Государственное бюджетное учреждение субъекта Российской Федерации,ГБУ,2014,ДИРЕКТОР,Волкова Лариса Владимировна,0,головная организация
Воронеж,"ГБПОУ ВО ""ГПК""","ГОСУДАРСТВЕННОЕ БЮДЖЕТНОЕ ПРОФЕССИОНАЛЬНОЕ ОБРАЗОВАТЕЛЬНОЕ УЧРЕЖДЕНИЕ ВОРОНЕЖСКОЙ ОБЛАСТИ ""ГУБЕРНСКИЙ ПЕДАГОГИЧЕСКИЙ КОЛЛЕДЖ""",профессиональная образовательная организация,3662235296,"394019, ВОРОНЕЖСКАЯ ОБЛАСТЬ, Г. ВОРОНЕЖ, УЛ. ГАЗОВАЯ, Д. 24","51.6785352, 39.1420097",действующая,16-12-2025,11-08-2016,366201001,1163668100386,11-08-2016,20401000000,20701000001,04155018,2300223,13,85.21,2014,75203,Государственное бюджетное учреждение субъекта Российской Федерации,ГБУ,2014,ДИРЕКТОР,Домнич Алексей Владимирович,4,головная организация
Воронеж,"ГБУ ДО ВО ""ЦИКДИМ ""КВАНТОРИУМ""","ГОСУДАРСТВЕННОЕ БЮДЖЕТНОЕ УЧРЕЖДЕНИЕ ДОПОЛНИТЕЛЬНОГО ОБРАЗОВАНИЯ ВОРОНЕЖСКОЙ ОБЛАСТИ ""ЦЕНТР ИНЖЕНЕРНЫХ КОМПЕТЕНЦИЙ ДЕТЕЙ И МОЛОДЕЖИ ""КВАНТОРИУМ""",организация доп. образования,3663025816,"394029, ВОРОНЕЖСКАЯ ОБЛАСТЬ, Г. ВОРОНЕЖ, УЛ. ЩОРСА, Д.164","51.6414437, 39.2343225",действующая,10-02-2025,27-01-1997,366301001,1033600029528,03-02-2003,20401000000,20701000001,45957103,2300223,13,85.41,2014,75203,Государственное бюджетное учреждение субъекта Российской Федерации,ГБУ,2014,ДИРЕКТОР,Фролов Алексей Иванович,1,головная организация
Воронеж,"КОУ ВО ""ВОРОНЕЖСКАЯ ШКОЛА-ИНТЕРНАТ № 6""","КАЗЕННОЕ ОБЩЕОБРАЗОВАТЕЛЬНОЕ УЧРЕЖДЕНИЕ ВОРОНЕЖСКОЙ ОБЛАСТИ ""ВОРОНЕЖСКАЯ ШКОЛА-ИНТЕРНАТ № 6 ДЛЯ ОБУЧАЮЩИХСЯ С ОГРАНИЧЕННЫМИ ВОЗМОЖНОСТЯМИ ЗДОРОВЬЯ""",интернат,3665033442,"394038, ВОРОНЕЖСКАЯ ОБЛАСТЬ, Г. ВОРОНЕЖ, УЛ. КОСМОНАВТОВ, Д. 44","51.6531996, 39.1580385",действующая,24-02-2026,29-10-2001,366501001,1023601583367,23-12-2002,20401000000,20701000001,57721423,2300223,13,85.14,2014,75204,Государственное казенное учреждение субъекта Российской Федерации,ГКУ,2014,ДИРЕКТОР,Лушпаева Римма Сергеевна,0,головная организация
Воронеж,"КОУ ВО ""ВОРОНЕЖСКАЯ ШКОЛА-ИНТЕРНАТ №3 ДЛЯ ОБУЧАЮЩИХСЯ С ОГРАНИЧЕННЫМИ ВОЗМОЖНОСТЯМИ ЗДОРОВЬЯ""","КАЗЕННОЕ ОБЩЕОБРАЗОВАТЕЛЬНОЕ УЧРЕЖДЕНИЕ ВОРОНЕЖСКОЙ ОБЛАСТИ ""ВОРОНЕЖСКАЯ ШКОЛА-ИНТЕРНАТ №3 ДЛЯ ОБУЧАЮЩИХСЯ С ОГРАНИЧЕННЫМИ ВОЗМОЖНОСТЯМИ ЗДОРОВЬЯ""",интернат,3662030122,"394077, ВОРОНЕЖСКАЯ ОБЛАСТЬ, Г ВОРОНЕЖ, УЛ МАРШАЛА ЖУКОВА, Д. 10А","51.714203, 39.1754",действующая,02-12-2025,09-02-1998,366201001,1033600019683,28-01-2003,20401000000,20701000001,41198480,2300223,13,85.14,2014,75204,Государственное казенное учреждение субъекта Российской Федерации,ГКУ,2014,ДИРЕКТОР,Столярова Татьяна Васильевна,0,головная организация
Воронеж,"КОУ ВО ""ВЦППРК""","КАЗЕННОЕ ОБЩЕОБРАЗОВАТЕЛЬНОЕ УЧРЕЖДЕНИЕ ВОРОНЕЖСКОЙ ОБЛАСТИ ""ВОРОНЕЖСКИЙ ЦЕНТР ПСИХОЛОГО-ПЕДАГОГИЧЕСКОЙ РЕАБИЛИТАЦИИ И КОРРЕКЦИИ""",интернат,3661006046,"394063, ВОРОНЕЖСКАЯ ОБЛАСТЬ, Г. ВОРОНЕЖ, УЛ. ПЕРЕВЕРТКИНА, Д. 40","51.6906633, 39.2634077",действующая,10-02-2025,22-12-1995,366101001,1033600066807,10-02-2003,20401000000,20701000001,02082864,2300223,13,85.14,2014,75204,Государственное казенное учреждение субъекта Российской Федерации,ГКУ,2014,ДИРЕКТОР,Игнатова Марина Владимировна,0,головная организация
Воронеж,"КОУ ВО ""ВШ № 31""","КАЗЕННОЕ ОБЩЕОБРАЗОВАТЕЛЬНОЕ УЧРЕЖДЕНИЕ ВОРОНЕЖСКОЙ ОБЛАСТИ ""ВОРОНЕЖСКАЯ ШКОЛА № 31 ДЛЯ ОБУЧАЮЩИХСЯ С ОГРАНИЧЕННЫМИ ВОЗМОЖНОСТЯМИ ЗДОРОВЬЯ""",интернат,3664033619,"394071, ВОРОНЕЖСКАЯ ОБЛАСТЬ, Г. ВОРОНЕЖ, УЛ. ВЕРЫ ФИГНЕР, Д.77","51.6466978, 39.2039269",действующая,03-12-2025,12-02-1998,366401001,1033600004790,14-01-2003,20401000000,20701000001,01508232,2300223,13,85.13,2014,75204,Государственное казенное учреждение субъекта Российской Федерации,ГКУ,2014,ДИРЕКТОР,Коновалова Наталья Ивановна,0,головная организация
Воронеж,"КОУ ВО ""МИХАЙЛОВСКИЙ КАДЕТСКИЙ КОРПУС""","КАЗЕННОЕ ОБЩЕОБРАЗОВАТЕЛЬНОЕ УЧРЕЖДЕНИЕ ВОРОНЕЖСКОЙ ОБЛАСТИ ""МИХАЙЛОВСКИЙ КАДЕТСКИЙ КОРПУС""",интернат,3662107470,"394038, ВОРОНЕЖСКАЯ ОБЛАСТЬ, Г. ВОРОНЕЖ, УЛ. КОСМОНАВТОВ, Д. 44","51.6531996, 39.1580385",действующая,29-07-2025,14-02-2006,366501001,1063667051018,14-02-2006,20401000000,20701000001,94002413,2300223,13,85.13,2014,75204,Государственное казенное учреждение субъекта Российской Федерации,ГКУ,2014,ДИРЕКТОР,Авдеев Валерий Валерьевич,0,головная организация
Воронеж,"КОУ ВО ""ЦЛПДО""","КАЗЕННОЕ ОБЩЕОБРАЗОВАТЕЛЬНОЕ УЧРЕЖДЕНИЕ ВОРОНЕЖСКОЙ ОБЛАСТИ ""ЦЕНТР ЛЕЧЕБНОЙ ПЕДАГОГИКИ И ДИФФЕРЕНЦИРОВАННОГО ОБУЧЕНИЯ""",интернат,3663083720,"394074, ВОРОНЕЖСКАЯ ОБЛАСТЬ, Г. ВОРОНЕЖ, УЛ. САВРАСОВА, Д.2А","51.611212, 39.233849",действующая,17-06-2025,28-10-2010,366301001,1103668034447,28-10-2010,20401000000,20701000001,67605557,2300223,13,85.14,2014,75204,Государственное казенное учреждение субъекта Российской Федерации,ГКУ,2014,Директор,Аверченко Людмила Викторовна,3,головная организация
Воронеж,"КОУ ВО ""ШКОЛА № 1""","КАЗЕННОЕ ОБЩЕОБРАЗОВАТЕЛЬНОЕ УЧРЕЖДЕНИЕ ВОРОНЕЖСКОЙ ОБЛАСТИ ""ШКОЛА № 1""",интернат,3665099965,"394036, ВОРОНЕЖСКАЯ ОБЛАСТЬ, Г. ВОРОНЕЖ, ПР-КТ РЕВОЛЮЦИИ, Д. 20","51.6730389, 39.2098751",действующая,19-02-2026,14-04-2014,366601001,1143668018053,14-04-2014,20401000000,20701000001,26530540,2300223,13,85.13,2014,75204,Государственное казенное учреждение субъекта Российской Федерации,ГКУ,2014,ДИРЕКТОР,Мосолова Галина Ивановна,5,головная организация
Воронеж,"КОУ ВО ""ШКОЛА-ИНТЕРНАТ № 7""","КАЗЕННОЕ ОБЩЕОБРАЗОВАТЕЛЬНОЕ УЧРЕЖДЕНИЕ ВОРОНЕЖСКОЙ ОБЛАСТИ ""ВОРОНЕЖСКАЯ ШКОЛА-ИНТЕРНАТ № 7 ДЛЯ ОБУЧАЮЩИХСЯ С ОГРАНИЧЕННЫМИ ВОЗМОЖНОСТЯМИ ЗДОРОВЬЯ""",интернат,3665036299,"394065, ВОРОНЕЖСКАЯ ОБЛАСТЬ, Г ВОРОНЕЖ, ПР-КТ ПАТРИОТОВ, Д. 7, -","51.641535, 39.142903",действующая,22-07-2025,22-06-1998,366501001,1033600007814,20-01-2003,20401000000,20701000001,05208260,2300223,13,85.12,2014,75204,Государственное казенное учреждение субъекта Российской Федерации,ГКУ,2014,ДИРЕКТОР,Глумскова Лариса Ивановна,0,головная организация
Воронеж,"МБДОУ ""ДЕТСКИЙ САД № 106""","МУНИЦИПАЛЬНОЕ БЮДЖЕТНОЕ ДОШКОЛЬНОЕ ОБРАЗОВАТЕЛЬНОЕ УЧРЕЖДЕНИЕ ""ДЕТСКИЙ САД № 106""",дошкольное образование,3665035231,"394019, ВОРОНЕЖСКАЯ ОБЛАСТЬ, Г. ВОРОНЕЖ, УЛ. СЕМИЛУКСКАЯ, Д.34","51.6754987, 39.1376297",действующая,03-02-2025,29-06-1998,366501001,1033600038735,06-02-2003,20401000000,20701000001,47804881,4210007,14,85.11,2014,75403,Муниципальное бюджетное учреждение,МБУ,2014,ЗАВЕДУЮЩИЙ,Башмакова Юлия Сергеевна,0,головная организация
Воронеж,"МБДОУ ""ДЕТСКИЙ САД № 107""","МУНИЦИПАЛЬНОЕ БЮДЖЕТНОЕ ДОШКОЛЬНОЕ ОБРАЗОВАТЕЛЬНОЕ УЧРЕЖДЕНИЕ ""ДЕТСКИЙ САД № 107""",дошкольное образование,3662050739,"394019, ВОРОНЕЖСКАЯ ОБЛАСТЬ, Г. ВОРОНЕЖ, УЛ. 9 ЯНВАРЯ, Д.122","51.671054, 39.160285",действующая,05-09-2025,25-12-2001,366201001,1033600039714,06-02-2003,20401000000,20701000001,49750824,4210007,14,85.11,2014,75403,Муниципальное бюджетное учреждение,МБУ,2014,ЗАВЕДУЮЩИЙ,Кошелева Ольга Вячеславна,0,головная организация
Воронеж,"МБДОУ ""ДЕТСКИЙ САД № 119""","МУНИЦИПАЛЬНОЕ БЮДЖЕТНОЕ ДОШКОЛЬНОЕ ОБРАЗОВАТЕЛЬНОЕ УЧРЕЖДЕНИЕ ""ДЕТСКИЙ САД № 119""",дошкольное образование,3665065476,"394070, ВОРОНЕЖСКАЯ ОБЛАСТЬ, Г. ВОРОНЕЖ, УЛ. ТЕПЛИЧНАЯ, Д.18","51.6248686, 39.0703654",действующая,13-02-2025,12-10-2007,366501001,1073668006389,12-10-2007,20401000000,20701000001,81951817,4210007,14,85.11,2014,75403,Муниципальное бюджетное учреждение,МБУ,2014,ЗАВЕДУЮЩАЯ,Конева Надежда Викторовна,0,головная организация
Воронеж,"МБДОУ ""ДЕТСКИЙ САД № 13""","МУНИЦИПАЛЬНОЕ БЮДЖЕТНОЕ ДОШКОЛЬНОЕ ОБРАЗОВАТЕЛЬНОЕ УЧРЕЖДЕНИЕ ""ДЕТСКИЙ САД № 13""",дошкольное образование,3666099527,"394036, ВОРОНЕЖСКАЯ ОБЛАСТЬ, Г. ВОРОНЕЖ, УЛ. ОЛЬМИНСКОГО, Д. 28","51.6718815, 39.2180802",действующая,10-02-2025,27-06-2002,366601001,1033600037910,06-02-2003,20401000000,20701000001,31263650,4210007,14,85.11,2014,75403,Муниципальное бюджетное учреждение,МБУ,2014,ЗАВЕДУЮЩИЙ,Ткачева Ирина Ивановна,0,головная организация
Воронеж,"МБДОУ ""ДЕТСКИЙ САД № 149""","МУНИЦИПАЛЬНОЕ БЮДЖЕТНОЕ ДОШКОЛЬНОЕ ОБРАЗОВАТЕЛЬНОЕ УЧРЕЖДЕНИЕ ""ДЕТСКИЙ САД № 149""",дошкольное образование,3662140301,"394077, ВОРОНЕЖСКАЯ ОБЛАСТЬ, Г. ВОРОНЕЖ, УЛ. ХОЛЬЗУНОВА, Д.56","51.703773, 39.178287",действующая,10-02-2025,30-12-2008,366201001,1083668056009,30-12-2008,20401000000,20701000001,89712561,4210007,14,85.11,2014,75403,Муниципальное бюджетное учреждение,МБУ,2014,ЗАВЕДУЮЩАЯ,Котлярова Ирина Александровна,0,головная организация
Воронеж,"МБДОУ ""ДЕТСКИЙ САД № 15""","МУНИЦИПАЛЬНОЕ БЮДЖЕТНОЕ ДОШКОЛЬНОЕ ОБРАЗОВАТЕЛЬНОЕ УЧРЕЖДЕНИЕ ""ДЕТСКИЙ САД № 15""",дошкольное образование,3662047091,"394061, ВОРОНЕЖСКАЯ ОБЛАСТЬ, Г. ВОРОНЕЖ, ПР-КТ ТРУДА, Д.31","51.682805, 39.193367",действующая,09-02-2025,30-06-1997,366201001,1023601561610,21-11-2002,20401000000,20701000001,45970948,4210007,14,85.11,2014,75403,Муниципальное бюджетное учреждение,МБУ,2014,Заведующая,Глебова Светлана Викторовна,0,головная организация
Воронеж,"МБДОУ ""ДЕТСКИЙ САД № 19""","МУНИЦИПАЛЬНОЕ БЮДЖЕТНОЕ ДОШКОЛЬНОЕ ОБРАЗОВАТЕЛЬНОЕ УЧРЕЖДЕНИЕ ""ДЕТСКИЙ САД № 19""",дошкольное образование,3661027448,"394011, ВОРОНЕЖСКАЯ ОБЛАСТЬ, Г. ВОРОНЕЖ, УЛ. СОСНОВАЯ, Д.26Д","51.7378186, 39.3641665",действующая,06-02-2025,08-10-2003,366101001,1033600135876,08-10-2003,20401000000,20701000001,70713262,4210007,14,85.11,2014,75403,Муниципальное бюджетное учреждение,МБУ,2014,ЗАВЕДУЮЩИЙ,Васильева Ольга Васильевна,0,головная организация
Воронеж,"МБДОУ ""ДЕТСКИЙ САД № 192""","МУНИЦИПАЛЬНОЕ БЮДЖЕТНОЕ ДОШКОЛЬНОЕ ОБРАЗОВАТЕЛЬНОЕ УЧРЕЖДЕНИЕ ""ДЕТСКИЙ САД № 192""",дошкольное образование,3663036649,"394008, ВОРОНЕЖСКАЯ ОБЛАСТЬ, Г ВОРОНЕЖ, УЛ АЗОВСКАЯ, Д. 22А","51.617939, 39.250852",действующая,07-12-2025,29-05-2001,366301001,1023601572048,06-12-2002,20401000000,20701000001,56460274,4210007,14,85.11,2014,75403,Муниципальное бюджетное учреждение,МБУ,2014,ЗАВЕДУЮЩАЯ,Малявина Анна Витальевна,0,головная организация
Воронеж,"МБДОУ ""ДЕТСКИЙ САД № 3""","МУНИЦИПАЛЬНОЕ БЮДЖЕТНОЕ ДОШКОЛЬНОЕ ОБРАЗОВАТЕЛЬНОЕ УЧРЕЖДЕНИЕ ""ДЕТСКИЙ САД № 3""",дошкольное образование,3665034238,"394040, ВОРОНЕЖСКАЯ ОБЛАСТЬ, Г ВОРОНЕЖ, УЛ ЗАЩИТНИКОВ РОДИНЫ, Д. 3","51.685364, 39.0767169",действующая,27-07-2025,10-04-1998,366501001,1033600034930,05-02-2003,20401000000,20701000001,01968608,4210007,14,85.11,2014,75403,Муниципальное бюджетное учреждение,МБУ,2014,ЗАВЕДУЮЩИЙ,Полянская Елена Дмитриевна,0,головная организация
Воронеж,"МБДОУ ""ДЕТСКИЙ САД № 43""","МУНИЦИПАЛЬНОЕ БЮДЖЕТНОЕ ДОШКОЛЬНОЕ ОБРАЗОВАТЕЛЬНОЕ УЧРЕЖДЕНИЕ ""ДЕТСКИЙ САД № 43""",дошкольное образование,3661041851,"394063, ВОРОНЕЖСКАЯ ОБЛАСТЬ, Г. ВОРОНЕЖ, УЛ. ПЕРЕВЕРТКИНА, Д.50","51.6928518, 39.2644383",действующая,06-02-2025,14-11-2007,366101001,1073668010140,14-11-2007,20401000000,20701000001,83626754,4210007,14,85.11,2014,75403,Муниципальное бюджетное учреждение,МБУ,2014,Заведующий,Иванова Анжелика Геннадиевна,0,головная организация
Воронеж,"МБДОУ ""ДЕТСКИЙ САД № 51""","МУНИЦИПАЛЬНОЕ БЮДЖЕТНОЕ ДОШКОЛЬНОЕ ОБРАЗОВАТЕЛЬНОЕ УЧРЕЖДЕНИЕ ""ДЕТСКИЙ САД № 51""",дошкольное образование,3662159006,"394020, ВОРОНЕЖСКАЯ ОБЛАСТЬ, Г. ВОРОНЕЖ, УЛ. ЖЕМЧУЖНАЯ, Д.3","51.679811, 39.13436",действующая,08-02-2025,17-11-2010,366201001,1103668036779,17-11-2010,20401000000,20701000001,67607846,4210007,14,85.11,2014,75403,Муниципальное бюджетное учреждение,МБУ,2014,ЗАВЕДУЮЩАЯ,Беляева Людмила Владимировна,0,головная организация
Воронеж,"МБДОУ ""ДЕТСКИЙ САД № 57""","МУНИЦИПАЛЬНОЕ БЮДЖЕТНОЕ ДОШКОЛЬНОЕ ОБРАЗОВАТЕЛЬНОЕ УЧРЕЖДЕНИЕ ""ДЕТСКИЙ САД № 57""",дошкольное образование,3661016647,"394010, ВОРОНЕЖСКАЯ ОБЛАСТЬ, Г. ВОРОНЕЖ, УЛ. АРТАМОНОВА, Д. 30","51.71898, 39.270472",действующая,10-02-2025,17-12-1996,366101001,1033600004789,14-01-2003,20401000000,20701000001,45955073,4210007,14,85.11,2014,75403,Муниципальное бюджетное учреждение,МБУ,2014,ЗАВЕДУЮЩАЯ,Сакулина Анна Юрьевна,0,головная организация
Воронеж,"МБДОУ ""ДЕТСКИЙ САД № 59""","МУНИЦИПАЛЬНОЕ БЮДЖЕТНОЕ ДОШКОЛЬНОЕ ОБРАЗОВАТЕЛЬНОЕ УЧРЕЖДЕНИЕ ""ДЕТСКИЙ САД № 59""",дошкольное образование,3662050337,"394024, ВОРОНЕЖСКАЯ ОБЛАСТЬ, Г. ВОРОНЕЖ, УЛ. 45 СТРЕЛКОВОЙ ДИВИЗИИ, Д.26","51.692497, 39.206405",действующая,13-02-2025,14-05-1998,366201001,1033600022664,29-01-2003,20401000000,20701000001,49756175,4210007,14,85.11,2014,75403,Муниципальное бюджетное учреждение,МБУ,2014,ЗАВЕДУЮЩАЯ,Рязанцева Людмила Михайловна,0,головная организация
Воронеж,"МБДОУ ""ДЕТСКИЙ САД № 68""","МУНИЦИПАЛЬНОЕ БЮДЖЕТНОЕ ДОШКОЛЬНОЕ ОБРАЗОВАТЕЛЬНОЕ УЧРЕЖДЕНИЕ ""ДЕТСКИЙ САД № 68""",дошкольное образование,3663085237,"394029, ВОРОНЕЖСКАЯ ОБЛАСТЬ, Г. ВОРОНЕЖ, УЛ. ГЕРОЕВ СТРАТОСФЕРЫ, Д.11 А","51.6359581, 39.2417849",действующая,16-12-2025,16-02-2011,366301001,1113668007067,16-02-2011,20401000000,20701000001,69499102,4210007,14,85.11,2014,75403,Муниципальное бюджетное учреждение,МБУ,2014,ЗАВЕДУЮЩАЯ,Трухачева Оксана Николаевна,0,головная организация
Воронеж,"МБДОУ ""ДЕТСКИЙ САД № 69""","МУНИЦИПАЛЬНОЕ БЮДЖЕТНОЕ ДОШКОЛЬНОЕ ОБРАЗОВАТЕЛЬНОЕ УЧРЕЖДЕНИЕ ""ДЕТСКИЙ САД № 69""",дошкольное образование,3661024951,"394050, ВОРОНЕЖСКАЯ ОБЛАСТЬ, Г. ВОРОНЕЖ, УЛ. ПОПОВА, Д.2","51.7452932, 39.3212106",действующая,07-02-2025,13-09-2002,366101001,1023601532866,13-09-2002,20401000000,20701000001,59561337,4210007,14,85.11,2014,75403,Муниципальное бюджетное учреждение,МБУ,2014,ЗАВЕДУЮЩИЙ,Никитина Елена Валентиновна,0,головная организация
Воронеж,"МБДОУ ""ДЕТСКИЙ САД № 70""","МУНИЦИПАЛЬНОЕ БЮДЖЕТНОЕ ДОШКОЛЬНОЕ ОБРАЗОВАТЕЛЬНОЕ УЧРЕЖДЕНИЕ ""ДЕТСКИЙ САД № 70""",дошкольное образование,3661005797,"394038, ВОРОНЕЖСКАЯ ОБЛАСТЬ, Г ВОРОНЕЖ, УЛ ПЕШЕ-СТРЕЛЕЦКАЯ, Д. 68","51.6622654, 39.154551",действующая,22-08-2025,11-11-1996,366501001,1033600007704,20-01-2003,20401000000,20701000001,44748231,4210007,14,85.11,2014,75403,Муниципальное бюджетное учреждение,МБУ,2014,ЗАВЕДУЮЩИЙ,Потапова Светлана Николаевна,0,головная организация
Воронеж,"МБДОУ ""ДЕТСКИЙ САД № 97""","МУНИЦИПАЛЬНОЕ БЮДЖЕТНОЕ ДОШКОЛЬНОЕ ОБРАЗОВАТЕЛЬНОЕ УЧРЕЖДЕНИЕ ""ДЕТСКИЙ САД № 97""",дошкольное образование,3665033026,"394019, ВОРОНЕЖСКАЯ ОБЛАСТЬ, Г. ВОРОНЕЖ, УЛ. 9 ЯНВАРЯ, Д.157/4","51.673746, 39.145831",действующая,14-04-2025,21-09-2001,366501001,1033600031684,04-02-2003,20401000000,20701000001,57717389,4210007,14,85.11,2014,75403,Муниципальное бюджетное учреждение,МБУ,2014,ЗАВЕДУЮЩИЙ,Спирина Елена Алексеевна,0,головная организация
Воронеж,"МБДОУ ""ДЕТСКИЙ САД КОМБИНИРОВАННОГО ВИДА № 11""","МУНИЦИПАЛЬНОЕ БЮДЖЕТНОЕ ДОШКОЛЬНОЕ ОБРАЗОВАТЕЛЬНОЕ УЧРЕЖДЕНИЕ ""ДЕТСКИЙ САД КОМБИНИРОВАННОГО ВИДА № 11""",дошкольное образование,3661016566,"394080, ВОРОНЕЖСКАЯ ОБЛАСТЬ, Г. ВОРОНЕЖ, УЛ. ЗАПОВЕДНАЯ, Д.8","51.8796315, 39.5867492",действующая,05-02-2025,16-12-1996,366101001,1033600011730,22-01-2003,20401000000,20701000001,45953246,4210007,14,85.11,2014,75403,Муниципальное бюджетное учреждение,МБУ,2014,ЗАВЕДУЮЩАЯ,Данилова Елена Анатольевна,0,головная организация
Воронеж,"МБДОУ ""ДЕТСКИЙ САД КОМБИНИРОВАННОГО ВИДА № 122""","МУНИЦИПАЛЬНОЕ БЮДЖЕТНОЕ ДОШКОЛЬНОЕ ОБРАЗОВАТЕЛЬНОЕ УЧРЕЖДЕНИЕ ""ДЕТСКИЙ САД КОМБИНИРОВАННОГО ВИДА № 122""",дошкольное образование,3665035104,"394065, ВОРОНЕЖСКАЯ ОБЛАСТЬ, Г. ВОРОНЕЖ, УЛ. КОСМОНАВТА КОМАРОВА, Д.9, -, -","51.6505656, 39.1233653",действующая,13-02-2025,10-04-1998,366501001,1033600023577,30-01-2003,20401000000,20701000001,10605266,4210007,14,85.11,2014,75403,Муниципальное бюджетное учреждение,МБУ,2014,ЗАВЕДУЮЩИЙ,Головина Татьяна Алексеевна,0,головная организация
Воронеж,"МБДОУ ""ДЕТСКИЙ САД КОМБИНИРОВАННОГО ВИДА № 143""","МУНИЦИПАЛЬНОЕ БЮДЖЕТНОЕ ДОШКОЛЬНОЕ ОБРАЗОВАТЕЛЬНОЕ УЧРЕЖДЕНИЕ ""ДЕТСКИЙ САД КОМБИНИРОВАННОГО ВИДА № 143""",дошкольное образование,3664033792,"394055, ВОРОНЕЖСКАЯ ОБЛАСТЬ, Г. ВОРОНЕЖ, УЛ. МОИСЕЕВА, Д.27","51.6514249, 39.1818977",действующая,06-02-2025,10-12-2001,366401001,1023601575590,15-12-2002,20401000000,20701000001,57706027,4210007,14,85.11,2014,75403,Муниципальное бюджетное учреждение,МБУ,2014,ЗАВЕДУЮЩАЯ,Грезина Елена Сергеевна,0,головная организация
Воронеж,"МБДОУ ""ДЕТСКИЙ САД КОМБИНИРОВАННОГО ВИДА № 153""","МУНИЦИПАЛЬНОЕ БЮДЖЕТНОЕ ДОШКОЛЬНОЕ ОБРАЗОВАТЕЛЬНОЕ УЧРЕЖДЕНИЕ ""ДЕТСКИЙ САД КОМБИНИРОВАННОГО ВИДА № 153""",дошкольное образование,3662153117,"394053, ВОРОНЕЖСКАЯ ОБЛАСТЬ, Г. ВОРОНЕЖ, УЛ. ХОЛЬЗУНОВА, Д.86","51.702819, 39.155758",действующая,02-02-2025,16-04-2010,366201001,1103668013701,16-04-2010,20401000000,20701000001,65649556,4210007,14,85.11,2014,75403,Муниципальное бюджетное учреждение,МБУ,2014,ЗАВЕДУЮЩАЯ,Канищева Татьяна Юрьевна,0,головная организация
Воронеж,"МБДОУ ""ДЕТСКИЙ САД КОМБИНИРОВАННОГО ВИДА № 158""","МУНИЦИПАЛЬНОЕ БЮДЖЕТНОЕ ДОШКОЛЬНОЕ ОБРАЗОВАТЕЛЬНОЕ УЧРЕЖДЕНИЕ ""ДЕТСКИЙ САД КОМБИНИРОВАННОГО ВИДА № 158""",дошкольное образование,3662050577,"394026, ВОРОНЕЖСКАЯ ОБЛАСТЬ, Г. ВОРОНЕЖ, УЛ. ЭЛЕКТРОСИГНАЛЬНАЯ, Д.18","51.6858677, 39.1796935",действующая,12-01-2025,25-03-1998,366201001,1033600055796,09-02-2003,20401000000,20701000001,01715008,4210007,14,85.11,2014,75403,Муниципальное бюджетное учреждение,МБУ,2014,ЗАВЕДУЮЩАЯ,Гамаюнова Ирина Николаевна,0,головная организация
Воронеж,"МБДОУ ""ДЕТСКИЙ САД КОМБИНИРОВАННОГО ВИДА № 16""","МУНИЦИПАЛЬНОЕ БЮДЖЕТНОЕ ДОШКОЛЬНОЕ ОБРАЗОВАТЕЛЬНОЕ УЧРЕЖДЕНИЕ ""ДЕТСКИЙ САД КОМБИНИРОВАННОГО ВИДА № 16""",дошкольное образование,3663060680,"394007, ВОРОНЕЖСКАЯ ОБЛАСТЬ, Г. ВОРОНЕЖ, ПР-КТ ЛЕНИНСКИЙ, Д.116/2","51.6699027, 39.2538374",действующая,09-02-2025,25-07-2006,366301001,1063667246180,25-07-2006,20401000000,20701000001,95880340,4210007,14,85.11,2014,75403,Муниципальное бюджетное учреждение,МБУ,2014,ЗАВЕДУЮЩИЙ,Лесных Наталия Николаевна,0,головная организация
Воронеж,"МБДОУ ""ДЕТСКИЙ САД КОМБИНИРОВАННОГО ВИДА № 174""","МУНИЦИПАЛЬНОЕ БЮДЖЕТНОЕ ДОШКОЛЬНОЕ ОБРАЗОВАТЕЛЬНОЕ УЧРЕЖДЕНИЕ ""ДЕТСКИЙ САД КОМБИНИРОВАННОГО ВИДА № 174""",дошкольное образование,3664033672,"394055, ВОРОНЕЖСКАЯ ОБЛАСТЬ, Г. ВОРОНЕЖ, УЛ. МОИСЕЕВА, Д.53","51.65033, 39.178654",действующая,06-02-2025,03-06-1998,366401001,1023602242674,20-08-2002,20401000000,20701000001,57706435,4210007,14,85.11,2014,75403,Муниципальное бюджетное учреждение,МБУ,2014,ЗАВЕДУЮЩАЯ,Быкова Марина Валерьевна,0,головная организация
Воронеж,"МБДОУ ""ДЕТСКИЙ САД КОМБИНИРОВАННОГО ВИДА № 178""","МУНИЦИПАЛЬНОЕ БЮДЖЕТНОЕ ДОШКОЛЬНОЕ ОБРАЗОВАТЕЛЬНОЕ УЧРЕЖДЕНИЕ ""ДЕТСКИЙ САД КОМБИНИРОВАННОГО ВИДА № 178""",дошкольное образование,3664033665,"394071, ВОРОНЕЖСКАЯ ОБЛАСТЬ, Г. ВОРОНЕЖ, ПЕР. БАЛТИЙСКИЙ, Д.76","51.6463565, 39.193508",действующая,13-02-2025,03-06-1998,366401001,1023602243246,26-08-2002,20401000000,20701000001,49752734,4210007,14,85.11,2014,75403,Муниципальное бюджетное учреждение,МБУ,2014,ЗАВЕДУЮЩИЙ,Костырева Татьяна Владимировна,0,головная организация
Воронеж,"МБДОУ ""ДЕТСКИЙ САД КОМБИНИРОВАННОГО ВИДА № 180""","МУНИЦИПАЛЬНОЕ БЮДЖЕТНОЕ ДОШКОЛЬНОЕ ОБРАЗОВАТЕЛЬНОЕ УЧРЕЖДЕНИЕ ""ДЕТСКИЙ САД КОМБИНИРОВАННОГО ВИДА № 180""",дошкольное образование,3663085244,"394028, ВОРОНЕЖСКАЯ ОБЛАСТЬ, Г. ВОРОНЕЖ, УЛ. ТУПОЛЕВА, Д.4","51.6438356, 39.2722125",действующая,12-02-2025,16-02-2011,366301001,1113668007078,16-02-2011,20401000000,20701000001,69499119,4210007,14,85.11,2014,75403,Муниципальное бюджетное учреждение,МБУ,2014,ЗАВЕДУЮЩАЯ,Крыгина Наталья Сергейвна,0,головная организация
Воронеж,"МБДОУ ""ДЕТСКИЙ САД КОМБИНИРОВАННОГО ВИДА № 20""","МУНИЦИПАЛЬНОЕ БЮДЖЕТНОЕ ДОШКОЛЬНОЕ ОБРАЗОВАТЕЛЬНОЕ УЧРЕЖДЕНИЕ ""ДЕТСКИЙ САД КОМБИНИРОВАННОГО ВИДА № 20""",дошкольное образование,3664033778,"394006, ВОРОНЕЖСКАЯ ОБЛАСТЬ, Г. ВОРОНЕЖ, УЛ. КРАСНОАРМЕЙСКАЯ, Д.17А","51.6542436, 39.191318",действующая,14-03-2025,27-05-1998,366401001,1023602242256,16-08-2002,20401000000,20701000001,56462867,4210007,14,85.11,2014,75403,Муниципальное бюджетное учреждение,МБУ,2014,ЗАВЕДУЮЩИЙ,Ключникова Лилия Георгиевна,0,головная организация
Воронеж,"МБДОУ ""ДЕТСКИЙ САД КОМБИНИРОВАННОГО ВИДА № 29""","МУНИЦИПАЛЬНОЕ БЮДЖЕТНОЕ ДОШКОЛЬНОЕ ОБРАЗОВАТЕЛЬНОЕ УЧРЕЖДЕНИЕ ""ДЕТСКИЙ САД КОМБИНИРОВАННОГО ВИДА № 29""",дошкольное образование,3662135020,"394019, ВОРОНЕЖСКАЯ ОБЛАСТЬ, Г ВОРОНЕЖ, УЛ ТОРПЕДО, Д. 31А","51.678309, 39.152075",действующая,09-02-2025,16-06-2008,366201001,1083668023658,16-06-2008,20401000000,20701000001,85984663,4210007,14,85.11,2014,75403,Муниципальное бюджетное учреждение,МБУ,2014,ЗАВЕДУЮЩИЙ,Махиня Елена Николаевна,0,головная организация
Воронеж,"МБДОУ ""ДЕТСКИЙ САД КОМБИНИРОВАННОГО ВИДА № 33""","МУНИЦИПАЛЬНОЕ БЮДЖЕТНОЕ ДОШКОЛЬНОЕ ОБРАЗОВАТЕЛЬНОЕ УЧРЕЖДЕНИЕ ""ДЕТСКИЙ САД КОМБИНИРОВАННОГО ВИДА № 33""",дошкольное образование,3666051211,"394043, ВОРОНЕЖСКАЯ ОБЛАСТЬ, Г. ВОРОНЕЖ, УЛ. ЛЕНИНА, Д.65","51.685141, 39.217885",действующая,06-02-2025,04-03-1999,366601001,1023601573654,09-12-2002,20401000000,20701000001,49756212,4210007,14,85.11,2014,75403,Муниципальное бюджетное учреждение,МБУ,2014,ЗАВЕДУЮЩАЯ,Макаренко Наталья Сергеевна,0,головная организация
Воронеж,"МБДОУ ""ДЕТСКИЙ САД КОМБИНИРОВАННОГО ВИДА № 42""","МУНИЦИПАЛЬНОЕ БЮДЖЕТНОЕ ДОШКОЛЬНОЕ ОБРАЗОВАТЕЛЬНОЕ УЧРЕЖДЕНИЕ ""ДЕТСКИЙ САД КОМБИНИРОВАННОГО ВИДА № 42""",дошкольное образование,3663068873,"394028, ВОРОНЕЖСКАЯ ОБЛАСТЬ, Г. ВОРОНЕЖ, УЛ. ТУПОЛЕВА, Д.13А","51.641373, 39.273724",действующая,07-02-2025,17-10-2007,366301001,1073668007027,17-10-2007,20401000000,20701000001,83625387,4210007,14,85.11,2014,75403,Муниципальное бюджетное учреждение,МБУ,2014,заведующий,Медведева Яна Викторовна,0,головная организация
Воронеж,"МБДОУ ""ДЕТСКИЙ САД КОМБИНИРОВАННОГО ВИДА № 61""","МУНИЦИПАЛЬНОЕ БЮДЖЕТНОЕ ДОШКОЛЬНОЕ ОБРАЗОВАТЕЛЬНОЕ УЧРЕЖДЕНИЕ ""ДЕТСКИЙ САД КОМБИНИРОВАННОГО ВИДА № 61""",дошкольное образование,3666080149,"394043, ВОРОНЕЖСКАЯ ОБЛАСТЬ, Г. ВОРОНЕЖ, УЛ. БЕРЕЗОВАЯ РОЩА, Д.38","51.6995613, 39.225662",действующая,13-02-2025,28-06-1999,366601001,1023601568176,02-12-2002,20401000000,20701000001,51715982,4210007,14,85.11,2014,75403,Муниципальное бюджетное учреждение,МБУ,2014,ЗАВЕДУЮЩАЯ,Алемасова Наталия Анатольевна,0,головная организация
Воронеж,"МБДОУ ""ДЕТСКИЙ САД КОМБИНИРОВАННОГО ВИДА № 63""","МУНИЦИПАЛЬНОЕ БЮДЖЕТНОЕ ДОШКОЛЬНОЕ ОБРАЗОВАТЕЛЬНОЕ УЧРЕЖДЕНИЕ ""ДЕТСКИЙ САД КОМБИНИРОВАННОГО ВИДА № 63""",дошкольное образование,3665034862,"394038, ВОРОНЕЖСКАЯ ОБЛАСТЬ, Г. ВОРОНЕЖ, Б-Р ПИОНЕРОВ, Д.18","51.6563793, 39.1500213",действующая,08-02-2025,06-08-1998,366501001,1033600020354,28-01-2003,20401000000,20701000001,10590994,4210007,14,85.11,2014,75403,Муниципальное бюджетное учреждение,МБУ,2014,Заведующая,Козычева Людмила Николаевна,0,головная организация
Воронеж,"МБДОУ ""ДЕТСКИЙ САД КОМБИНИРОВАННОГО ВИДА № 71""","МУНИЦИПАЛЬНОЕ БЮДЖЕТНОЕ ДОШКОЛЬНОЕ ОБРАЗОВАТЕЛЬНОЕ УЧРЕЖДЕНИЕ ""ДЕТСКИЙ САД КОМБИНИРОВАННОГО ВИДА № 71""",дошкольное образование,3663030051,"394090, ВОРОНЕЖСКАЯ ОБЛАСТЬ, Г. ВОРОНЕЖ, УЛ. ЧЕБЫШЕВА, Д.2Б","51.600205, 39.2571665",действующая,04-02-2025,15-03-1999,366301001,1023601577010,15-12-2002,20401000000,20701000001,49755394,4210007,14,85.11,2014,75403,Муниципальное бюджетное учреждение,МБУ,2014,ЗАВЕДУЮЩИЙ,Рябикина Татьяна Викторовна,0,головная организация
Воронеж,"МБДОУ ""ДЕТСКИЙ САД КОМБИНИРОВАННОГО ВИДА № 77""","МУНИЦИПАЛЬНОЕ БЮДЖЕТНОЕ ДОШКОЛЬНОЕ ОБРАЗОВАТЕЛЬНОЕ УЧРЕЖДЕНИЕ ""ДЕТСКИЙ САД КОМБИНИРОВАННОГО ВИДА № 77""",дошкольное образование,3664127730,"394006, ВОРОНЕЖСКАЯ ОБЛАСТЬ, Г. ВОРОНЕЖ, УЛ. ЧЕЛЮСКИНЦЕВ, Д. 132","51.6505637, 39.1907395",действующая,29-04-2025,25-07-2013,366401001,1133668033861,25-07-2013,20401000000,20701000001,22792042,4210007,14,85.11,2014,75403,Муниципальное бюджетное учреждение,МБУ,2014,ЗАВЕДУЮЩАЯ,Торикова Елена Ивановна,0,головная организация
Воронеж,"МБДОУ ""ДЕТСКИЙ САД КОМБИНИРОВАННОГО ВИДА № 82""","МУНИЦИПАЛЬНОЕ БЮДЖЕТНОЕ ДОШКОЛЬНОЕ ОБРАЗОВАТЕЛЬНОЕ УЧРЕЖДЕНИЕ ""ДЕТСКИЙ САД КОМБИНИРОВАННОГО ВИДА № 82""",дошкольное образование,3663036014,"394002, ВОРОНЕЖСКАЯ ОБЛАСТЬ, Г. ВОРОНЕЖ, УЛ. ДИМИТРОВА, Д.128","51.6475062, 39.3017389",действующая,10-02-2025,29-03-2001,366301001,1023601569342,03-12-2002,20401000000,20701000001,56453914,4210007,14,85.11,2014,75403,Муниципальное бюджетное учреждение,МБУ,2014,Заведующая,Клюшникова Марина Викторовна,0,головная организация
Воронеж,"МБДОУ ""ДЕТСКИЙ САД КОМБИНИРОВАННОГО ВИДА № 86""","МУНИЦИПАЛЬНОЕ БЮДЖЕТНОЕ ДОШКОЛЬНОЕ ОБРАЗОВАТЕЛЬНОЕ УЧРЕЖДЕНИЕ ""ДЕТСКИЙ САД КОМБИНИРОВАННОГО ВИДА № 86""",дошкольное образование,3664033785,"394006, ВОРОНЕЖСКАЯ ОБЛАСТЬ, Г. ВОРОНЕЖ, УЛ. КРАСНОАРМЕЙСКАЯ, Д.33/11","51.658728, 39.1828682",действующая,04-02-2025,27-05-1998,366401001,1023601576569,15-12-2002,20401000000,20701000001,57706464,4210007,14,85.11,2014,75403,Муниципальное бюджетное учреждение,МБУ,2014,ЗАВЕДУЮЩИЙ,Фомина Светлана Геннадьевна,0,головная организация
Воронеж,"МБДОУ ""ДЕТСКИЙ САД КОМБИНИРОВАННОГО ВИДА № 88""","МУНИЦИПАЛЬНОЕ БЮДЖЕТНОЕ ДОШКОЛЬНОЕ ОБРАЗОВАТЕЛЬНОЕ УЧРЕЖДЕНИЕ ""ДЕТСКИЙ САД КОМБИНИРОВАННОГО ВИДА № 88""",дошкольное образование,3663060673,"394028, ВОРОНЕЖСКАЯ ОБЛАСТЬ, Г. ВОРОНЕЖ, УЛ. БАРРИКАДНАЯ, Д.43","51.6358989, 39.2671492",действующая,04-02-2025,25-07-2006,366301001,1063667246213,25-07-2006,20401000000,20701000001,95880334,4210007,14,85.11,2014,75403,Муниципальное бюджетное учреждение,МБУ,2014,ЗАВЕДУЮЩАЯ,Бокова Наталия Юрьевна,0,головная организация
Воронеж,"МБДОУ ""ДЕТСКИЙ САД КОМБИНИРОВАННОГО ВИДА № 95""","МУНИЦИПАЛЬНОЕ БЮДЖЕТНОЕ ДОШКОЛЬНОЕ ОБРАЗОВАТЕЛЬНОЕ УЧРЕЖДЕНИЕ ""ДЕТСКИЙ САД КОМБИНИРОВАННОГО ВИДА № 95""",дошкольное образование,3663030284,"394008, ВОРОНЕЖСКАЯ ОБЛАСТЬ, Г ВОРОНЕЖ, УЛ ВОЛГО-ДОНСКАЯ, Д. 38","51.6119076, 39.2517739",действующая,10-02-2025,21-06-2002,366301001,1033600015228,24-01-2003,20401000000,20701000001,49748365,4210007,14,85.11,2014,75403,Муниципальное бюджетное учреждение,МБУ,2014,ЗАВЕДУЮЩИЙ,Мазаева Марина Александровна,0,головная организация
Воронеж,"МБДОУ ""ДЕТСКИЙ САД КОМБИНИРОВАННОГО ВИДА № 98""","МУНИЦИПАЛЬНОЕ БЮДЖЕТНОЕ ДОШКОЛЬНОЕ ОБРАЗОВАТЕЛЬНОЕ УЧРЕЖДЕНИЕ ""ДЕТСКИЙ САД КОМБИНИРОВАННОГО ВИДА № 98""",дошкольное образование,3664033834,"394006, ВОРОНЕЖСКАЯ ОБЛАСТЬ, Г. ВОРОНЕЖ, УЛ. КУЦЫГИНА, Д.30","51.6615823, 39.1848689",действующая,14-04-2025,27-05-1998,366401001,1023601566515,29-11-2002,20401000000,20701000001,56463002,4210007,14,85.11,2014,75403,Муниципальное бюджетное учреждение,МБУ,2014,ЗАВЕДУЮЩАЯ,Широбокова Софья Вячеславовна,0,головная организация
Воронеж,"МБДОУ ""ДЕТСКИЙ САД КОМБИНИРОВАННОГО ВИДА №109""","МУНИЦИПАЛЬНОЕ БЮДЖЕТНОЕ ДОШКОЛЬНОЕ ОБРАЗОВАТЕЛЬНОЕ УЧРЕЖДЕНИЕ ""ДЕТСКИЙ САД КОМБИНИРОВАННОГО ВИДА № 109""",дошкольное образование,3666051250,"394036, ВОРОНЕЖСКАЯ ОБЛАСТЬ, Г. ВОРОНЕЖ, УЛ. АЛЕКСЕЕВСКОГО, Д.16","51.6645509, 39.2090763",действующая,10-02-2025,17-02-1998,366601001,1033600035083,05-02-2003,20401000000,20701000001,49751769,4210007,14,85.11,2014,75403,Муниципальное бюджетное учреждение,МБУ,2014,ЗАВЕДУЮЩИЙ,Шереметова Марина Александровна,0,головная организация
Воронеж,"МБДОУ ""ДЕТСКИЙ САД КОМБИНИРОВАННОГО ВИДА №167""","МУНИЦИПАЛЬНОЕ БЮДЖЕТНОЕ ДОШКОЛЬНОЕ ОБРАЗОВАТЕЛЬНОЕ УЧРЕЖДЕНИЕ ""ДЕТСКИЙ САД КОМБИНИРОВАННОГО ВИДА №167""",дошкольное образование,3665035190,"394048, ВОРОНЕЖСКАЯ ОБЛАСТЬ, Г ВОРОНЕЖ, УЛ ТЕПЛОЭНЕРГЕТИКОВ, Д. 21","51.5493453, 39.0894655",действующая,04-02-2025,10-06-1998,366501001,1033600022378,29-01-2003,20401000000,20701000001,45961955,4210007,14,85.11,2014,75403,Муниципальное бюджетное учреждение,МБУ,2014,ЗАВЕДУЮЩАЯ,Медведева Светлана Витальевна,0,головная организация
Воронеж,"МБДОУ ""ДЕТСКИЙ САД КОМПЕНСИРУЮЩЕГО ВИДА № 2""","МУНИЦИПАЛЬНОЕ БЮДЖЕТНОЕ ДОШКОЛЬНОЕ ОБРАЗОВАТЕЛЬНОЕ УЧРЕЖДЕНИЕ ""ДЕТСКИЙ САД КОМПЕНСИРУЮЩЕГО ВИДА № 2""",дошкольное образование,3663031224,"394007, ВОРОНЕЖСКАЯ ОБЛАСТЬ, Г. ВОРОНЕЖ, УЛ. ЛЕНИНГРАДСКАЯ, Д.50Б","51.6600204, 39.2487136",действующая,05-02-2025,20-05-1999,366301001,1023601569628,04-12-2002,20401000000,20701000001,51704553,4210007,14,85.11,2014,75403,Муниципальное бюджетное учреждение,МБУ,2014,ЗАВЕДУЮЩАЯ,Рудякова Ольга Владимировна,0,головная организация
Воронеж,"МБДОУ ""ДЕТСКИЙ САД КОМПЕНСИРУЮЩЕГО ВИДА № 4""","МУНИЦИПАЛЬНОЕ БЮДЖЕТНОЕ ДОШКОЛЬНОЕ ОБРАЗОВАТЕЛЬНОЕ УЧРЕЖДЕНИЕ ""ДЕТСКИЙ САД КОМПЕНСИРУЮЩЕГО ВИДА № 4""",дошкольное образование,3661023429,"394042, ВОРОНЕЖСКАЯ ОБЛАСТЬ, Г. ВОРОНЕЖ, УЛ. ОСТУЖЕВА, Д.14","51.6840753, 39.2591613",действующая,08-02-2025,24-03-1998,366101001,1033600005834,15-01-2003,20401000000,20701000001,03018087,4210007,14,85.11,2014,75403,Муниципальное бюджетное учреждение,МБУ,2014,ЗАВЕДУЮЩИЙ,Скуридина Елена Анатольевна,0,головная организация
Воронеж,"МБДОУ ""ДЕТСКИЙ САД ОБЩЕРАЗВИВАЮЩЕГО ВИДА № 10""","МУНИЦИПАЛЬНОЕ БЮДЖЕТНОЕ ДОШКОЛЬНОЕ ОБРАЗОВАТЕЛЬНОЕ УЧРЕЖДЕНИЕ ""ДЕТСКИЙ САД ОБЩЕРАЗВИВАЮЩЕГО ВИДА № 10""",дошкольное образование,3661178528,"394094, ВОРОНЕЖСКАЯ ОБЛАСТЬ, Г.О. ГОРОД ВОРОНЕЖ, Г ВОРОНЕЖ, УЛ ТИХАНКИНА, Д. 103А, К. 1","51.683921, 39.322781",действующая,20-02-2026,24-12-2021,366101001,1213600033789,24-12-2021,20401000000,20701000001,53644536,4210007,14,85.11,2014,75403,Муниципальное бюджетное учреждение,МБУ,2014,ЗАВЕДУЮЩИЙ,Крынина Елена Сергеевна,0,головная организация
Воронеж,"МБДОУ ""ДЕТСКИЙ САД ОБЩЕРАЗВИВАЮЩЕГО ВИДА № 101""","МУНИЦИПАЛЬНОЕ БЮДЖЕТНОЕ ДОШКОЛЬНОЕ ОБРАЗОВАТЕЛЬНОЕ УЧРЕЖДЕНИЕ ""ДЕТСКИЙ САД ОБЩЕРАЗВИВАЮЩЕГО ВИДА № 101""",дошкольное образование,3663036945,"394002, ВОРОНЕЖСКАЯ ОБЛАСТЬ, Г. ВОРОНЕЖ, УЛ. ВОЛГОГРАДСКАЯ, Д. 28","51.6572508, 39.2735969",действующая,02-02-2025,11-01-1999,366301001,1023601575579,15-12-2002,20401000000,20701000001,49751663,4210007,14,85.11,2014,75403,Муниципальное бюджетное учреждение,МБУ,2014,ЗАВЕДУЮЩИЙ,Гуляева Елена Васильевна,0,головная организация
Воронеж,"МБДОУ ""ДЕТСКИЙ САД ОБЩЕРАЗВИВАЮЩЕГО ВИДА № 102""","МУНИЦИПАЛЬНОЕ БЮДЖЕТНОЕ ДОШКОЛЬНОЕ ОБРАЗОВАТЕЛЬНОЕ УЧРЕЖДЕНИЕ ""ДЕТСКИЙ САД ОБЩЕРАЗВИВАЮЩЕГО ВИДА № 102""",дошкольное образование,3662065823,"394068, ВОРОНЕЖСКАЯ ОБЛАСТЬ, Г. ВОРОНЕЖ, УЛ. БЕГОВАЯ, Д. 2 А","51.6993447, 39.1920293",действующая,05-02-2025,11-05-2001,366201001,1033600018650,27-01-2003,20401000000,20701000001,57713547,4210007,14,85.11,2014,75403,Муниципальное бюджетное учреждение,МБУ,2014,ЗАВЕДУЮЩАЯ,Цебегеева Елена Владимировна,0,головная организация
Воронеж,"МБДОУ ""ДЕТСКИЙ САД ОБЩЕРАЗВИВАЮЩЕГО ВИДА № 105""","МУНИЦИПАЛЬНОЕ БЮДЖЕТНОЕ ДОШКОЛЬНОЕ ОБРАЗОВАТЕЛЬНОЕ УЧРЕЖДЕНИЕ ""ДЕТСКИЙ САД ОБЩЕРАЗВИВАЮЩЕГО ВИДА № 105""",дошкольное образование,3666043500,"394068, ВОРОНЕЖСКАЯ ОБЛАСТЬ, Г. ВОРОНЕЖ, УЛ. ХОЛЬЗУНОВА, Д.27","51.701691, 39.188699",действующая,10-02-2025,10-06-1998,366601001,1033600042596,07-02-2003,20401000000,20701000001,72590349,4210007,14,85.11,2014,75403,Муниципальное бюджетное учреждение,МБУ,2014,ЗАВЕДУЮЩАЯ,Михайлова Ольга Александровна,0,головная организация
Воронеж,"МБДОУ ""ДЕТСКИЙ САД ОБЩЕРАЗВИВАЮЩЕГО ВИДА № 110""","МУНИЦИПАЛЬНОЕ БЮДЖЕТНОЕ ДОШКОЛЬНОЕ ОБРАЗОВАТЕЛЬНОЕ УЧРЕЖДЕНИЕ ""ДЕТСКИЙ САД ОБЩЕРАЗВИВАЮЩЕГО ВИДА № 110""",дошкольное образование,3662071175,"394019, ВОРОНЕЖСКАЯ ОБЛАСТЬ, Г ВОРОНЕЖ, УЛ ТОРПЕДО, Д. 13","51.675159, 39.150467",действующая,23-04-2025,07-05-2002,366201001,1023601582718,23-12-2002,20401000000,20701000001,25738860,4210007,14,85.11,2014,75403,Муниципальное бюджетное учреждение,МБУ,2014,ЗАВЕДУЮЩАЯ,Иванова Ирина Викторовна,0,головная организация
Воронеж,"МБДОУ ""ДЕТСКИЙ САД ОБЩЕРАЗВИВАЮЩЕГО ВИДА № 112""","МУНИЦИПАЛЬНОЕ БЮДЖЕТНОЕ ДОШКОЛЬНОЕ ОБРАЗОВАТЕЛЬНОЕ УЧРЕЖДЕНИЕ ""ДЕТСКИЙ САД ОБЩЕРАЗВИВАЮЩЕГО ВИДА № 112""",дошкольное образование,3663127381,"394072, ВОРОНЕЖСКАЯ ОБЛАСТЬ, Г ВОРОНЕЖ, УЛ ШИДЛОВСКОГО, Д. 7","51.634196, 39.297584",действующая,19-06-2025,25-04-2017,366301001,1173668024650,25-04-2017,20401000000,20701000001,15449912,4210007,14,85.11,2014,75403,Муниципальное бюджетное учреждение,МБУ,2014,ЗАВЕДУЮЩИЙ,Попова Людмила Сергеевна,0,головная организация
Воронеж,"МБДОУ ""ДЕТСКИЙ САД ОБЩЕРАЗВИВАЮЩЕГО ВИДА № 113""","МУНИЦИПАЛЬНОЕ БЮДЖЕТНОЕ ДОШКОЛЬНОЕ ОБРАЗОВАТЕЛЬНОЕ УЧРЕЖДЕНИЕ ""ДЕТСКИЙ САД ОБЩЕРАЗВИВАЮЩЕГО ВИДА № 113""",дошкольное образование,3665816524,"394048, ВОРОНЕЖСКАЯ ОБЛАСТЬ, Г.О. ГОРОД ВОРОНЕЖ, Г ВОРОНЕЖ, УЛ КЛЮЧНИКОВА, Д. 20","51.5689763, 39.1218606",действующая,13-02-2025,17-06-2021,366501001,1213600020446,17-06-2021,20401000000,20701000001,49060930,4210007,14,85.11,2014,75403,Муниципальное бюджетное учреждение,МБУ,2014,ЗАВЕДУЮЩИЙ,Ряскова Лилия Алексеевна,0,головная организация
Воронеж,"МБДОУ ""ДЕТСКИЙ САД ОБЩЕРАЗВИВАЮЩЕГО ВИДА № 114""","МУНИЦИПАЛЬНОЕ БЮДЖЕТНОЕ ДОШКОЛЬНОЕ ОБРАЗОВАТЕЛЬНОЕ УЧРЕЖДЕНИЕ ""ДЕТСКИЙ САД ОБЩЕРАЗВИВАЮЩЕГО ВИДА №114""",дошкольное образование,3665140660,"394048, ВОРОНЕЖСКАЯ ОБЛАСТЬ, Г ВОРОНЕЖ, УЛ ОСТРОГОЖСКАЯ, Д. 170/13","51.567451, 39.121163",действующая,21-08-2025,17-05-2017,366501001,1173668027730,17-05-2017,20401000000,20701000001,15669708,4210007,14,85.11,2014,75403,Муниципальное бюджетное учреждение,МБУ,2014,ЗАВЕДУЮЩИЙ,Спицына Екатерина Михайловна,0,головная организация
Воронеж,"МБДОУ ""ДЕТСКИЙ САД ОБЩЕРАЗВИВАЮЩЕГО ВИДА № 115""","МУНИЦИПАЛЬНОЕ БЮДЖЕТНОЕ ДОШКОЛЬНОЕ ОБРАЗОВАТЕЛЬНОЕ УЧРЕЖДЕНИЕ ""ДЕТСКИЙ САД ОБЩЕРАЗВИВАЮЩЕГО ВИДА № 115""",дошкольное образование,3665034358,"394051, ВОРОНЕЖСКАЯ ОБЛАСТЬ, Г. ВОРОНЕЖ, УЛ. ГЕРОЕВ СИБИРЯКОВ, Д.95, -, -","51.6469473, 39.1464059",действующая,12-02-2025,10-06-1998,366501001,1033600017978,27-01-2003,20401000000,20701000001,03017805,4210007,14,85.11,2014,75403,Муниципальное бюджетное учреждение,МБУ,2014,ЗАВЕДУЮЩАЯ,Землянухина Татьяна Тимофеевна,0,головная организация
Воронеж,"МБДОУ ""ДЕТСКИЙ САД ОБЩЕРАЗВИВАЮЩЕГО ВИДА № 116""","МУНИЦИПАЛЬНОЕ БЮДЖЕТНОЕ ДОШКОЛЬНОЕ ОБРАЗОВАТЕЛЬНОЕ УЧРЕЖДЕНИЕ ""ДЕТСКИЙ САД ОБЩЕРАЗВИВАЮЩЕГО ВИДА № 116""",дошкольное образование,3665034301,"394051, ВОРОНЕЖСКАЯ ОБЛАСТЬ, Г. ВОРОНЕЖ, УЛ. ГЕРОЕВ СИБИРЯКОВ, Д.71","51.6461371, 39.1429311",действующая,10-02-2025,22-09-1998,366501001,1033600029759,03-02-2003,20401000000,20701000001,02708766,4210007,14,85.11,2014,75403,Муниципальное бюджетное учреждение,МБУ,2014,ЗАВЕДУЮЩИЙ,Проволукина Елизавета Викторовна,0,головная организация
Воронеж,"МБДОУ ""ДЕТСКИЙ САД ОБЩЕРАЗВИВАЮЩЕГО ВИДА № 118""","МУНИЦИПАЛЬНОЕ БЮДЖЕТНОЕ ДОШКОЛЬНОЕ ОБРАЗОВАТЕЛЬНОЕ УЧРЕЖДЕНИЕ ""ДЕТСКИЙ САД ОБЩЕРАЗВИВАЮЩЕГО ВИДА № 118""",дошкольное образование,3662183545,"394005, ВОРОНЕЖСКАЯ ОБЛАСТЬ, Г. ВОРОНЕЖ, УЛ. ВЛАДИМИРА НЕВСКОГО, Д.75 А","51.7229304, 39.1732584",действующая,24-01-2025,14-12-2012,366201001,1123668060438,14-12-2012,20401000000,20701000001,10623601,4210007,14,85.11,2014,75403,Муниципальное бюджетное учреждение,МБУ,2014,Заведующая,Ванясова Ольга Васильевна,0,головная организация
Воронеж,"МБДОУ ""ДЕТСКИЙ САД ОБЩЕРАЗВИВАЮЩЕГО ВИДА № 124""","МУНИЦИПАЛЬНОЕ БЮДЖЕТНОЕ ДОШКОЛЬНОЕ ОБРАЗОВАТЕЛЬНОЕ УЧРЕЖДЕНИЕ ""ДЕТСКИЙ САД ОБЩЕРАЗВИВАЮЩЕГО ВИДА № 124""",дошкольное образование,3665803518,"394089, ВОРОНЕЖСКАЯ ОБЛАСТЬ, Г ВОРОНЕЖ, УЛ ЛЕСНАЯ, Д. 65","51.5596365, 39.064011",действующая,01-08-2025,22-01-2019,366501001,1193668001130,22-01-2019,20401000000,20701000001,35625297,4210007,14,85.11,2014,75403,Муниципальное бюджетное учреждение,МБУ,2014,ЗАВЕДУЮЩИЙ,Турищева Елена Николаевна,0,головная организация
Воронеж,"МБДОУ ""ДЕТСКИЙ САД ОБЩЕРАЗВИВАЮЩЕГО ВИДА № 125""","МУНИЦИПАЛЬНОЕ БЮДЖЕТНОЕ ДОШКОЛЬНОЕ ОБРАЗОВАТЕЛЬНОЕ УЧРЕЖДЕНИЕ ""ДЕТСКИЙ САД ОБЩЕРАЗВИВАЮЩЕГО ВИДА № 125""",дошкольное образование,3661023073,"394063, ВОРОНЕЖСКАЯ ОБЛАСТЬ, Г. ВОРОНЕЖ, УЛ. 25 ЯНВАРЯ, Д.44","51.6952797, 39.2598502",действующая,09-02-2025,30-03-1998,366101001,1033600005625,15-01-2003,20401000000,20701000001,57724203,4210007,14,85.11,2014,75403,Муниципальное бюджетное учреждение,МБУ,2014,ЗАВЕДУЮЩАЯ,Степанова Ольга Александровна,0,головная организация
Воронеж,"МБДОУ ""ДЕТСКИЙ САД ОБЩЕРАЗВИВАЮЩЕГО ВИДА № 126""","МУНИЦИПАЛЬНОЕ БЮДЖЕТНОЕ ДОШКОЛЬНОЕ ОБРАЗОВАТЕЛЬНОЕ УЧРЕЖДЕНИЕ ""ДЕТСКИЙ САД ОБЩЕРАЗВИВАЮЩЕГО ВИДА № 126""",дошкольное образование,3663036021,"394056, ВОРОНЕЖСКАЯ ОБЛАСТЬ, Г. ВОРОНЕЖ, УЛ. ПОЛЯКОВА, Д.5","51.55315, 39.243128",действующая,13-03-2025,29-03-2001,366301001,1033600076487,20-02-2003,20401000000,20701000001,56453957,4210007,14,85.11,2014,75403,Муниципальное бюджетное учреждение,МБУ,2014,ЗАВЕДУЮЩИЙ,Рябцева Жанна Петровна,0,головная организация
Воронеж,"МБДОУ ""ДЕТСКИЙ САД ОБЩЕРАЗВИВАЮЩЕГО ВИДА № 127""","МУНИЦИПАЛЬНОЕ БЮДЖЕТНОЕ ДОШКОЛЬНОЕ ОБРАЗОВАТЕЛЬНОЕ УЧРЕЖДЕНИЕ ""ДЕТСКИЙ САД ОБЩЕРАЗВИВАЮЩЕГО ВИДА № 127""",дошкольное образование,3663133402,"394007, ВОРОНЕЖСКАЯ ОБЛАСТЬ, Г. ВОРОНЕЖ, УЛ. ИЛЬИЧА, Д. 104","51.666389, 39.247404",действующая,30-01-2025,14-02-2018,366301001,1183668005245,14-02-2018,20401000000,20701000001,25145596,4210007,14,85.11,2014,75403,Муниципальное бюджетное учреждение,МБУ,2014,ЗАВЕДУЮЩИЙ,Хребтова Татьяна Митрофановна,0,головная организация
Воронеж,"МБДОУ ""ДЕТСКИЙ САД ОБЩЕРАЗВИВАЮЩЕГО ВИДА № 130""","МУНИЦИПАЛЬНОЕ БЮДЖЕТНОЕ ДОШКОЛЬНОЕ ОБРАЗОВАТЕЛЬНОЕ УЧРЕЖДЕНИЕ ""ДЕТСКИЙ САД ОБЩЕРАЗВИВАЮЩЕГО ВИДА № 130""",дошкольное образование,3663038773,"394072, ВОРОНЕЖСКАЯ ОБЛАСТЬ, Г. ВОРОНЕЖ, УЛ. ИРКУТСКАЯ, Д.25","51.6337581, 39.2863974",действующая,10-02-2025,29-01-1999,366301001,1033600020750,28-01-2003,20401000000,20701000001,00355223,4210007,14,85.11,2014,75403,Муниципальное бюджетное учреждение,МБУ,2014,ЗАВЕДУЮЩАЯ,Романченко Елена Николаевна,0,головная организация
Воронеж,"МБДОУ ""ДЕТСКИЙ САД ОБЩЕРАЗВИВАЮЩЕГО ВИДА № 134""","МУНИЦИПАЛЬНОЕ БЮДЖЕТНОЕ ДОШКОЛЬНОЕ ОБРАЗОВАТЕЛЬНОЕ УЧРЕЖДЕНИЕ ""ДЕТСКИЙ САД ОБЩЕРАЗВИВАЮЩЕГО ВИДА № 134""",дошкольное образование,3665062845,"394020, ВОРОНЕЖСКАЯ ОБЛАСТЬ, Г. ВОРОНЕЖ, УЛ. 9 ЯНВАРЯ, Д. 241/9","51.685512, 39.1075",действующая,29-01-2025,03-02-2015,366501001,1153668003840,03-02-2015,20401000000,20701000001,34025968,4210007,14,85.11,2014,75403,Муниципальное бюджетное учреждение,МБУ,2014,ЗАВЕДУЮЩАЯ,Полякова Лариса Михайловна,0,головная организация
Воронеж,"МБДОУ ""ДЕТСКИЙ САД ОБЩЕРАЗВИВАЮЩЕГО ВИДА № 135""","МУНИЦИПАЛЬНОЕ БЮДЖЕТНОЕ ДОШКОЛЬНОЕ ОБРАЗОВАТЕЛЬНОЕ УЧРЕЖДЕНИЕ ""ДЕТСКИЙ САД ОБЩЕРАЗВИВАЮЩЕГО ВИДА № 135""",дошкольное образование,3662050400,"394077, ВОРОНЕЖСКАЯ ОБЛАСТЬ, Г. ВОРОНЕЖ, УЛ. 60 АРМИИ, Д.13, -, -","51.7051801, 39.1662075",действующая,06-02-2025,14-04-1998,366201001,1033600034490,05-02-2003,20401000000,20701000001,49746018,4210007,14,85.11,2014,75403,Муниципальное бюджетное учреждение,МБУ,2014,ЗАВЕДУЮЩАЯ,Пустовалова Анжела Александровна,0,головная организация
Воронеж,"МБДОУ ""ДЕТСКИЙ САД ОБЩЕРАЗВИВАЮЩЕГО ВИДА № 136""","МУНИЦИПАЛЬНОЕ БЮДЖЕТНОЕ ДОШКОЛЬНОЕ ОБРАЗОВАТЕЛЬНОЕ УЧРЕЖДЕНИЕ ""ДЕТСКИЙ САД ОБЩЕРАЗВИВАЮЩЕГО ВИДА № 136""",дошкольное образование,3665808442,"394020, ВОРОНЕЖСКАЯ ОБЛАСТЬ, Г. ВОРОНЕЖ, УЛ. 9 ЯНВАРЯ, Д. 233/45, ПОМЕЩ. 1/1","51.680313, 39.120921",действующая,06-02-2025,19-12-2019,366501001,1193668046880,19-12-2019,20401000000,20701000001,42758722,4210007,14,85.11,2014,75403,Муниципальное бюджетное учреждение,МБУ,2014,ЗАВЕДУЮЩИЙ,Быканова Ольга Игоревна,0,головная организация
Воронеж,"МБДОУ ""ДЕТСКИЙ САД ОБЩЕРАЗВИВАЮЩЕГО ВИДА № 137""","МУНИЦИПАЛЬНОЕ БЮДЖЕТНОЕ ДОШКОЛЬНОЕ ОБРАЗОВАТЕЛЬНОЕ УЧРЕЖДЕНИЕ ""ДЕТСКИЙ САД ОБЩЕРАЗВИВАЮЩЕГО ВИДА № 137""",дошкольное образование,3665033989,"394062, ВОРОНЕЖСКАЯ ОБЛАСТЬ, Г. ВОРОНЕЖ, УЛ. КРАСНОЗВЕЗДНАЯ, Д.46","51.6556818, 39.1140047",действующая,11-02-2025,21-09-2001,366501001,1023601586469,25-12-2002,20401000000,20701000001,57717404,4210007,14,85.11,2014,75403,Муниципальное бюджетное учреждение,МБУ,2014,ЗАВЕДУЮЩАЯ,Толстых Оксана Викторовна,0,головная организация
Воронеж,"МБДОУ ""ДЕТСКИЙ САД ОБЩЕРАЗВИВАЮЩЕГО ВИДА № 140""","МУНИЦИПАЛЬНОЕ БЮДЖЕТНОЕ ДОШКОЛЬНОЕ ОБРАЗОВАТЕЛЬНОЕ УЧРЕЖДЕНИЕ ""ДЕТСКИЙ САД ОБЩЕРАЗВИВАЮЩЕГО ВИДА № 140""",дошкольное образование,3663030326,"394004, ВОРОНЕЖСКАЯ ОБЛАСТЬ, Г. ВОРОНЕЖ, ПЕР. ОЛЬХОВЫЙ, Д.15","51.6481139, 39.238064",действующая,06-02-2025,21-10-1998,366301001,1033600013028,23-01-2003,20401000000,20701000001,49746656,4210007,14,85.11,2014,75403,Муниципальное бюджетное учреждение,МБУ,2014,ЗАВЕДУЮЩАЯ,Кирюхина Елена Дмитриевна,0,головная организация
Воронеж,"МБДОУ ""ДЕТСКИЙ САД ОБЩЕРАЗВИВАЮЩЕГО ВИДА № 141""","МУНИЦИПАЛЬНОЕ БЮДЖЕТНОЕ ДОШКОЛЬНОЕ ОБРАЗОВАТЕЛЬНОЕ УЧРЕЖДЕНИЕ ""ДЕТСКИЙ САД ОБЩЕРАЗВИВАЮЩЕГО ВИДА № 141""",дошкольное образование,3662050320,"394068, ВОРОНЕЖСКАЯ ОБЛАСТЬ, Г. ВОРОНЕЖ, УЛ. ШИШКОВА, Д.59","51.70006, 39.1939354",действующая,08-02-2025,03-06-1998,366201001,1023601568781,03-12-2002,20401000000,20701000001,49753703,4210007,14,85.11,2014,75403,Муниципальное бюджетное учреждение,МБУ,2014,ЗАВЕДУЮЩАЯ,Сидорова Марина Владимировна,0,головная организация
Воронеж,"МБДОУ ""ДЕТСКИЙ САД ОБЩЕРАЗВИВАЮЩЕГО ВИДА № 142""","МУНИЦИПАЛЬНОЕ БЮДЖЕТНОЕ ДОШКОЛЬНОЕ ОБРАЗОВАТЕЛЬНОЕ УЧРЕЖДЕНИЕ ""ДЕТСКИЙ САД ОБЩЕРАЗВИВАЮЩЕГО ВИДА № 142""",дошкольное образование,3663037120,"394083, ВОРОНЕЖСКАЯ ОБЛАСТЬ, Г.О. ГОРОД ВОРОНЕЖ, Г ВОРОНЕЖ, УЛ ГЛИНКИ, Д. 9","51.585975, 39.314006",действующая,14-02-2025,27-07-1998,366301001,1033600020717,28-01-2003,20401000000,20701000001,49743209,4210007,14,85.11,2014,75403,Муниципальное бюджетное учреждение,МБУ,2014,ЗАВЕДУЮЩИЙ,Иванова Марина Владимировна,0,головная организация
Воронеж,"МБДОУ ""ДЕТСКИЙ САД ОБЩЕРАЗВИВАЮЩЕГО ВИДА № 144""","МУНИЦИПАЛЬНОЕ БЮДЖЕТНОЕ ДОШКОЛЬНОЕ ОБРАЗОВАТЕЛЬНОЕ УЧРЕЖДЕНИЕ ""ДЕТСКИЙ САД ОБЩЕРАЗВИВАЮЩЕГО ВИДА № 144""",дошкольное образование,3662050591,"394077, ВОРОНЕЖСКАЯ ОБЛАСТЬ, Г. ВОРОНЕЖ, Б-Р ПОБЕДЫ, Д.11","51.7111085, 39.1712816",действующая,19-03-2025,26-03-1998,366201001,1033600021070,29-01-2003,20401000000,20701000001,49744309,4210007,14,85.11,2014,75403,Муниципальное бюджетное учреждение,МБУ,2014,ЗАВЕДУЮЩАЯ,Новицкая Светлана Федоровна,0,головная организация
Воронеж,"МБДОУ ""ДЕТСКИЙ САД ОБЩЕРАЗВИВАЮЩЕГО ВИДА № 147""","МУНИЦИПАЛЬНОЕ БЮДЖЕТНОЕ ДОШКОЛЬНОЕ ОБРАЗОВАТЕЛЬНОЕ УЧРЕЖДЕНИЕ ""ДЕТСКИЙ САД ОБЩЕРАЗВИВАЮЩЕГО ВИДА № 147""",дошкольное образование,3662050552,"394077, ВОРОНЕЖСКАЯ ОБЛАСТЬ, Г. ВОРОНЕЖ, УЛ. ГЕНЕРАЛА ЛИЗЮКОВА, Д. 30","51.709723, 39.164836",действующая,13-02-2025,31-12-1998,366201001,1033600009618,21-01-2003,20401000000,20701000001,49756063,4210007,14,85.11,2014,75403,Муниципальное бюджетное учреждение,МБУ,2014,ЗАВЕДУЮЩАЯ,Панова Елена Николаевна,0,головная организация
Воронеж,"МБДОУ ""ДЕТСКИЙ САД ОБЩЕРАЗВИВАЮЩЕГО ВИДА № 148""","МУНИЦИПАЛЬНОЕ БЮДЖЕТНОЕ ДОШКОЛЬНОЕ ОБРАЗОВАТЕЛЬНОЕ УЧРЕЖДЕНИЕ ""ДЕТСКИЙ САД ОБЩЕРАЗВИВАЮЩЕГО ВИДА № 148""",дошкольное образование,3661018450,"394011, ВОРОНЕЖСКАЯ ОБЛАСТЬ, Г. ВОРОНЕЖ, УЛ. РЕЧНАЯ, Д.7","51.744745, 39.358301",действующая,08-02-2025,11-02-1998,366101001,1033600032795,05-02-2003,20401000000,20701000001,49746389,4210007,14,85.11,2014,75403,Муниципальное бюджетное учреждение,МБУ,2014,ЗАВЕДУЮЩИЙ,Чекунова Наталья Владимировна,0,головная организация
Воронеж,"МБДОУ ""ДЕТСКИЙ САД ОБЩЕРАЗВИВАЮЩЕГО ВИДА № 150""","МУНИЦИПАЛЬНОЕ БЮДЖЕТНОЕ ДОШКОЛЬНОЕ ОБРАЗОВАТЕЛЬНОЕ УЧРЕЖДЕНИЕ ""ДЕТСКИЙ САД ОБЩЕРАЗВИВАЮЩЕГО ВИДА № 150""",дошкольное образование,3665033033,"394051, ВОРОНЕЖСКАЯ ОБЛАСТЬ, Г. ВОРОНЕЖ, УЛ. ЮЛЮСА ЯНОНИСА, Д.20","51.6466784, 39.1494078",действующая,05-02-2025,21-09-2001,366501001,1033600036370,06-02-2003,20401000000,20701000001,57717396,4210007,14,85.11,2014,75403,Муниципальное бюджетное учреждение,МБУ,2014,ЗАВЕДУЮЩИЙ,Лепешкина Вера Владимировна,0,головная организация
Воронеж,"МБДОУ ""ДЕТСКИЙ САД ОБЩЕРАЗВИВАЮЩЕГО ВИДА № 151""","МУНИЦИПАЛЬНОЕ БЮДЖЕТНОЕ ДОШКОЛЬНОЕ ОБРАЗОВАТЕЛЬНОЕ УЧРЕЖДЕНИЕ ""ДЕТСКИЙ САД ОБЩЕРАЗВИВАЮЩЕГО ВИДА № 151""",дошкольное образование,3662064178,"394088, ВОРОНЕЖСКАЯ ОБЛАСТЬ, Г. ВОРОНЕЖ, УЛ. НОВГОРОДСКАЯ, Д.123","51.6982229, 39.1465282",действующая,04-02-2025,30-03-2001,366201001,1033600018297,27-01-2003,20401000000,20701000001,56461351,4210007,14,85.11,2014,75403,Муниципальное бюджетное учреждение,МБУ,2014,ЗАВЕДУЮЩАЯ,Струкова Вера Павловна,0,головная организация
Воронеж,"МБДОУ ""ДЕТСКИЙ САД ОБЩЕРАЗВИВАЮЩЕГО ВИДА № 152""","МУНИЦИПАЛЬНОЕ БЮДЖЕТНОЕ ДОШКОЛЬНОЕ ОБРАЗОВАТЕЛЬНОЕ УЧРЕЖДЕНИЕ ""ДЕТСКИЙ САД ОБЩЕРАЗВИВАЮЩЕГО ВИДА № 152""",дошкольное образование,3662057371,"394088, ВОРОНЕЖСКАЯ ОБЛАСТЬ, Г. ВОРОНЕЖ, УЛ. ВЛАДИМИРА НЕВСКОГО, Д.5","51.7040957, 39.1459776",действующая,06-02-2025,16-03-2000,366201001,1033600026107,31-01-2003,20401000000,20701000001,53145106,4210007,14,85.11,2014,75403,Муниципальное бюджетное учреждение,МБУ,2014,ЗАВЕДУЮЩАЯ,Щеголева Ольга Ивановна,0,головная организация
Воронеж,"МБДОУ ""ДЕТСКИЙ САД ОБЩЕРАЗВИВАЮЩЕГО ВИДА № 154""","МУНИЦИПАЛЬНОЕ БЮДЖЕТНОЕ ДОШКОЛЬНОЕ ОБРАЗОВАТЕЛЬНОЕ УЧРЕЖДЕНИЕ ""ДЕТСКИЙ САД ОБЩЕРАЗВИВАЮЩЕГО ВИДА № 154""",дошкольное образование,3666051170,"394036, ВОРОНЕЖСКАЯ ОБЛАСТЬ, Г. ВОРОНЕЖ, УЛ. ДЕМОКРАТИИ, Д.15 А","51.681778, 39.22314",действующая,08-02-2025,19-03-1999,366601001,1023601568759,03-12-2002,20401000000,20701000001,49758984,4210007,14,85.11,2014,75403,Муниципальное бюджетное учреждение,МБУ,2014,ЗАВЕДУЮЩИЙ,Руденко Елена Васильевна,0,головная организация
Воронеж,"МБДОУ ""ДЕТСКИЙ САД ОБЩЕРАЗВИВАЮЩЕГО ВИДА № 155""","МУНИЦИПАЛЬНОЕ БЮДЖЕТНОЕ ДОШКОЛЬНОЕ ОБРАЗОВАТЕЛЬНОЕ УЧРЕЖДЕНИЕ ""ДЕТСКИЙ САД ОБЩЕРАЗВИВАЮЩЕГО ВИДА № 155""",дошкольное образование,3662050584,"394077, ВОРОНЕЖСКАЯ ОБЛАСТЬ, Г. ВОРОНЕЖ, ПР-КТ МОСКОВСКИЙ, Д.107","51.709845, 39.177138",действующая,13-02-2025,27-03-1998,366201001,1033600034016,05-02-2003,20401000000,20701000001,49756436,4210007,14,85.11,2014,75403,Муниципальное бюджетное учреждение,МБУ,2014,ЗАВЕДУЮЩИЙ,Петрова Наталья Викторовна,0,головная организация
Воронеж,"МБДОУ ""ДЕТСКИЙ САД ОБЩЕРАЗВИВАЮЩЕГО ВИДА № 157""","МУНИЦИПАЛЬНОЕ БЮДЖЕТНОЕ ДОШКОЛЬНОЕ ОБРАЗОВАТЕЛЬНОЕ УЧРЕЖДЕНИЕ ""ДЕТСКИЙ САД ОБЩЕРАЗВИВАЮЩЕГО ВИДА № 157""",дошкольное образование,3662205277,"394068, ВОРОНЕЖСКАЯ ОБЛАСТЬ, Г. ВОРОНЕЖ, УЛ. ХОЛЬЗУНОВА, Д. 38А","51.703863, 39.189399",действующая,03-02-2025,03-07-2014,366201001,1143668031957,03-07-2014,20401000000,20701000001,29695135,4210007,14,85.11,2014,75403,Муниципальное бюджетное учреждение,МБУ,2014,ЗАВЕДУЮЩИЙ,Кадаева Елена Валентиновна,0,головная организация
Воронеж,"МБДОУ ""ДЕТСКИЙ САД ОБЩЕРАЗВИВАЮЩЕГО ВИДА № 17""","МУНИЦИПАЛЬНОЕ БЮДЖЕТНОЕ ДОШКОЛЬНОЕ ОБРАЗОВАТЕЛЬНОЕ УЧРЕЖДЕНИЕ ""ДЕТСКИЙ САД ОБЩЕРАЗВИВАЮЩЕГО ВИДА № 17""",дошкольное образование,3666051204,"394036, ВОРОНЕЖСКАЯ ОБЛАСТЬ, Г. ВОРОНЕЖ, УЛ. НИКИТИНСКАЯ, Д.21","51.6666147, 39.199094",действующая,27-08-2025,10-03-1998,366601001,1023601579286,17-12-2002,20401000000,20701000001,49750818,4210007,14,85.11,2014,75403,Муниципальное бюджетное учреждение,МБУ,2014,ЗАВЕДУЮЩИЙ,Ганзицкая Валерия Вадимовна,0,головная организация
Воронеж,"МБДОУ ""ДЕТСКИЙ САД ОБЩЕРАЗВИВАЮЩЕГО ВИДА № 170""","МУНИЦИПАЛЬНОЕ БЮДЖЕТНОЕ ДОШКОЛЬНОЕ ОБРАЗОВАТЕЛЬНОЕ УЧРЕЖДЕНИЕ ""ДЕТСКИЙ САД ОБЩЕРАЗВИВАЮЩЕГО ВИДА № 170""",дошкольное образование,3665101607,"394048, ВОРОНЕЖСКАЯ ОБЛАСТЬ, Г. ВОРОНЕЖ, УЛ. ОСТРОГОЖСКАЯ, Д. 168П","51.5679191, 39.1252703",действующая,05-02-2025,22-07-2014,366501001,1143668035235,22-07-2014,20401000000,20701000001,31255751,4210007,14,85.11,2014,75403,Муниципальное бюджетное учреждение,МБУ,2014,ЗАВЕДУЮЩАЯ,Свейко Лариса Александровна,0,головная организация
Воронеж,"МБДОУ ""ДЕТСКИЙ САД ОБЩЕРАЗВИВАЮЩЕГО ВИДА № 171""","МУНИЦИПАЛЬНОЕ БЮДЖЕТНОЕ ДОШКОЛЬНОЕ ОБРАЗОВАТЕЛЬНОЕ УЧРЕЖДЕНИЕ ""ДЕТСКИЙ САД ОБЩЕРАЗВИВАЮЩЕГО ВИДА № 171""",дошкольное образование,3662072806,"394019, ВОРОНЕЖСКАЯ ОБЛАСТЬ, Г. ВОРОНЕЖ, ПЕР. ПАРТИЗАНСКИЙ, Д.2","51.6760373, 39.1670024",действующая,25-12-2025,27-06-2002,366201001,1033600051077,08-02-2003,20401000000,20701000001,31262679,4210007,14,85.11,2014,75403,Муниципальное бюджетное учреждение,МБУ,2014,И.О. ЗАВЕДУЮЩЕГО,Сиротин Артем Юрьевич,0,головная организация
Воронеж,"МБДОУ ""ДЕТСКИЙ САД ОБЩЕРАЗВИВАЮЩЕГО ВИДА № 173""","МУНИЦИПАЛЬНОЕ БЮДЖЕТНОЕ ДОШКОЛЬНОЕ ОБРАЗОВАТЕЛЬНОЕ УЧРЕЖДЕНИЕ ""ДЕТСКИЙ САД ОБЩЕРАЗВИВАЮЩЕГО ВИДА № 173""",дошкольное образование,3662050440,"394088, ВОРОНЕЖСКАЯ ОБЛАСТЬ, Г. ВОРОНЕЖ, УЛ. ХОЛЬЗУНОВА, Д.104","51.702698, 39.1452147",действующая,07-02-2025,30-03-1998,366201001,1033600018154,27-01-2003,20401000000,20701000001,49744367,4210007,14,85.11,2014,75403,Муниципальное бюджетное учреждение,МБУ,2014,ЗАВЕДУЮЩАЯ,Болучевская Ирина Валерьевна,0,головная организация
Воронеж,"МБДОУ ""ДЕТСКИЙ САД ОБЩЕРАЗВИВАЮЩЕГО ВИДА № 177""","МУНИЦИПАЛЬНОЕ БЮДЖЕТНОЕ ДОШКОЛЬНОЕ ОБРАЗОВАТЕЛЬНОЕ УЧРЕЖДЕНИЕ ""ДЕТСКИЙ САД ОБЩЕРАЗВИВАЮЩЕГО ВИДА № 177""",дошкольное образование,3661064337,"394050, ВОРОНЕЖСКАЯ ОБЛАСТЬ, Г. ВОРОНЕЖ, УЛ. СЕЛЬСКАЯ, Д. 2С","51.7402335, 39.319694",действующая,27-01-2025,01-07-2014,366101001,1143668031132,01-07-2014,20401000000,20701000001,29694354,4210007,14,85.11,2014,75403,Муниципальное бюджетное учреждение,МБУ,2014,ЗАВЕДУЮЩИЙ,Фактор Светлана Сергеевна,0,головная организация
Воронеж,"МБДОУ ""ДЕТСКИЙ САД ОБЩЕРАЗВИВАЮЩЕГО ВИДА № 179""","МУНИЦИПАЛЬНОЕ БЮДЖЕТНОЕ ДОШКОЛЬНОЕ ОБРАЗОВАТЕЛЬНОЕ УЧРЕЖДЕНИЕ ""ДЕТСКИЙ САД ОБЩЕРАЗВИВАЮЩЕГО ВИДА № 179""",дошкольное образование,3663030319,"394029, ВОРОНЕЖСКАЯ ОБЛАСТЬ, Г. ВОРОНЕЖ, УЛ. ГЕРОЕВ СТРАТОСФЕРЫ, Д.3, К.А","51.6347306, 39.2352548",действующая,07-03-2025,25-01-1999,366301001,1023601575106,11-12-2002,20401000000,20701000001,49750801,4210007,14,85.11,2014,75403,Муниципальное бюджетное учреждение,МБУ,2014,ЗАВЕДУЮЩАЯ,Кузина Елена Валерьевна,0,головная организация
Воронеж,"МБДОУ ""ДЕТСКИЙ САД ОБЩЕРАЗВИВАЮЩЕГО ВИДА № 18""","МУНИЦИПАЛЬНОЕ БЮДЖЕТНОЕ ДОШКОЛЬНОЕ ОБРАЗОВАТЕЛЬНОЕ УЧРЕЖДЕНИЕ ""ДЕТСКИЙ САД ОБЩЕРАЗВИВАЮЩЕГО ВИДА № 18""",дошкольное образование,3666051109,"394036, ВОРОНЕЖСКАЯ ОБЛАСТЬ, Г. ВОРОНЕЖ, УЛ. ФЕОКТИСТОВА, Д.4","51.6761769, 39.2067059",действующая,05-02-2025,06-06-2001,366601001,1033600039153,06-02-2003,20401000000,20701000001,56462921,4210007,14,85.11,2014,75403,Муниципальное бюджетное учреждение,МБУ,2014,ЗАВЕДУЮЩАЯ,Шатохина Екатерина Александровна,0,головная организация
Воронеж,"МБДОУ ""ДЕТСКИЙ САД ОБЩЕРАЗВИВАЮЩЕГО ВИДА № 185""","МУНИЦИПАЛЬНОЕ БЮДЖЕТНОЕ ДОШКОЛЬНОЕ ОБРАЗОВАТЕЛЬНОЕ УЧРЕЖДЕНИЕ ""ДЕТСКИЙ САД ОБЩЕРАЗВИВАЮЩЕГО ВИДА № 185""",дошкольное образование,3662070573,"394016, ВОРОНЕЖСКАЯ ОБЛАСТЬ, Г. ВОРОНЕЖ, УЛ. 45 СТРЕЛКОВОЙ ДИВИЗИИ, Д.281","51.6896745, 39.133438",действующая,13-02-2025,25-03-2002,366201001,1033600017550,27-01-2003,20401000000,20701000001,22795394,4210007,14,85.11,2014,75403,Муниципальное бюджетное учреждение,МБУ,2014,ЗАВЕДУЮЩАЯ,Бруданина Елена Викторовна,0,головная организация
Воронеж,"МБДОУ ""ДЕТСКИЙ САД ОБЩЕРАЗВИВАЮЩЕГО ВИДА № 186""","МУНИЦИПАЛЬНОЕ БЮДЖЕТНОЕ ДОШКОЛЬНОЕ ОБРАЗОВАТЕЛЬНОЕ УЧРЕЖДЕНИЕ ""ДЕТСКИЙ САД ОБЩЕРАЗВИВАЮЩЕГО ВИДА № 186""",дошкольное образование,3662064185,"394049, ВОРОНЕЖСКАЯ ОБЛАСТЬ, Г. ВОРОНЕЖ, УЛ. ВАТУТИНА, Д.2","51.6847057, 39.1889116",действующая,20-11-2025,30-03-2001,366201001,1033600018209,27-01-2003,20401000000,20701000001,56461345,4210007,14,85.11,2014,75403,Муниципальное бюджетное учреждение,МБУ,2014,ЗАВЕДУЮЩИЙ,Гусарова Светлана Ивановна,0,головная организация
Воронеж,"МБДОУ ""ДЕТСКИЙ САД ОБЩЕРАЗВИВАЮЩЕГО ВИДА № 187""","МУНИЦИПАЛЬНОЕ БЮДЖЕТНОЕ ДОШКОЛЬНОЕ ОБРАЗОВАТЕЛЬНОЕ УЧРЕЖДЕНИЕ ""ДЕТСКИЙ САД ОБЩЕРАЗВИВАЮЩЕГО ВИДА № 187""",дошкольное образование,3662212027,"394016, ВОРОНЕЖСКАЯ ОБЛАСТЬ, Г. ВОРОНЕЖ, УЛ. 45 СТРЕЛКОВОЙ ДИВИЗИИ, Д. 226 Б","51.694126, 39.144867",действующая,27-01-2025,05-12-2014,366201001,1143668063428,05-12-2014,20401000000,20701000001,31279088,4210007,14,85.11,2014,75403,Муниципальное бюджетное учреждение,МБУ,2014,ЗАВЕДУЮЩАЯ,Попкова Марина Владимировна,0,головная организация
Воронеж,"МБДОУ ""ДЕТСКИЙ САД ОБЩЕРАЗВИВАЮЩЕГО ВИДА № 190""","МУНИЦИПАЛЬНОЕ БЮДЖЕТНОЕ ДОШКОЛЬНОЕ ОБРАЗОВАТЕЛЬНОЕ УЧРЕЖДЕНИЕ ""ДЕТСКИЙ САД ОБЩЕРАЗВИВАЮЩЕГО ВИДА № 190""",дошкольное образование,3666224841,"394068, ВОРОНЕЖСКАЯ ОБЛАСТЬ, Г. ВОРОНЕЖ, МКР. ЖИЛОЙ МАССИВ ОЛИМПИЙСКИЙ, Д. 15","51.715699, 39.199371",действующая,10-02-2025,27-12-2017,366601001,1173668065361,27-12-2017,20401000000,20701000001,22566765,4210007,14,85.11,2014,75403,Муниципальное бюджетное учреждение,МБУ,2014,ЗАВЕДУЮЩИЙ,Копытина Татьяна Анатольевна,0,головная организация
Воронеж,"МБДОУ ""ДЕТСКИЙ САД ОБЩЕРАЗВИВАЮЩЕГО ВИДА № 195""","МУНИЦИПАЛЬНОЕ БЮДЖЕТНОЕ ДОШКОЛЬНОЕ ОБРАЗОВАТЕЛЬНОЕ УЧРЕЖДЕНИЕ ""ДЕТСКИЙ САД ОБЩЕРАЗВИВАЮЩЕГО ВИДА № 195""",дошкольное образование,3665106316,"394019, ВОРОНЕЖСКАЯ ОБЛАСТЬ, Г ВОРОНЕЖ, ПЕР ГАЗОВЫЙ, Д. 15В","51.6736011, 39.1333366",действующая,07-12-2025,04-03-2015,366501001,1153668010308,04-03-2015,20401000000,20701000001,41203749,4210007,14,85.11,2014,75403,Муниципальное бюджетное учреждение,МБУ,2014,ЗАВЕДУЮЩАЯ,Гончарова Ольга Александровна,0,головная организация
Воронеж,"МБДОУ ""ДЕТСКИЙ САД ОБЩЕРАЗВИВАЮЩЕГО ВИДА № 197""","МУНИЦИПАЛЬНОЕ БЮДЖЕТНОЕ ДОШКОЛЬНОЕ ОБРАЗОВАТЕЛЬНОЕ УЧРЕЖДЕНИЕ ""ДЕТСКИЙ САД ОБЩЕРАЗВИВАЮЩЕГО ВИДА № 197""",дошкольное образование,3666192653,"394054, ВОРОНЕЖСКАЯ ОБЛАСТЬ, Г ВОРОНЕЖ, Б-Р ОЛИМПИЙСКИЙ, Д. 4/5","51.7114265, 39.1977702",действующая,08-05-2025,01-07-2014,366601001,1143668031297,01-07-2014,20401000000,20701000001,29694609,4210007,14,85.11,2014,75403,Муниципальное бюджетное учреждение,МБУ,2014,ЗАВЕДУЮЩАЯ,Бендерских Наталья Петровна,0,головная организация
Воронеж,"МБДОУ ""ДЕТСКИЙ САД ОБЩЕРАЗВИВАЮЩЕГО ВИДА № 199""","МУНИЦИПАЛЬНОЕ БЮДЖЕТНОЕ ДОШКОЛЬНОЕ ОБРАЗОВАТЕЛЬНОЕ УЧРЕЖДЕНИЕ ""ДЕТСКИЙ САД ОБЩЕРАЗВИВАЮЩЕГО ВИДА № 199""",дошкольное образование,3666205278,"394054, ВОРОНЕЖСКАЯ ОБЛАСТЬ, Г ВОРОНЕЖ, УЛ ШИШКОВА, Д. 148/4","51.7164865, 39.1839041",действующая,23-01-2026,19-01-2016,366601001,1163668052130,19-01-2016,20401000000,20701000001,44742694,4210007,14,85.11,2014,75403,Муниципальное бюджетное учреждение,МБУ,2014,ЗАВЕДУЮЩИЙ,Золотухина Ольга Николаевна,0,головная организация
Воронеж,"МБДОУ ""ДЕТСКИЙ САД ОБЩЕРАЗВИВАЮЩЕГО ВИДА № 21""","МУНИЦИПАЛЬНОЕ БЮДЖЕТНОЕ ДОШКОЛЬНОЕ ОБРАЗОВАТЕЛЬНОЕ УЧРЕЖДЕНИЕ ""ДЕТСКИЙ САД ОБЩЕРАЗВИВАЮЩЕГО ВИДА № 21""",дошкольное образование,3666107513,"394087, ВОРОНЕЖСКАЯ ОБЛАСТЬ, Г. ВОРОНЕЖ, УЛ. ЛОМОНОСОВА, Д.83","51.7165183, 39.2246789",действующая,09-07-2025,01-08-2003,366601001,1033600118452,01-08-2003,20401000000,20701000001,70707563,4210007,14,85.11,2014,75403,Муниципальное бюджетное учреждение,МБУ,2014,ЗАВЕДУЮЩИЙ,Небольсина Людмила Васильевна,0,головная организация
Воронеж,"МБДОУ ""ДЕТСКИЙ САД ОБЩЕРАЗВИВАЮЩЕГО ВИДА № 22""","МУНИЦИПАЛЬНОЕ БЮДЖЕТНОЕ ДОШКОЛЬНОЕ ОБРАЗОВАТЕЛЬНОЕ УЧРЕЖДЕНИЕ ""ДЕТСКИЙ САД ОБЩЕРАЗВИВАЮЩЕГО ВИДА № 22""",дошкольное образование,3666232627,"394087, ВОРОНЕЖСКАЯ ОБЛАСТЬ, Г ВОРОНЕЖ, УЛ КОЗО-ПОЛЯНСКОГО, СТР. 7","51.7321256, 39.1858173",действующая,08-05-2025,11-12-2018,366601001,1183668049091,11-12-2018,20401000000,20701000001,34821375,4210007,14,85.11,2014,75403,Муниципальное бюджетное учреждение,МБУ,2014,ЗАВЕДУЮЩИЙ,Меркулова Инга Германовна,0,головная организация
Воронеж,"МБДОУ ""ДЕТСКИЙ САД ОБЩЕРАЗВИВАЮЩЕГО ВИДА № 24""","МУНИЦИПАЛЬНОЕ БЮДЖЕТНОЕ ДОШКОЛЬНОЕ ОБРАЗОВАТЕЛЬНОЕ УЧРЕЖДЕНИЕ ""ДЕТСКИЙ САД ОБЩЕРАЗВИВАЮЩЕГО ВИДА № 24""",дошкольное образование,3666233187,"394054, ВОРОНЕЖСКАЯ ОБЛАСТЬ, Г ВОРОНЕЖ, Б-Р ОЛИМПИЙСКИЙ, Д. 8","51.7109534, 39.1990204",действующая,08-05-2025,22-01-2019,366601001,1193668001251,22-01-2019,20401000000,20701000001,35625096,4210007,14,85.11,2014,75403,Муниципальное бюджетное учреждение,МБУ,2014,ЗАВЕДУЮЩИЙ,Колтакова Елена Владимировна,0,головная организация
Воронеж,"МБДОУ ""ДЕТСКИЙ САД ОБЩЕРАЗВИВАЮЩЕГО ВИДА № 25""","МУНИЦИПАЛЬНОЕ БЮДЖЕТНОЕ ДОШКОЛЬНОЕ ОБРАЗОВАТЕЛЬНОЕ УЧРЕЖДЕНИЕ ""ДЕТСКИЙ САД ОБЩЕРАЗВИВАЮЩЕГО ВИДА № 25""",дошкольное образование,3661171603,"394010, ВОРОНЕЖСКАЯ ОБЛАСТЬ, Г. ВОРОНЕЖ, УЛ. АРТАМОНОВА, Д. 38/2","51.715342, 39.266277",действующая,03-02-2025,22-01-2019,366101001,1193668001240,22-01-2019,20401000000,20701000001,35625274,4210007,14,85.11,2014,75403,Муниципальное бюджетное учреждение,МБУ,2014,ЗАВЕДУЮЩИЙ,Скулкова Елена Викторовна,0,головная организация
Воронеж,"МБДОУ ""ДЕТСКИЙ САД ОБЩЕРАЗВИВАЮЩЕГО ВИДА № 26""","МУНИЦИПАЛЬНОЕ БЮДЖЕТНОЕ ДОШКОЛЬНОЕ ОБРАЗОВАТЕЛЬНОЕ УЧРЕЖДЕНИЕ ""ДЕТСКИЙ САД ОБЩЕРАЗВИВАЮЩЕГО ВИДА № 26""",дошкольное образование,3661177475,"394010, ВОРОНЕЖСКАЯ ОБЛАСТЬ, Г.О. ГОРОД ВОРОНЕЖ, Г ВОРОНЕЖ, УЛ АРТАМОНОВА, Д. 38/3","51.714271, 39.266232",действующая,13-02-2025,17-06-2021,366101001,1213600020435,17-06-2021,20401000000,20701000001,49061071,4210007,14,85.11,2014,75403,Муниципальное бюджетное учреждение,МБУ,2014,ЗАВЕДУЮЩИЙ,Люкова Ирина Юрьевна,0,головная организация
Воронеж,"МБДОУ ""ДЕТСКИЙ САД ОБЩЕРАЗВИВАЮЩЕГО ВИДА № 27""","МУНИЦИПАЛЬНОЕ БЮДЖЕТНОЕ ДОШКОЛЬНОЕ ОБРАЗОВАТЕЛЬНОЕ УЧРЕЖДЕНИЕ ""ДЕТСКИЙ САД ОБЩЕРАЗВИВАЮЩЕГО ВИДА № 27""",дошкольное образование,3663023047,"394074, ВОРОНЕЖСКАЯ ОБЛАСТЬ, Г. ВОРОНЕЖ, УЛ. ТАНЕЕВА, Д.1","51.6129511, 39.2358683",действующая,05-02-2025,23-11-1998,366301001,1023601569200,03-12-2002,20401000000,20701000001,49747590,4210007,14,85.11,2014,75403,Муниципальное бюджетное учреждение,МБУ,2014,Заведующий,Толстова Ольга Николаевна,0,головная организация
Воронеж,"МБДОУ ""ДЕТСКИЙ САД ОБЩЕРАЗВИВАЮЩЕГО ВИДА № 28""","МУНИЦИПАЛЬНОЕ БЮДЖЕТНОЕ ДОШКОЛЬНОЕ ОБРАЗОВАТЕЛЬНОЕ УЧРЕЖДЕНИЕ ""ДЕТСКИЙ САД ОБЩЕРАЗВИВАЮЩЕГО ВИДА № 28""",дошкольное образование,3661171628,"394050, ВОРОНЕЖСКАЯ ОБЛАСТЬ, Г. ВОРОНЕЖ, УЛ. СЕЛЬСКАЯ, Д. 2А","51.7420995, 39.3210537",действующая,02-02-2025,22-01-2019,366101001,1193668001306,22-01-2019,20401000000,20701000001,35625280,4210007,14,85.11,2014,75403,Муниципальное бюджетное учреждение,МБУ,2014,ЗАВЕДУЮЩИЙ,Евсюкова Марина Владимировна,0,головная организация
Воронеж,"МБДОУ ""ДЕТСКИЙ САД ОБЩЕРАЗВИВАЮЩЕГО ВИДА № 38""","МУНИЦИПАЛЬНОЕ БЮДЖЕТНОЕ ДОШКОЛЬНОЕ ОБРАЗОВАТЕЛЬНОЕ УЧРЕЖДЕНИЕ ""ДЕТСКИЙ САД ОБЩЕРАЗВИВАЮЩЕГО ВИДА № 38""",дошкольное образование,3664033827,"394052, ВОРОНЕЖСКАЯ ОБЛАСТЬ, Г. ВОРОНЕЖ, ПЕР. ОСТРОГОЖСКИЙ, Д.1","51.6334801, 39.1720013",действующая,30-10-2025,27-05-1998,366401001,1023601553139,05-11-2002,20401000000,20701000001,57706033,4210007,14,85.11,2014,75403,Муниципальное бюджетное учреждение,МБУ,2014,ЗАВЕДУЮЩАЯ,Дородняя Елена Александровна,0,головная организация
Воронеж,"МБДОУ ""ДЕТСКИЙ САД ОБЩЕРАЗВИВАЮЩЕГО ВИДА № 39""","МУНИЦИПАЛЬНОЕ БЮДЖЕТНОЕ ДОШКОЛЬНОЕ ОБРАЗОВАТЕЛЬНОЕ УЧРЕЖДЕНИЕ ""ДЕТСКИЙ САД ОБЩЕРАЗВИВАЮЩЕГО ВИДА № 39""",дошкольное образование,3662052542,"394019, ВОРОНЕЖСКАЯ ОБЛАСТЬ, Г. ВОРОНЕЖ, УЛ. МАШИНОСТРОИТЕЛЕЙ, Д.25А","51.676482, 39.159584",действующая,19-08-2025,12-05-1998,366201001,1023601582685,23-12-2002,20401000000,20701000001,49756270,4210007,14,85.11,2014,75403,Муниципальное бюджетное учреждение,МБУ,2014,ЗАВЕДУЮЩИЙ,Комленкова Жанна Михайловна,0,головная организация
Воронеж,"МБДОУ ""ДЕТСКИЙ САД ОБЩЕРАЗВИВАЮЩЕГО ВИДА № 46""","МУНИЦИПАЛЬНОЕ БЮДЖЕТНОЕ ДОШКОЛЬНОЕ ОБРАЗОВАТЕЛЬНОЕ УЧРЕЖДЕНИЕ ""ДЕТСКИЙ САД ОБЩЕРАЗВИВАЮЩЕГО ВИДА № 46""",дошкольное образование,3666051148,"394043, ВОРОНЕЖСКАЯ ОБЛАСТЬ, Г. ВОРОНЕЖ, УЛ. БЕРЕЗОВАЯ РОЩА, Д.42","51.6995359, 39.2274288",действующая,23-05-2025,22-04-1999,366601001,1033600036524,06-02-2003,20401000000,20701000001,51700822,4210007,14,85.11,2014,75403,Муниципальное бюджетное учреждение,МБУ,2014,ЗАВЕДУЮЩИЙ,Силантьев Алексей Вячеславович,0,головная организация
Воронеж,"МБДОУ ""ДЕТСКИЙ САД ОБЩЕРАЗВИВАЮЩЕГО ВИДА № 47""","МУНИЦИПАЛЬНОЕ БЮДЖЕТНОЕ ДОШКОЛЬНОЕ ОБРАЗОВАТЕЛЬНОЕ УЧРЕЖДЕНИЕ ""ДЕТСКИЙ САД ОБЩЕРАЗВИВАЮЩЕГО ВИДА № 47""",дошкольное образование,3662050513,"394026, ВОРОНЕЖСКАЯ ОБЛАСТЬ, Г. ВОРОНЕЖ, УЛ. ВАРЕЙКИСА, Д.57","51.6806617, 39.1879123",действующая,07-02-2025,03-03-1998,366201001,1033600028879,03-02-2003,20401000000,20701000001,49756028,4210007,14,85.11,2014,75403,Муниципальное бюджетное учреждение,МБУ,2014,ЗАВЕДУЮЩАЯ,Глазкова Наталия Викторовна,0,головная организация
Воронеж,"МБДОУ ""ДЕТСКИЙ САД ОБЩЕРАЗВИВАЮЩЕГО ВИДА № 48""","МУНИЦИПАЛЬНОЕ БЮДЖЕТНОЕ ДОШКОЛЬНОЕ ОБРАЗОВАТЕЛЬНОЕ УЧРЕЖДЕНИЕ ""ДЕТСКИЙ САД ОБЩЕРАЗВИВАЮЩЕГО ВИДА № 48""",дошкольное образование,3665091236,"394055, ВОРОНЕЖСКАЯ ОБЛАСТЬ, Г. ВОРОНЕЖ, УЛ. ДОМОСТРОИТЕЛЕЙ, Д.67","51.6504434, 39.1565976",действующая,29-01-2025,14-12-2012,366501001,1123668060416,14-12-2012,20401000000,20701000001,10634266,4210007,14,85.11,2014,75403,Муниципальное бюджетное учреждение,МБУ,2014,ЗАВЕДУЮЩАЯ,Мелихова Ольга Михайловна,0,головная организация
Воронеж,"МБДОУ ""ДЕТСКИЙ САД ОБЩЕРАЗВИВАЮЩЕГО ВИДА № 49""","МУНИЦИПАЛЬНОЕ БЮДЖЕТНОЕ ДОШКОЛЬНОЕ ОБРАЗОВАТЕЛЬНОЕ УЧРЕЖДЕНИЕ ""ДЕТСКИЙ САД ОБЩЕРАЗВИВАЮЩЕГО ВИДА № 49""",дошкольное образование,3664033810,"394071, ВОРОНЕЖСКАЯ ОБЛАСТЬ, Г. ВОРОНЕЖ, ПЕР. АЛТАЙСКИЙ, Д.28","51.6452224, 39.2019434",действующая,07-02-2025,27-05-1998,366401001,1023602243070,22-08-2002,20401000000,20701000001,49752711,4210007,14,85.11,2014,75403,Муниципальное бюджетное учреждение,МБУ,2014,ЗАВЕДУЮЩАЯ,Косых Оксана Владимировна,0,головная организация
Воронеж,"МБДОУ ""ДЕТСКИЙ САД ОБЩЕРАЗВИВАЮЩЕГО ВИДА № 52""","МУНИЦИПАЛЬНОЕ БЮДЖЕТНОЕ ДОШКОЛЬНОЕ ОБРАЗОВАТЕЛЬНОЕ УЧРЕЖДЕНИЕ ""ДЕТСКИЙ САД ОБЩЕРАЗВИВАЮЩЕГО ВИДА №52""",дошкольное образование,3663036007,"394074, ВОРОНЕЖСКАЯ ОБЛАСТЬ, Г. ВОРОНЕЖ, УЛ. НЕБОЛЬСИНА, Д.13, К.А","51.6169163, 39.242618",действующая,12-02-2025,21-06-2002,366301001,1033600015470,24-01-2003,20401000000,20701000001,56453883,4210007,14,85.11,2014,75403,Муниципальное бюджетное учреждение,МБУ,2014,заведующая,Шептуха Марина Ивановна,0,головная организация
Воронеж,"МБДОУ ""ДЕТСКИЙ САД ОБЩЕРАЗВИВАЮЩЕГО ВИДА № 54""","МУНИЦИПАЛЬНОЕ БЮДЖЕТНОЕ ДОШКОЛЬНОЕ ОБРАЗОВАТЕЛЬНОЕ УЧРЕЖДЕНИЕ ""ДЕТСКИЙ САД ОБЩЕРАЗВИВАЮЩЕГО ВИДА № 54""",дошкольное образование,3665804007,"394092, ВОРОНЕЖСКАЯ ОБЛАСТЬ, Г. ВОРОНЕЖ, УЛ. КРАСОЧНАЯ, Д. 1","51.6998569, 39.0705002",действующая,08-02-2025,19-02-2019,366501001,1193668006817,19-02-2019,20401000000,20701000001,36195829,4210007,14,85.11,2014,75403,Муниципальное бюджетное учреждение,МБУ,2014,ЗАВЕДУЮЩИЙ,Косарева Ксения Владимировна,0,головная организация
Воронеж,"МБДОУ ""ДЕТСКИЙ САД ОБЩЕРАЗВИВАЮЩЕГО ВИДА № 55""","МУНИЦИПАЛЬНОЕ БЮДЖЕТНОЕ ДОШКОЛЬНОЕ ОБРАЗОВАТЕЛЬНОЕ УЧРЕЖДЕНИЕ ""ДЕТСКИЙ САД ОБЩЕРАЗВИВАЮЩЕГО ВИДА № 55""",дошкольное образование,3665034510,"394038, ВОРОНЕЖСКАЯ ОБЛАСТЬ, Г. ВОРОНЕЖ, УЛ. ПЕШЕ-СТРЕЛЕЦКАЯ, Д. 133","51.657141, 39.1480763",действующая,04-02-2025,10-04-1998,366501001,1033600024534,30-01-2003,20401000000,20701000001,05329704,4210007,14,85.11,2014,75403,Муниципальное бюджетное учреждение,МБУ,2014,ЗАВЕДУЮЩИЙ,Волчкова Нина Ильинична,0,головная организация
Воронеж,"МБДОУ ""ДЕТСКИЙ САД ОБЩЕРАЗВИВАЮЩЕГО ВИДА № 56""","МУНИЦИПАЛЬНОЕ БЮДЖЕТНОЕ ДОШКОЛЬНОЕ ОБРАЗОВАТЕЛЬНОЕ УЧРЕЖДЕНИЕ ""ДЕТСКИЙ САД ОБЩЕРАЗВИВАЮЩЕГО ВИДА № 56""",дошкольное образование,3663030340,"394008, ВОРОНЕЖСКАЯ ОБЛАСТЬ, Г. ВОРОНЕЖ, УЛ. АЗОВСКАЯ, Д.55, К.2491275","51.6149966, 39.2508272",действующая,07-02-2025,31-12-1998,366301001,1023601575140,15-12-2002,20401000000,20701000001,49753656,4210007,14,85.11,2014,75403,Муниципальное бюджетное учреждение,МБУ,2014,ЗАВЕДУЮЩАЯ,Плешкова Наталья Николаевна,0,головная организация
Воронеж,"МБДОУ ""ДЕТСКИЙ САД ОБЩЕРАЗВИВАЮЩЕГО ВИДА № 60""","МУНИЦИПАЛЬНОЕ БЮДЖЕТНОЕ ДОШКОЛЬНОЕ ОБРАЗОВАТЕЛЬНОЕ УЧРЕЖДЕНИЕ ""ДЕТСКИЙ САД ОБЩЕРАЗВИВАЮЩЕГО ВИДА № 60""",дошкольное образование,3662050619,"394049, ВОРОНЕЖСКАЯ ОБЛАСТЬ, Г. ВОРОНЕЖ, ПЕР. АВТОГЕННЫЙ, Д.19, К.А","51.6872372, 39.1959829",действующая,09-02-2025,20-03-1998,366201001,1033600018550,27-01-2003,20401000000,20701000001,49748201,4210007,14,85.11,2014,75403,Муниципальное бюджетное учреждение,МБУ,2014,ЗАВЕДУЮЩАЯ,Салохина Галина Ивановна,0,головная организация
Воронеж,"МБДОУ ""ДЕТСКИЙ САД ОБЩЕРАЗВИВАЮЩЕГО ВИДА № 62""","МУНИЦИПАЛЬНОЕ БЮДЖЕТНОЕ ДОШКОЛЬНОЕ ОБРАЗОВАТЕЛЬНОЕ УЧРЕЖДЕНИЕ ""ДЕТСКИЙ САД ОБЩЕРАЗВИВАЮЩЕГО ВИДА № 62""",дошкольное образование,3662050545,"394016, ВОРОНЕЖСКАЯ ОБЛАСТЬ, Г. ВОРОНЕЖ, УЛ. СОЛНЕЧНАЯ, Д.32","51.6984832, 39.1644035",действующая,28-04-2025,02-04-1998,366201001,1033600008342,20-01-2003,20401000000,20701000001,49756488,4210007,14,85.11,2014,75403,Муниципальное бюджетное учреждение,МБУ,2014,ЗАВЕДУЮЩАЯ,Стародубцева Мария Николаевна,0,головная организация
Воронеж,"МБДОУ ""ДЕТСКИЙ САД ОБЩЕРАЗВИВАЮЩЕГО ВИДА № 67""","МУНИЦИПАЛЬНОЕ БЮДЖЕТНОЕ ДОШКОЛЬНОЕ ОБРАЗОВАТЕЛЬНОЕ УЧРЕЖДЕНИЕ ""ДЕТСКИЙ САД ОБЩЕРАЗВИВАЮЩЕГО ВИДА № 67""",дошкольное образование,3664033760,"394018, ВОРОНЕЖСКАЯ ОБЛАСТЬ, Г. ВОРОНЕЖ, ПЛ. ЛЕНИНА, Д.5","51.6604938, 39.1969241",действующая,10-02-2025,27-05-1998,366401001,1023602242180,15-08-2002,20401000000,20701000001,49752817,4210007,14,85.11,2014,75403,Муниципальное бюджетное учреждение,МБУ,2014,ЗАВЕДУЮЩИЙ,Шаблова Ольга Николаевна,0,головная организация
Воронеж,"МБДОУ ""ДЕТСКИЙ САД ОБЩЕРАЗВИВАЮЩЕГО ВИДА № 76""","МУНИЦИПАЛЬНОЕ БЮДЖЕТНОЕ ДОШКОЛЬНОЕ ОБРАЗОВАТЕЛЬНОЕ УЧРЕЖДЕНИЕ ""ДЕТСКИЙ САД ОБЩЕРАЗВИВАЮЩЕГО ВИДА № 76""",дошкольное образование,3663029546,"394033, ВОРОНЕЖСКАЯ ОБЛАСТЬ, Г ВОРОНЕЖ, ПР-КТ ЛЕНИНСКИЙ, Д. 90","51.656916, 39.24508",действующая,24-08-2025,03-08-1998,366301001,1023601560839,20-11-2002,20401000000,20701000001,49742747,4210007,14,85.11,2014,75403,Муниципальное бюджетное учреждение,МБУ,2014,ЗАВЕДУЮЩАЯ,Губанова Елена Александровна,0,головная организация
Воронеж,"МБДОУ ""ДЕТСКИЙ САД ОБЩЕРАЗВИВАЮЩЕГО ВИДА № 79""","МУНИЦИПАЛЬНОЕ БЮДЖЕТНОЕ ДОШКОЛЬНОЕ ОБРАЗОВАТЕЛЬНОЕ УЧРЕЖДЕНИЕ ""ДЕТСКИЙ САД ОБЩЕРАЗВИВАЮЩЕГО ВИДА № 79""",дошкольное образование,3663030862,"394074, ВОРОНЕЖСКАЯ ОБЛАСТЬ, Г. ВОРОНЕЖ, УЛ. ЯРОСЛАВСКАЯ, Д.26","51.6119275, 39.2314307",действующая,05-02-2025,21-12-1998,366301001,1023601575139,15-12-2002,20401000000,20701000001,49750304,4210007,14,85.11,2014,75403,Муниципальное бюджетное учреждение,МБУ,2014,ЗАВЕДУЮЩАЯ,Заяц Кристина Алексеевна,0,головная организация
Воронеж,"МБДОУ ""ДЕТСКИЙ САД ОБЩЕРАЗВИВАЮЩЕГО ВИДА № 8""","МУНИЦИПАЛЬНОЕ БЮДЖЕТНОЕ ДОШКОЛЬНОЕ ОБРАЗОВАТЕЛЬНОЕ УЧРЕЖДЕНИЕ ""ДЕТСКИЙ САД ОБЩЕРАЗВИВАЮЩЕГО ВИДА № 8""",дошкольное образование,3664245109,"394030, ВОРОНЕЖСКАЯ ОБЛАСТЬ, Г. ВОРОНЕЖ, УЛ. 9 ЯНВАРЯ, Д. 68, К. 4, ПОМЕЩ. 1/1","51.668305, 39.175943",действующая,05-02-2025,24-01-2020,366401001,1203600001813,24-01-2020,20401000000,20701000001,43183761,4210007,14,85.11,2014,75403,Муниципальное бюджетное учреждение,МБУ,2014,ЗАВЕДУЮЩИЙ,Тимирева Светлана Викторовна,0,головная организация
Воронеж,"МБДОУ ""ДЕТСКИЙ САД ОБЩЕРАЗВИВАЮЩЕГО ВИДА № 81""","МУНИЦИПАЛЬНОЕ БЮДЖЕТНОЕ ДОШКОЛЬНОЕ ОБРАЗОВАТЕЛЬНОЕ УЧРЕЖДЕНИЕ ""ДЕТСКИЙ САД ОБЩЕРАЗВИВАЮЩЕГО ВИДА № 81""",дошкольное образование,3663103687,"394090, ВОРОНЕЖСКАЯ ОБЛАСТЬ, Г. ВОРОНЕЖ, УЛ. РОСТОВСКАЯ, Д. 69 А","51.592105, 39.247109",действующая,26-01-2025,10-04-2014,366301001,1143668017327,10-04-2014,20401000000,20701000001,26529270,4210007,14,85.11,2014,75403,Муниципальное бюджетное учреждение,МБУ,2014,ЗАВЕДУЮЩАЯ,Исакова Юлия Николаевна,0,головная организация
Воронеж,"МБДОУ ""ДЕТСКИЙ САД ОБЩЕРАЗВИВАЮЩЕГО ВИДА № 84""","МУНИЦИПАЛЬНОЕ БЮДЖЕТНОЕ ДОШКОЛЬНОЕ ОБРАЗОВАТЕЛЬНОЕ УЧРЕЖДЕНИЕ ""ДЕТСКИЙ САД ОБЩЕРАЗВИВАЮЩЕГО ВИДА № 84""",дошкольное образование,3666209931,"394087, ВОРОНЕЖСКАЯ ОБЛАСТЬ, Г. ВОРОНЕЖ, УЛ. ЛОМОНОСОВА, Д. 114/46","51.728626, 39.2036025",действующая,28-01-2025,07-06-2016,366601001,1163668085074,07-06-2016,20401000000,20701000001,02917760,4210007,14,85.11,2014,75403,Муниципальное бюджетное учреждение,МБУ,2014,ЗАВЕДУЮЩИЙ,Пузакова Елена Вадимовна,0,головная организация
Воронеж,"МБДОУ ""ДЕТСКИЙ САД ОБЩЕРАЗВИВАЮЩЕГО ВИДА № 9""","МУНИЦИПАЛЬНОЕ БЮДЖЕТНОЕ ДОШКОЛЬНОЕ ОБРАЗОВАТЕЛЬНОЕ УЧРЕЖДЕНИЕ ""ДЕТСКИЙ САД ОБЩЕРАЗВИВАЮЩЕГО ВИДА № 9""",дошкольное образование,3664033680,"394006, ВОРОНЕЖСКАЯ ОБЛАСТЬ, Г. ВОРОНЕЖ, УЛ. МОИСЕЕВА, Д.11","51.6537354, 39.1829236",действующая,08-02-2025,03-06-1998,366401001,1023602242685,20-08-2002,20401000000,20701000001,56462899,4210007,14,85.11,2014,75403,Муниципальное бюджетное учреждение,МБУ,2014,ЗАВЕДУЮЩАЯ,Амплеева Алевтина Валентиновна,0,головная организация
Воронеж,"МБДОУ ""ДЕТСКИЙ САД ОБЩЕРАЗВИВАЮЩЕГО ВИДА № 91""","МУНИЦИПАЛЬНОЕ БЮДЖЕТНОЕ ДОШКОЛЬНОЕ ОБРАЗОВАТЕЛЬНОЕ УЧРЕЖДЕНИЕ ""ДЕТСКИЙ САД ОБЩЕРАЗВИВАЮЩЕГО ВИДА № 91""",дошкольное образование,3662271047,"394075, ВОРОНЕЖСКАЯ ОБЛАСТЬ, Г. ВОРОНЕЖ, УЛ. ДМИТРИЯ ГОРИНА, Д. 61/1","51.7299778, 39.1619312",действующая,08-02-2025,22-01-2019,366201001,1193668001230,22-01-2019,20401000000,20701000001,35625446,4210007,14,85.11,2014,75403,Муниципальное бюджетное учреждение,МБУ,2014,ЗАВЕДУЮЩИЙ,Крутских Людмила Владимировна,0,головная организация
Воронеж,"МБДОУ ""ДЕТСКИЙ САД ОБЩЕРАЗВИВАЮЩЕГО ВИДА № 92""","МУНИЦИПАЛЬНОЕ БЮДЖЕТНОЕ ДОШКОЛЬНОЕ ОБРАЗОВАТЕЛЬНОЕ УЧРЕЖДЕНИЕ ""ДЕТСКИЙ САД ОБЩЕРАЗВИВАЮЩЕГО ВИДА № 92""",дошкольное образование,3662281447,"394016, ВОРОНЕЖСКАЯ ОБЛАСТЬ, Г. ВОРОНЕЖ, УЛ. 45 СТРЕЛКОВОЙ ДИВИЗИИ, Д. 259/4, ПОМЕЩ. 1/1","51.688097, 39.1348",действующая,06-02-2025,20-12-2019,366201001,1193668047121,20-12-2019,20401000000,20701000001,42771579,4210007,14,85.11,2014,75403,Муниципальное бюджетное учреждение,МБУ,2014,ЗАВЕДУЮЩИЙ,Никулина Ольга Анатольевна,0,головная организация
Воронеж,"МБДОУ ""ДЕТСКИЙ САД ОБЩЕРАЗВИВАЮЩЕГО ВИДА № 93""","МУНИЦИПАЛЬНОЕ БЮДЖЕТНОЕ ДОШКОЛЬНОЕ ОБРАЗОВАТЕЛЬНОЕ УЧРЕЖДЕНИЕ ""ДЕТСКИЙ САД ОБЩЕРАЗВИВАЮЩЕГО ВИДА № 93""",дошкольное образование,3662158997,"394016, ВОРОНЕЖСКАЯ ОБЛАСТЬ, Г. ВОРОНЕЖ, УЛ. ДОНСКАЯ, Д.73","51.6980275, 39.1555675",действующая,28-04-2025,17-11-2010,366201001,1103668036768,17-11-2010,20401000000,20701000001,67607852,4210007,14,85.11,2014,75403,Муниципальное бюджетное учреждение,МБУ,2014,ЗАВЕДУЮЩИЙ,Вобленко Елена Александровна,0,головная организация
Воронеж,"МБДОУ ""ДЕТСКИЙ САД ОБЩЕРАЗВИВАЮЩЕГО ВИДА №74""","МУНИЦИПАЛЬНОЕ БЮДЖЕТНОЕ ДОШКОЛЬНОЕ ОБРАЗОВАТЕЛЬНОЕ УЧРЕЖДЕНИЕ ""ДЕТСКИЙ САД ОБЩЕРАЗВИВАЮЩЕГО ВИДА №74""",дошкольное образование,3663105028,"394074, ВОРОНЕЖСКАЯ ОБЛАСТЬ, Г. ВОРОНЕЖ, УЛ. РОСТОВСКАЯ, Д. 58/6","51.603485, 39.24069",действующая,26-01-2025,01-07-2014,366301001,1143668031143,01-07-2014,20401000000,20701000001,29694383,4210007,14,85.11,2014,75403,Муниципальное бюджетное учреждение,МБУ,2014,ЗАВЕДУЮЩАЯ,Давыдова Ирина Валериевна,0,головная организация
Воронеж,"МБДОУ ""ДЕТСКИЙ САД ОБЩЕРАЗВИВАЮЩЕГО ВИДА №78""","МУНИЦИПАЛЬНОЕ БЮДЖЕТНОЕ ДОШКОЛЬНОЕ ОБРАЗОВАТЕЛЬНОЕ УЧРЕЖДЕНИЕ ""ДЕТСКИЙ САД ОБЩЕРАЗВИВАЮЩЕГО ВИДА №78""",дошкольное образование,3661064344,"394021, ВОРОНЕЖСКАЯ ОБЛАСТЬ, Г. ВОРОНЕЖ, УЛ. МИНСКАЯ, Д. 43/2","51.68788, 39.283432",действующая,12-02-2025,01-07-2014,366101001,1143668031176,01-07-2014,20401000000,20701000001,29694466,4210007,14,85.11,2014,75403,Муниципальное бюджетное учреждение,МБУ,2014,ЗАВЕДУЮЩИЙ,Степанова Мариана Михайловна,0,головная организация
Воронеж,"МБДОУ ""ЦЕНТР РАЗВИТИЯ РЕБЁНКА - ДЕТСКИЙ САД № 103""","МУНИЦИПАЛЬНОЕ БЮДЖЕТНОЕ ДОШКОЛЬНОЕ ОБРАЗОВАТЕЛЬНОЕ УЧРЕЖДЕНИЕ ""ЦЕНТР РАЗВИТИЯ РЕБЁНКА - ДЕТСКИЙ САД № 103""",дошкольное образование,3664033721,"394030, ВОРОНЕЖСКАЯ ОБЛАСТЬ, Г. ВОРОНЕЖ, УЛ. РЕВОЛЮЦИИ 1905 ГОДА, Д.72","51.6691524, 39.1861435",действующая,16-12-2025,27-05-1998,366401001,1023601574963,11-12-2002,20401000000,20701000001,57706518,4210007,14,85.11,2014,75403,Муниципальное бюджетное учреждение,МБУ,2014,ЗАВЕДУЮЩИЙ,Колесникова Татьяна Юрьевна,0,головная организация
Воронеж,"МБДОУ ""ЦЕНТР РАЗВИТИЯ РЕБЁНКА - ДЕТСКИЙ САД № 139""","МУНИЦИПАЛЬНОЕ БЮДЖЕТНОЕ ДОШКОЛЬНОЕ ОБРАЗОВАТЕЛЬНОЕ УЧРЕЖДЕНИЕ ""ЦЕНТР РАЗВИТИЯ РЕБЁНКА - ДЕТСКИЙ САД № 139""",дошкольное образование,3663029560,"394090, ВОРОНЕЖСКАЯ ОБЛАСТЬ, Г. ВОРОНЕЖ, УЛ. НОВОСИБИРСКАЯ, Д. 31А","51.5988496, 39.2391436",действующая,24-09-2025,21-10-1998,366301001,1023601575690,15-12-2002,20401000000,20701000001,49746432,4210007,14,85.11,2014,75403,Муниципальное бюджетное учреждение,МБУ,2014,ЗАВЕДУЮЩАЯ,Майорова Наталья Михайловна,0,головная организация
Воронеж,"МБДОУ ""ЦЕНТР РАЗВИТИЯ РЕБЁНКА - ДЕТСКИЙ САД № 145""","МУНИЦИПАЛЬНОЕ БЮДЖЕТНОЕ ДОШКОЛЬНОЕ ОБРАЗОВАТЕЛЬНОЕ УЧРЕЖДЕНИЕ ""ЦЕНТР РАЗВИТИЯ РЕБЁНКА - ДЕТСКИЙ САД № 145""",дошкольное образование,3665033040,"394086, ВОРОНЕЖСКАЯ ОБЛАСТЬ, Г ВОРОНЕЖ, УЛ ЮЖНО-МОРАВСКАЯ, Д. 23А","51.6523237, 39.1107012",действующая,13-02-2025,21-09-2001,366501001,1023601587613,26-12-2002,20401000000,20701000001,57717410,4210007,14,85.11,2014,75403,Муниципальное бюджетное учреждение,МБУ,2014,заведующая,Гнездилова Надежда Дмитриевна,0,головная организация
Воронеж,"МБДОУ ""ЦЕНТР РАЗВИТИЯ РЕБЁНКА - ДЕТСКИЙ САД № 182""","МУНИЦИПАЛЬНОЕ БЮДЖЕТНОЕ ДОШКОЛЬНОЕ ОБРАЗОВАТЕЛЬНОЕ УЧРЕЖДЕНИЕ ""ЦЕНТР РАЗВИТИЯ РЕБЁНКА - ДЕТСКИЙ САД № 182""",дошкольное образование,3662045129,"394077, ВОРОНЕЖСКАЯ ОБЛАСТЬ, Г. ВОРОНЕЖ, Б-Р ПОБЕДЫ, Д.14","51.7140798, 39.1705279",действующая,16-03-2025,04-03-1997,366201001,1033600028692,03-02-2003,20401000000,20701000001,45961323,4210007,14,85.11,2014,75403,Муниципальное бюджетное учреждение,МБУ,2014,ЗАВЕДУЮЩАЯ,Бычкова Ирина Николаевна,0,головная организация
Воронеж,"МБДОУ ""ЦЕНТР РАЗВИТИЯ РЕБЁНКА - ДЕТСКИЙ САД № 73""","МУНИЦИПАЛЬНОЕ БЮДЖЕТНОЕ ДОШКОЛЬНОЕ ОБРАЗОВАТЕЛЬНОЕ УЧРЕЖДЕНИЕ ""ЦЕНТР РАЗВИТИЯ РЕБЁНКА - ДЕТСКИЙ САД № 73""",дошкольное образование,3664033707,"394031, ВОРОНЕЖСКАЯ ОБЛАСТЬ, Г. ВОРОНЕЖ, УЛ. УЛЬЯНОВСКАЯ, Д.31","51.629205, 39.1942756",действующая,09-02-2025,03-06-1998,366401001,1023602243081,22-08-2002,20401000000,20701000001,57706010,4210007,14,85.11,2014,75403,Муниципальное бюджетное учреждение,МБУ,2014,ЗАВЕДУЮЩАЯ,Зиброва Надежда Алексеевна,0,головная организация
Воронеж,"МБДОУ ""ЦЕНТР РАЗВИТИЯ РЕБЁНКА ""АЛЁНУШКА"" - ДЕТСКИЙ САД № 3""","МУНИЦИПАЛЬНОЕ БЮДЖЕТНОЕ ДОШКОЛЬНОЕ ОБРАЗОВАТЕЛЬНОЕ УЧРЕЖДЕНИЕ ""ЦЕНТР РАЗВИТИЯ РЕБЁНКА ""АЛЁНУШКА"" - ДЕТСКИЙ САД № 3""",дошкольное образование,3664028150,"394006, ВОРОНЕЖСКАЯ ОБЛАСТЬ, Г. ВОРОНЕЖ, УЛ. КУЦЫГИНА, Д.37","51.6616087, 39.1832192",действующая,28-04-2025,28-06-2001,366401001,1033600025326,30-01-2003,20401000000,20701000001,44730633,4210007,14,85.11,2014,75403,Муниципальное бюджетное учреждение,МБУ,2014,ЗАВЕДУЮЩАЯ,Меркулова Анна Сергеевна,0,головная организация
Воронеж,"МБДОУ ""ЦППМСП - ДЕТСКИЙ САД ОБЩЕРАЗВИВАЮЩЕГО ВИДА № 34""","МУНИЦИПАЛЬНОЕ БЮДЖЕТНОЕ ДОШКОЛЬНОЕ ОБРАЗОВАТЕЛЬНОЕ УЧРЕЖДЕНИЕ ""ЦЕНТР ПСИХОЛОГО-ПЕДАГОГИЧЕСКОЙ, МЕДИЦИНСКОЙ И СОЦИАЛЬНОЙ ПОМОЩИ ГОРОДСКОГО ОКРУГА ГОРОД ВОРОНЕЖ - ДЕТСКИЙ САД ОБЩЕРАЗВИВАЮЩЕГО ВИДА № 34""",дошкольное образование,3665034703,"394051, ВОРОНЕЖСКАЯ ОБЛАСТЬ, Г. ВОРОНЕЖ, УЛ. ПИСАТЕЛЯ МАРШАКА, Д.12","51.6525143, 39.1441589",действующая,15-01-2026,26-03-1998,366501001,1023601583378,25-12-2002,20401000000,20701000001,03017923,4210007,14,85.11,2014,75403,Муниципальное бюджетное учреждение,МБУ,2014,ЗАВЕДУЮЩИЙ,Болотова Светлана Александровна,0,головная организация
Воронеж,"МБДОУ ""ЦРР - ДЕТСКИЙ САД № 104""","МУНИЦИПАЛЬНОЕ БЮДЖЕТНОЕ ДОШКОЛЬНОЕ ОБРАЗОВАТЕЛЬНОЕ УЧРЕЖДЕНИЕ ""ЦЕНТР РАЗВИТИЯ РЕБЁНКА - ДЕТСКИЙ САД № 104""",дошкольное образование,3661017425,"394063, ВОРОНЕЖСКАЯ ОБЛАСТЬ, Г. ВОРОНЕЖ, ПР-КТ ЛЕНИНСКИЙ, Д. 191","51.697052, 39.269745",действующая,18-03-2025,24-08-2001,366101001,1033600004063,14-01-2003,20401000000,20701000001,47785681,4210007,14,85.11,2014,75403,Муниципальное бюджетное учреждение,МБУ,2014,ЗАВЕДУЮЩАЯ,Сурина Ирина Вячеславовна,0,головная организация
Воронеж,"МБДОУ ""ЦРР - ДЕТСКИЙ САД № 111""","МУНИЦИПАЛЬНОЕ БЮДЖЕТНОЕ ДОШКОЛЬНОЕ ОБРАЗОВАТЕЛЬНОЕ УЧРЕЖДЕНИЕ ""ЦЕНТР РАЗВИТИЯ РЕБЁНКА - ДЕТСКИЙ САД № 111""",дошкольное образование,3662050270,"394088, ВОРОНЕЖСКАЯ ОБЛАСТЬ, Г. ВОРОНЕЖ, УЛ. ГЕНЕРАЛА ЛИЗЮКОВА, Д.97А","51.707077, 39.140293",действующая,10-02-2025,24-08-1998,366201001,1023601589362,30-12-2002,20401000000,20701000001,49745013,4210007,14,85.11,2014,75403,Муниципальное бюджетное учреждение,МБУ,2014,ЗАВЕДУЮЩАЯ,Панкова Любовь Ивановна,0,головная организация
Воронеж,"МБДОУ ""ЦРР - ДЕТСКИЙ САД № 117""","МУНИЦИПАЛЬНОЕ БЮДЖЕТНОЕ ДОШКОЛЬНОЕ ОБРАЗОВАТЕЛЬНОЕ УЧРЕЖДЕНИЕ ""ЦЕНТР РАЗВИТИЯ РЕБЁНКА - ДЕТСКИЙ САД № 117""",дошкольное образование,3665015700,"394065, ВОРОНЕЖСКАЯ ОБЛАСТЬ, Г. ВОРОНЕЖ, УЛ. ОЛЕКО ДУНДИЧА, Д.5","51.6505508, 39.1336927",действующая,08-02-2025,05-04-1996,366501001,1033600017912,27-01-2003,20401000000,20701000001,42622684,4210007,14,85.11,2014,75403,Муниципальное бюджетное учреждение,МБУ,2014,ЗАВЕДУЮЩАЯ,Лютикова Лариса Васильевна,0,головная организация
Воронеж,"МБДОУ ""ЦРР - ДЕТСКИЙ САД № 120""","МУНИЦИПАЛЬНОЕ БЮДЖЕТНОЕ ДОШКОЛЬНОЕ ОБРАЗОВАТЕЛЬНОЕ УЧРЕЖДЕНИЕ ""ЦЕНТР РАЗВИТИЯ РЕБЁНКА - ДЕТСКИЙ САД № 120""",дошкольное образование,3661019694,"394042, ВОРОНЕЖСКАЯ ОБЛАСТЬ, Г. ВОРОНЕЖ, УЛ. ОСТУЖЕВА, Д.38","51.6827392, 39.2688678",действующая,06-02-2025,29-04-1998,366101001,1033600001456,08-01-2003,20401000000,20701000001,49750764,4210007,14,85.11,2014,75403,Муниципальное бюджетное учреждение,МБУ,2014,ЗАВЕДУЮЩИЙ,Базеева Марина Александровна,0,головная организация
Воронеж,"МБДОУ ""ЦРР - ДЕТСКИЙ САД № 121""","МУНИЦИПАЛЬНОЕ БЮДЖЕТНОЕ ДОШКОЛЬНОЕ ОБРАЗОВАТЕЛЬНОЕ УЧРЕЖДЕНИЕ ""ЦЕНТР РАЗВИТИЯ РЕБЁНКА - ДЕТСКИЙ САД № 121""",дошкольное образование,3661018524,"394042, ВОРОНЕЖСКАЯ ОБЛАСТЬ, Г. ВОРОНЕЖ, ПР-КТ ЛЕНИНСКИЙ, Д.140","51.682285, 39.264014",действующая,02-02-2025,23-02-1998,366101001,1033600010267,21-01-2003,20401000000,20701000001,49747526,4210007,14,85.11,2014,75403,Муниципальное бюджетное учреждение,МБУ,2014,ЗАВЕДУЮЩИЙ,Русанова Надежда Владимировна,0,головная организация
Воронеж,"МБДОУ ""ЦРР - ДЕТСКИЙ САД № 123""","МУНИЦИПАЛЬНОЕ БЮДЖЕТНОЕ ДОШКОЛЬНОЕ ОБРАЗОВАТЕЛЬНОЕ УЧРЕЖДЕНИЕ ""ЦЕНТР РАЗВИТИЯ РЕБЁНКА - ДЕТСКИЙ САД № 123""",дошкольное образование,3665015725,"394086, ВОРОНЕЖСКАЯ ОБЛАСТЬ, Г. ВОРОНЕЖ, УЛ. ШЕНДРИКОВА, Д.4","51.6571769, 39.1098952",действующая,08-02-2025,05-04-1996,366501001,1033600035150,05-02-2003,20401000000,20701000001,42622709,4210007,14,85.11,2014,75403,Муниципальное бюджетное учреждение,МБУ,2014,ЗАВЕДУЮЩАЯ,Дорофеева Оксана Петровна,0,головная организация
Воронеж,"МБДОУ ""ЦРР - ДЕТСКИЙ САД № 129""","МУНИЦИПАЛЬНОЕ БЮДЖЕТНОЕ ДОШКОЛЬНОЕ ОБРАЗОВАТЕЛЬНОЕ УЧРЕЖДЕНИЕ ""ЦЕНТР РАЗВИТИЯ РЕБЁНКА - ДЕТСКИЙ САД № 129""",дошкольное образование,3665034252,"394062, ВОРОНЕЖСКАЯ ОБЛАСТЬ, Г. ВОРОНЕЖ, УЛ. ЮЖНО-МОРАВСКАЯ, Д.32","51.6551314, 39.1235215",действующая,06-02-2025,01-06-1998,366501001,1033600020596,29-01-2003,20401000000,20701000001,01646230,4210007,14,85.11,2014,75403,Муниципальное бюджетное учреждение,МБУ,2014,ЗАВЕДУЮЩИЙ,Кузнецова Алла Анатольевна,0,головная организация
Воронеж,"МБДОУ ""ЦРР - ДЕТСКИЙ САД № 131""","МУНИЦИПАЛЬНОЕ БЮДЖЕТНОЕ ДОШКОЛЬНОЕ ОБРАЗОВАТЕЛЬНОЕ УЧРЕЖДЕНИЕ ""ЦЕНТР РАЗВИТИЯ РЕБЁНКА - ДЕТСКИЙ САД № 131""",дошкольное образование,3661023394,"394042, ВОРОНЕЖСКАЯ ОБЛАСТЬ, Г. ВОРОНЕЖ, УЛ. МИНСКАЯ, Д.33","51.6805243, 39.2686964",действующая,01-02-2025,23-03-1998,366101001,1033600005812,15-01-2003,20401000000,20701000001,01715178,4210007,14,85.11,2014,75403,Муниципальное бюджетное учреждение,МБУ,2014,ЗАВЕДУЮЩИЙ,Агапова Наталья Викторовна,0,головная организация
Воронеж,"МБДОУ ""ЦРР - ДЕТСКИЙ САД № 133""","МУНИЦИПАЛЬНОЕ БЮДЖЕТНОЕ ДОШКОЛЬНОЕ ОБРАЗОВАТЕЛЬНОЕ УЧРЕЖДЕНИЕ ""ЦЕНТР РАЗВИТИЯ РЕБЁНКА - ДЕТСКИЙ САД № 133""",дошкольное образование,3663036896,"394028, ВОРОНЕЖСКАЯ ОБЛАСТЬ, Г. ВОРОНЕЖ, УЛ. ТУПОЛЕВА, Д.15 А","51.6388237, 39.274004",действующая,13-02-2025,28-12-1998,366301001,1033600028890,03-02-2003,20401000000,20701000001,57707682,4210007,14,85.11,2014,75403,Муниципальное бюджетное учреждение,МБУ,2014,ЗАВЕДУЮЩИЙ,Кутепова Вера Александровна,0,головная организация
Воронеж,"МБДОУ ""ЦРР - ДЕТСКИЙ САД № 164""","МУНИЦИПАЛЬНОЕ БЮДЖЕТНОЕ ДОШКОЛЬНОЕ ОБРАЗОВАТЕЛЬНОЕ УЧРЕЖДЕНИЕ ""ЦЕНТР РАЗВИТИЯ РЕБЁНКА - ДЕТСКИЙ САД № 164""",дошкольное образование,3666039990,"394036, ВОРОНЕЖСКАЯ ОБЛАСТЬ, Г. ВОРОНЕЖ, УЛ. КАРЛА МАРКСА, Д.39","51.6600989, 39.2075422",действующая,07-02-2025,25-06-2002,366601001,1033600009376,20-01-2003,20401000000,20701000001,26533604,4210007,14,85.11,2014,75403,Муниципальное бюджетное учреждение,МБУ,2014,ЗАВЕДУЮЩАЯ,Шелухина Елена Ивановна,0,головная организация
Воронеж,"МБДОУ ""ЦРР - ДЕТСКИЙ САД № 168""","МУНИЦИПАЛЬНОЕ БЮДЖЕТНОЕ ДОШКОЛЬНОЕ ОБРАЗОВАТЕЛЬНОЕ УЧРЕЖДЕНИЕ ""ЦЕНТР РАЗВИТИЯ РЕБЁНКА - ДЕТСКИЙ САД № 168""",дошкольное образование,3662050351,"394088, ВОРОНЕЖСКАЯ ОБЛАСТЬ, Г ВОРОНЕЖ, УЛ ХОЛЬЗУНОВА, Д. 108А","51.704432, 39.140648",действующая,21-08-2025,21-04-1998,366201001,1033600031057,04-02-2003,20401000000,20701000001,49756347,4210007,14,85.11,2014,75403,Муниципальное бюджетное учреждение,МБУ,2014,ЗАВЕДУЮЩАЯ,Шаповалова Наталья Сергеевна,0,головная организация
Воронеж,"МБДОУ ""ЦРР - ДЕТСКИЙ САД № 172""","МУНИЦИПАЛЬНОЕ БЮДЖЕТНОЕ ДОШКОЛЬНОЕ ОБРАЗОВАТЕЛЬНОЕ УЧРЕЖДЕНИЕ ""ЦЕНТР РАЗВИТИЯ РЕБЁНКА - ДЕТСКИЙ САД № 172""",дошкольное образование,3665035961,"394040, ВОРОНЕЖСКАЯ ОБЛАСТЬ, Г ВОРОНЕЖ, УЛ ПАПОВА, Д. 4","51.686604, 39.0831902",действующая,25-05-2025,18-02-1999,366501001,1033600022301,29-01-2003,20401000000,20701000001,35848376,4210007,14,85.11,2014,75403,Муниципальное бюджетное учреждение,МБУ,2014,Заведующий,Бурлаченко Лариса Владимировна,0,головная организация
Воронеж,"МБДОУ ""ЦРР - ДЕТСКИЙ САД № 175""","МУНИЦИПАЛЬНОЕ БЮДЖЕТНОЕ ДОШКОЛЬНОЕ ОБРАЗОВАТЕЛЬНОЕ УЧРЕЖДЕНИЕ ""ЦЕНТР РАЗВИТИЯ РЕБЁНКА - ДЕТСКИЙ САД № 175""",дошкольное образование,3663029553,"394007, ВОРОНЕЖСКАЯ ОБЛАСТЬ, Г. ВОРОНЕЖ, УЛ. ИЛЬИЧА, Д. 59А","51.671674, 39.246775",действующая,05-02-2025,05-11-1998,366301001,1033600059283,09-02-2003,20401000000,20701000001,49751083,4210007,14,85.11,2014,75403,Муниципальное бюджетное учреждение,МБУ,2014,ЗАВЕДУЮЩИЙ,Ряшенцева Елена Викторовна,0,головная организация
Воронеж,"МБДОУ ""ЦРР - ДЕТСКИЙ САД № 181""","МУНИЦИПАЛЬНОЕ БЮДЖЕТНОЕ ДОШКОЛЬНОЕ ОБРАЗОВАТЕЛЬНОЕ УЧРЕЖДЕНИЕ ""ЦЕНТР РАЗВИТИЯ РЕБЁНКА - ДЕТСКИЙ САД № 181""",дошкольное образование,3662065076,"394077, ВОРОНЕЖСКАЯ ОБЛАСТЬ, Г. ВОРОНЕЖ, УЛ. 60-ЛЕТИЯ ВЛКСМ, Д.19","51.709952, 39.155651",действующая,13-02-2025,20-03-2002,366201001,1033600009585,21-01-2003,20401000000,20701000001,10600511,4210007,14,85.11,2014,75403,Муниципальное бюджетное учреждение,МБУ,2014,ЗАВЕДУЮЩИЙ,Сухомлинова Ольга Александровна,0,головная организация
Воронеж,"МБДОУ ""ЦРР - ДЕТСКИЙ САД № 183""","МУНИЦИПАЛЬНОЕ БЮДЖЕТНОЕ ДОШКОЛЬНОЕ ОБРАЗОВАТЕЛЬНОЕ УЧРЕЖДЕНИЕ ""ЦЕНТР РАЗВИТИЯ РЕБЁНКА - ДЕТСКИЙ САД № 183""",дошкольное образование,3663038702,"394002, ВОРОНЕЖСКАЯ ОБЛАСТЬ, Г. ВОРОНЕЖ, УЛ. РИЖСКАЯ, Д.8-А","51.663216, 39.28516",действующая,05-02-2025,14-01-1999,366301001,1033600013182,23-01-2003,20401000000,20701000001,49751670,4210007,14,85.11,2014,75403,Муниципальное бюджетное учреждение,МБУ,2014,ЗАВЕДУЮЩАЯ,Колядина Наталья Юрьевна,0,головная организация
Воронеж,"МБДОУ ""ЦРР - ДЕТСКИЙ САД № 184""","МУНИЦИПАЛЬНОЕ БЮДЖЕТНОЕ ДОШКОЛЬНОЕ ОБРАЗОВАТЕЛЬНОЕ УЧРЕЖДЕНИЕ ""ЦЕНТР РАЗВИТИЯ РЕБЁНКА - ДЕТСКИЙ САД № 184""",дошкольное образование,3665033964,"394048, ВОРОНЕЖСКАЯ ОБЛАСТЬ, Г. ВОРОНЕЖ, УЛ. КУРЧАТОВА, Д.12","51.5585488, 39.1181514",действующая,06-02-2025,17-06-1998,366501001,1033600030573,04-02-2003,20401000000,20701000001,00744054,4210007,14,85.11,2014,75403,Муниципальное бюджетное учреждение,МБУ,2014,ЗАВЕДУЮЩАЯ,Пономарева Ольга Алексеевна,0,головная организация
Воронеж,"МБДОУ ""ЦРР - ДЕТСКИЙ САД № 189""","МУНИЦИПАЛЬНОЕ БЮДЖЕТНОЕ ДОШКОЛЬНОЕ ОБРАЗОВАТЕЛЬНОЕ УЧРЕЖДЕНИЕ ""ЦЕНТР РАЗВИТИЯ РЕБЁНКА - ДЕТСКИЙ САД № 189""",дошкольное образование,3662050376,"394077, ВОРОНЕЖСКАЯ ОБЛАСТЬ, Г. ВОРОНЕЖ, УЛ. 60 АРМИИ, Д.33","51.7150932, 39.1639184",действующая,25-03-2025,26-12-2001,366201001,1033600025766,31-01-2003,20401000000,20701000001,49744216,4210007,14,85.11,2014,75403,Муниципальное бюджетное учреждение,МБУ,2014,ЗАВЕДУЮЩАЯ,Атаян Светлана Эдуардовна,0,головная организация
Воронеж,"МБДОУ ""ЦРР - ДЕТСКИЙ САД № 193""","МУНИЦИПАЛЬНОЕ БЮДЖЕТНОЕ ДОШКОЛЬНОЕ ОБРАЗОВАТЕЛЬНОЕ УЧРЕЖДЕНИЕ ""ЦЕНТР РАЗВИТИЯ РЕБЁНКА - ДЕТСКИЙ САД № 193""",дошкольное образование,3662050432,"394077, ВОРОНЕЖСКАЯ ОБЛАСТЬ, Г. ВОРОНЕЖ, УЛ. ВЛАДИМИРА НЕВСКОГО, Д.44Б","51.715264, 39.169232",действующая,02-02-2025,03-02-2003,366201001,1033600028912,03-02-2003,20401000000,20701000001,57707860,4210007,14,85.11,2014,75403,Муниципальное бюджетное учреждение,МБУ,2014,ЗАВЕДУЮЩАЯ,Варфоломеева Ирина Константиновна,0,головная организация
Воронеж,"МБДОУ ""ЦРР - ДЕТСКИЙ САД № 194""","МУНИЦИПАЛЬНОЕ БЮДЖЕТНОЕ ДОШКОЛЬНОЕ ОБРАЗОВАТЕЛЬНОЕ УЧРЕЖДЕНИЕ ""ЦЕНТР РАЗВИТИЯ РЕБЁНКА - ДЕТСКИЙ САД № 194""",дошкольное образование,3665034245,"394040, ВОРОНЕЖСКАЯ ОБЛАСТЬ, Г. ВОРОНЕЖ, УЛ. 232 СТРЕЛКОВОЙ ДИВИЗИИ, Д.49","51.68229, 39.09217",действующая,08-02-2025,30-06-1998,366501001,1023601587294,26-12-2002,20401000000,20701000001,02070364,4210007,14,85.11,2014,75403,Муниципальное бюджетное учреждение,МБУ,2014,ЗАВЕДУЮЩАЯ,Воропаева Ирина Николаевна,0,головная организация
Воронеж,"МБДОУ ""ЦРР - ДЕТСКИЙ САД № 196""","МУНИЦИПАЛЬНОЕ БЮДЖЕТНОЕ ДОШКОЛЬНОЕ ОБРАЗОВАТЕЛЬНОЕ УЧРЕЖДЕНИЕ ""ЦЕНТР РАЗВИТИЯ РЕБЁНКА - ДЕТСКИЙ САД № 196""",дошкольное образование,3663036705,"394090, ВОРОНЕЖСКАЯ ОБЛАСТЬ, Г. ВОРОНЕЖ, УЛ. НОВОСИБИРСКАЯ, Д.51","51.5967589, 39.2388593",действующая,05-02-2025,24-08-1998,366301001,1023601575370,15-12-2002,20401000000,20701000001,49742670,4210007,14,85.11,2014,75403,Муниципальное бюджетное учреждение,МБУ,2014,Заведующая,Пальчикова Лариса Валериевна,0,головная организация
Воронеж,"МБДОУ ""ЦРР - ДЕТСКИЙ САД № 198""","МУНИЦИПАЛЬНОЕ БЮДЖЕТНОЕ ДОШКОЛЬНОЕ ОБРАЗОВАТЕЛЬНОЕ УЧРЕЖДЕНИЕ ""ЦЕНТР РАЗВИТИЯ РЕБЁНКА - ДЕТСКИЙ САД № 198""",дошкольное образование,3663034391,"394004, ВОРОНЕЖСКАЯ ОБЛАСТЬ, Г. ВОРОНЕЖ, НАБ. АВИАСТРОИТЕЛЕЙ, Д.30","51.6452584, 39.2350229",действующая,03-02-2025,24-09-1998,366301001,1033600020343,28-01-2003,20401000000,20701000001,54691880,4210007,14,85.11,2014,75403,Муниципальное бюджетное учреждение,МБУ,2014,ЗАВЕДУЮЩИЙ,Самухина Инна Викторовна,0,головная организация
Воронеж,"МБДОУ ""ЦРР - ДЕТСКИЙ САД № 32""","МУНИЦИПАЛЬНОЕ БЮДЖЕТНОЕ ДОШКОЛЬНОЕ ОБРАЗОВАТЕЛЬНОЕ УЧРЕЖДЕНИЕ ""ЦЕНТР РАЗВИТИЯ РЕБЁНКА - ДЕТСКИЙ САД № 32""",дошкольное образование,3665032738,"394051, ВОРОНЕЖСКАЯ ОБЛАСТЬ, Г. ВОРОНЕЖ, УЛ. ПИСАТЕЛЯ МАРШАКА, Д.15","51.6505336, 39.1405942",действующая,17-04-2025,16-08-2001,366501001,1033600037283,06-02-2003,20401000000,20701000001,57713317,4210007,14,85.11,2014,75403,Муниципальное бюджетное учреждение,МБУ,2014,ЗАВЕДУЮЩАЯ,Девятова Марина Митрофановна,0,головная организация
Воронеж,"МБДОУ ""ЦРР - ДЕТСКИЙ САД № 36""","МУНИЦИПАЛЬНОЕ БЮДЖЕТНОЕ ДОШКОЛЬНОЕ ОБРАЗОВАТЕЛЬНОЕ УЧРЕЖДЕНИЕ ""ЦЕНТР РАЗВИТИЯ РЕБЁНКА - ДЕТСКИЙ САД № 36""",дошкольное образование,3663023061,"394014, ВОРОНЕЖСКАЯ ОБЛАСТЬ, Г. ВОРОНЕЖ, УЛ. МЕНДЕЛЕЕВА, Д.2 А","51.6210298, 39.2376458",действующая,08-02-2025,27-08-1998,366301001,1023601579506,18-12-2002,20401000000,20701000001,49745616,4210007,14,85.11,2014,75403,Муниципальное бюджетное учреждение,МБУ,2014,ЗАВЕДУЮЩАЯ,Мандрыкина Галина Алексеевна,0,головная организация
Воронеж,"МБДОУ ""ЦРР - ДЕТСКИЙ САД № 45""","МУНИЦИПАЛЬНОЕ БЮДЖЕТНОЕ ДОШКОЛЬНОЕ ОБРАЗОВАТЕЛЬНОЕ УЧРЕЖДЕНИЕ ""ЦЕНТР РАЗВИТИЯ РЕБЁНКА - ДЕТСКИЙ САД № 45""",дошкольное образование,3665034968,"394038, ВОРОНЕЖСКАЯ ОБЛАСТЬ, Г ВОРОНЕЖ, Б-Р ПИОНЕРОВ, Д. 23","51.6541657, 39.1520057",действующая,24-08-2025,22-02-2002,366501001,1033600012280,23-01-2003,20401000000,20701000001,10607528,4210007,14,85.11,2014,75403,Муниципальное бюджетное учреждение,МБУ,2014,ЗАВЕДУЮЩИЙ,Катасонова Наталья Анатольевна,0,головная организация
Воронеж,"МБДОУ ""ЦРР - ДЕТСКИЙ САД № 50""","МУНИЦИПАЛЬНОЕ БЮДЖЕТНОЕ ДОШКОЛЬНОЕ ОБРАЗОВАТЕЛЬНОЕ УЧРЕЖДЕНИЕ ""ЦЕНТР РАЗВИТИЯ РЕБЁНКА - ДЕТСКИЙ САД № 50""",дошкольное образование,3663031129,"394074, ВОРОНЕЖСКАЯ ОБЛАСТЬ, Г. ВОРОНЕЖ, УЛ. РОСТОВСКАЯ, Д.52, К.4","51.6059766, 39.2389846",действующая,05-02-2025,07-06-1999,366301001,1033600019045,28-01-2003,20401000000,20701000001,51702850,4210007,14,85.11,2014,75403,Муниципальное бюджетное учреждение,МБУ,2014,ЗАВЕДУЮЩАЯ,Панина Ольга Алексеевна,0,головная организация
Воронеж,"МБДОУ ""ЦРР - ДЕТСКИЙ САД № 53""","МУНИЦИПАЛЬНОЕ БЮДЖЕТНОЕ ДОШКОЛЬНОЕ ОБРАЗОВАТЕЛЬНОЕ УЧРЕЖДЕНИЕ ""ЦЕНТР РАЗВИТИЯ РЕБЁНКА - ДЕТСКИЙ САД № 53""",дошкольное образование,3665034615,"394038, ВОРОНЕЖСКАЯ ОБЛАСТЬ, Г. ВОРОНЕЖ, Б-Р ПИОНЕРОВ, Д. 7","51.6555316, 39.1553847",действующая,09-02-2025,07-05-1998,366501001,1023601585150,24-12-2002,20401000000,20701000001,03545817,4210007,14,85.11,2014,75403,Муниципальное бюджетное учреждение,МБУ,2014,ЗАВЕДУЮЩАЯ,Колесникова Елена Алексеевна,0,головная организация
Воронеж,"МБДОУ ""ЦРР - ДЕТСКИЙ САД № 58""","МУНИЦИПАЛЬНОЕ БЮДЖЕТНОЕ ДОШКОЛЬНОЕ ОБРАЗОВАТЕЛЬНОЕ УЧРЕЖДЕНИЕ ""ЦЕНТР РАЗВИТИЯ РЕБЁНКА - ДЕТСКИЙ САД № 58""",дошкольное образование,3665035312,"394055, ВОРОНЕЖСКАЯ ОБЛАСТЬ, Г. ВОРОНЕЖ, УЛ. ДОМОСТРОИТЕЛЕЙ, Д. 47","51.6508864, 39.154402",действующая,03-12-2025,07-04-1998,366501001,1033600037514,07-02-2003,20401000000,20701000001,10617569,4210007,14,85.11,2014,75403,Муниципальное бюджетное учреждение,МБУ,2014,ЗАВЕДУЮЩАЯ,Федорова Наталья Ивановна,0,головная организация
Воронеж,"МБДОУ ""ЦРР - ДЕТСКИЙ САД № 66""","МУНИЦИПАЛЬНОЕ БЮДЖЕТНОЕ ДОШКОЛЬНОЕ ОБРАЗОВАТЕЛЬНОЕ УЧРЕЖДЕНИЕ ""ЦЕНТР РАЗВИТИЯ РЕБЁНКА - ДЕТСКИЙ САД № 66""",дошкольное образование,3661019687,"394063, ВОРОНЕЖСКАЯ ОБЛАСТЬ, Г. ВОРОНЕЖ, УЛ. ОСТУЖЕВА, Д.9","51.6878504, 39.2615796",действующая,07-02-2025,06-02-1998,366101001,1033600001489,08-01-2003,20401000000,20701000001,49750758,4210007,14,85.11,2014,75403,Муниципальное бюджетное учреждение,МБУ,2014,ЗАВЕДУЮЩАЯ,Просоедова Надежда Владимировна,0,головная организация
Воронеж,"МБДОУ ""ЦРР - ДЕТСКИЙ САД № 96""","МУНИЦИПАЛЬНОЕ БЮДЖЕТНОЕ ДОШКОЛЬНОЕ ОБРАЗОВАТЕЛЬНОЕ УЧРЕЖДЕНИЕ ""ЦЕНТР РАЗВИТИЯ РЕБЁНКА - ДЕТСКИЙ САД № 96""",дошкольное образование,3661022841,"394063, ВОРОНЕЖСКАЯ ОБЛАСТЬ, Г. ВОРОНЕЖ, ПР-КТ ЛЕНИНСКИЙ, Д.175","51.693374, 39.265936",действующая,07-02-2025,25-03-1998,366101001,1033600009904,21-01-2003,20401000000,20701000001,57719886,4210007,14,85.11,2014,75403,Муниципальное бюджетное учреждение,МБУ,2014,ЗАВЕДУЮЩАЯ,Волгина Оксана Васильевна,0,головная организация
Воронеж,"МБДОУ ""ЦРР - ДЕТСКИЙ САД №138""","МУНИЦИПАЛЬНОЕ БЮДЖЕТНОЕ ДОШКОЛЬНОЕ ОБРАЗОВАТЕЛЬНОЕ УЧРЕЖДЕНИЕ ""ЦЕНТР РАЗВИТИЯ РЕБЁНКА - ДЕТСКИЙ САД №138""",дошкольное образование,3662050418,"394077, ВОРОНЕЖСКАЯ ОБЛАСТЬ, Г.О. ГОРОД ВОРОНЕЖ, Г ВОРОНЕЖ, УЛ ГЕНЕРАЛА ЛИЗЮКОВА, Д. 41","51.7052437, 39.1714047",действующая,12-02-2025,15-04-1998,366201001,1023601581190,19-12-2002,20401000000,20701000001,49756169,4210007,14,85.11,2014,75403,Муниципальное бюджетное учреждение,МБУ,2014,ЗАВЕДУЮЩИЙ,Маслова Ирина Викторовна,0,головная организация
Воронеж,"МБДОУ ""ЦРР - ДЕТСКИЙ САД №31""","МУНИЦИПАЛЬНОЕ БЮДЖЕТНОЕ ДОШКОЛЬНОЕ ОБРАЗОВАТЕЛЬНОЕ УЧРЕЖДЕНИЕ ""ЦЕНТР РАЗВИТИЯ РЕБЁНКА - ДЕТСКИЙ САД № 31""",дошкольное образование,3663036039,"394074, ВОРОНЕЖСКАЯ ОБЛАСТЬ, Г. ВОРОНЕЖ, УЛ. РОСТОВСКАЯ, Д.52 А","51.6061661, 39.2410287",действующая,11-03-2025,29-03-2001,366301001,1033600017857,27-01-2003,20401000000,20701000001,56453877,4210007,14,85.11,2014,75403,Муниципальное бюджетное учреждение,МБУ,2014,Заведующая,Колесникова Елена Ивановна,0,головная организация
Воронеж,"МБДОУ ""ЦРР-ДЕТСКИЙ САД № 12""","МУНИЦИПАЛЬНОЕ БЮДЖЕТНОЕ ДОШКОЛЬНОЕ ОБРАЗОВАТЕЛЬНОЕ УЧРЕЖДЕНИЕ ""ЦЕНТР РАЗВИТИЯ РЕБЁНКА-ДЕТСКИЙ САД № 12""",дошкольное образование,3663029955,"394004, ВОРОНЕЖСКАЯ ОБЛАСТЬ, Г. ВОРОНЕЖ, ПР-КТ ЛЕНИНСКИЙ, Д.63 А","51.65174, 39.240325",действующая,02-02-2025,26-11-1998,366301001,1033600019969,28-01-2003,20401000000,20701000001,49748046,4210007,14,85.11,2014,75403,Муниципальное бюджетное учреждение,МБУ,2014,ЗАВЕДУЮЩАЯ,Фильчакова Елена Ивановна,0,головная организация
Воронеж,"МБДОУ ""ЦРР-ДЕТСКИЙ САД № 128""","МУНИЦИПАЛЬНОЕ БЮДЖЕТНОЕ ДОШКОЛЬНОЕ ОБРАЗОВАТЕЛЬНОЕ УЧРЕЖДЕНИЕ ""ЦЕНТР РАЗВИТИЯ РЕБЁНКА - ДЕТСКИЙ САД № 128""",дошкольное образование,3661018980,"394063, ВОРОНЕЖСКАЯ ОБЛАСТЬ, Г ВОРОНЕЖ, ПР-КТ ЛЕНИНСКИЙ, Д. 177А","51.695233, 39.268541",действующая,07-12-2025,22-10-1998,366101001,1033600032388,04-02-2003,20401000000,20701000001,49756471,4210007,14,85.11,2014,75403,Муниципальное бюджетное учреждение,МБУ,2014,ЗАВЕДУЮЩИЙ,Савина Светлана Юрьевна,0,головная организация
Воронеж,"МБДОУ ""ЦРР-ДЕТСКИЙ САД № 132""","МУНИЦИПАЛЬНОЕ БЮДЖЕТНОЕ ДОШКОЛЬНОЕ ОБРАЗОВАТЕЛЬНОЕ УЧРЕЖДЕНИЕ ""ЦЕНТР РАЗВИТИЯ РЕБЕНКА - ДЕТСКИЙ САД № 132""",дошкольное образование,3665034260,"394040, ВОРОНЕЖСКАЯ ОБЛАСТЬ, Г. ВОРОНЕЖ, УЛ. КИСЕЛЕВА, Д.15","51.6852627, 39.0872635",действующая,07-02-2025,30-07-1998,366501001,1023601586579,25-12-2002,20401000000,20701000001,02078213,4210007,14,85.11,2014,75403,Муниципальное бюджетное учреждение,МБУ,2014,ЗАВЕДУЮЩИЙ,Сысоева Светлана Алексеевна,0,головная организация
Воронеж,"МБДОУ ""ЦРР-ДЕТСКИЙ САД № 146""","МУНИЦИПАЛЬНОЕ БЮДЖЕТНОЕ ДОШКОЛЬНОЕ ОБРАЗОВАТЕЛЬНОЕ УЧРЕЖДЕНИЕ ""ЦЕНТР РАЗВИТИЯ РЕБЁНКА - ДЕТСКИЙ САД № 146""",дошкольное образование,3662050369,"394053, ВОРОНЕЖСКАЯ ОБЛАСТЬ, Г. ВОРОНЕЖ, УЛ. ГЕНЕРАЛА ЛИЗЮКОВА, Д. 73 А","51.704359, 39.154981",действующая,08-02-2025,22-04-1998,366201001,1023601572257,09-12-2002,20401000000,20701000001,49755997,4210007,14,85.11,2014,75403,Муниципальное бюджетное учреждение,МБУ,2014,ЗАВЕДУЮЩАЯ,Тамбовцева Татьяна Владимировна,0,головная организация
Воронеж,"МБДОУ ""ЦРР-ДЕТСКИЙ САД № 161""","МУНИЦИПАЛЬНОЕ БЮДЖЕТНОЕ ДОШКОЛЬНОЕ ОБРАЗОВАТЕЛЬНОЕ УЧРЕЖДЕНИЕ ""ЦЕНТР РАЗВИТИЯ РЕБЁНКА - ДЕТСКИЙ САД № 161""",дошкольное образование,3662050344,"394053, ВОРОНЕЖСКАЯ ОБЛАСТЬ, Г. ВОРОНЕЖ, УЛ. 60-ЛЕТИЯ ВЛКСМ, Д.17","51.7090462, 39.1554028",действующая,13-02-2025,29-04-1998,366201001,1033600052276,08-02-2003,20401000000,20701000001,49759854,4210007,14,85.11,2014,75403,Муниципальное бюджетное учреждение,МБУ,2014,ЗАВЕДУЮЩАЯ,Зверева Инна Петровна,0,головная организация
Воронеж,"МБДОУ ""ЦРР-ДЕТСКИЙ САД № 162""","МУНИЦИПАЛЬНОЕ БЮДЖЕТНОЕ ДОШКОЛЬНОЕ ОБРАЗОВАТЕЛЬНОЕ УЧРЕЖДЕНИЕ ""ЦЕНТР РАЗВИТИЯ РЕБЕНКА - ДЕТСКИЙ САД № 162""",дошкольное образование,3662050457,"394077, ВОРОНЕЖСКАЯ ОБЛАСТЬ, Г. ВОРОНЕЖ, Б-Р ПОБЕДЫ, Д.23","51.7105935, 39.1647909",действующая,28-04-2025,30-03-1998,366201001,1033600040473,06-02-2003,20401000000,20701000001,51707178,4210007,14,85.11,2014,75403,Муниципальное бюджетное учреждение,МБУ,2014,ЗАВЕДУЮЩАЯ,Чеботарева Наталия Вилениновна,0,головная организация
Воронеж,"МБДОУ ""ЦРР-ДЕТСКИЙ САД № 166""","МУНИЦИПАЛЬНОЕ БЮДЖЕТНОЕ ДОШКОЛЬНОЕ ОБРАЗОВАТЕЛЬНОЕ УЧРЕЖДЕНИЕ ""ЦЕНТР РАЗВИТИЯ РЕБЁНКА - ДЕТСКИЙ САД № 166""",дошкольное образование,3662050520,"394088, ВОРОНЕЖСКАЯ ОБЛАСТЬ, Г. ВОРОНЕЖ, УЛ. ХОЛЬЗУНОВА, Д.90","51.7026623, 39.1523136",действующая,06-02-2025,30-03-1998,366201001,1023601568704,03-12-2002,20401000000,20701000001,49756324,4210007,14,85.11,2014,75403,Муниципальное бюджетное учреждение,МБУ,2014,ЗАВЕДУЮЩИЙ,Булгина Татьяна Николаевна,0,головная организация
Воронеж,"МБДОУ ""ЦРР-ДЕТСКИЙ САД № 169""","МУНИЦИПАЛЬНОЕ БЮДЖЕТНОЕ ДОШКОЛЬНОЕ ОБРАЗОВАТЕЛЬНОЕ УЧРЕЖДЕНИЕ ""ЦЕНТР РАЗВИТИЯ РЕБЁНКА - ДЕТСКИЙ САД № 169""",дошкольное образование,3665015718,"394062, ВОРОНЕЖСКАЯ ОБЛАСТЬ, Г. ВОРОНЕЖ, УЛ. КРАСНОЗВЕЗДНАЯ, Д.24 А","51.6569056, 39.1138886",действующая,08-02-2025,05-04-1996,366501001,1033600072153,10-02-2003,20401000000,20701000001,42622690,4210007,14,85.11,2014,75403,Муниципальное бюджетное учреждение,МБУ,2014,ЗАВЕДУЮЩАЯ,Лесных Анна Алексеевна,0,головная организация
Воронеж,"МБДОУ ""ЦРР-ДЕТСКИЙ САД № 176""","МУНИЦИПАЛЬНОЕ БЮДЖЕТНОЕ ДОШКОЛЬНОЕ ОБРАЗОВАТЕЛЬНОЕ УЧРЕЖДЕНИЕ ""ЦЕНТР РАЗВИТИЯ РЕБЁНКА - ДЕТСКИЙ САД № 176""",дошкольное образование,3661023387,"394063, ВОРОНЕЖСКАЯ ОБЛАСТЬ, Г ВОРОНЕЖ, УЛ 25 ЯНВАРЯ, Д. 42А","51.6936007, 39.2582692",действующая,07-12-2025,20-03-1998,366101001,1033600004570,14-01-2003,20401000000,20701000001,01715095,4210007,14,85.11,2014,75403,Муниципальное бюджетное учреждение,МБУ,2014,ЗАВЕДУЮЩИЙ,Толмачёва Татьяна Евгеньевна,0,головная организация
Воронеж,"МБДОУ ""ЦРР-ДЕТСКИЙ САД № 188""","МУНИЦИПАЛЬНОЕ БЮДЖЕТНОЕ ДОШКОЛЬНОЕ ОБРАЗОВАТЕЛЬНОЕ УЧРЕЖДЕНИЕ ""ЦЕНТР РАЗВИТИЯ РЕБЁНКА - ДЕТСКИЙ САД № 188""",дошкольное образование,3662050312,"394077, ВОРОНЕЖСКАЯ ОБЛАСТЬ, Г. ВОРОНЕЖ, Б-Р ПОБЕДЫ, Д.5","51.711448, 39.175879",действующая,12-01-2025,03-06-1998,366201001,1033600015129,24-01-2003,20401000000,20701000001,49740369,4210007,14,85.11,2014,75403,Муниципальное бюджетное учреждение,МБУ,2014,ЗАВЕДУЮЩИЙ,Валикова Ирина Владимировна,0,головная организация
Воронеж,"МБДОУ ""ЦРР-ДЕТСКИЙ САД № 191""","МУНИЦИПАЛЬНОЕ БЮДЖЕТНОЕ ДОШКОЛЬНОЕ ОБРАЗОВАТЕЛЬНОЕ УЧРЕЖДЕНИЕ ""ЦЕНТР РАЗВИТИЯ РЕБЁНКА - ДЕТСКИЙ САД № 191""",дошкольное образование,3661016848,"394042, ВОРОНЕЖСКАЯ ОБЛАСТЬ, Г. ВОРОНЕЖ, ПЕР. СЕРАФИМОВИЧА, Д.4","51.6755952, 39.2609202",действующая,10-02-2025,18-03-1997,366101001,1023601586491,25-12-2002,20401000000,20701000001,45955386,4210007,14,85.11,2014,75403,Муниципальное бюджетное учреждение,МБУ,2014,Заведующая,Осьминина Марина Викторовна,0,головная организация
Воронеж,"МБДОУ ""ЦРР-ДЕТСКИЙ САД № 65""","МУНИЦИПАЛЬНОЕ БЮДЖЕТНОЕ ДОШКОЛЬНОЕ ОБРАЗОВАТЕЛЬНОЕ УЧРЕЖДЕНИЕ ""ЦЕНТР РАЗВИТИЯ РЕБЕНКА - ДЕТСКИЙ САД № 65""",дошкольное образование,3666094254,"394030, ВОРОНЕЖСКАЯ ОБЛАСТЬ, Г. ВОРОНЕЖ, УЛ. СРЕДНЕ-МОСКОВСКАЯ, Д.11","51.6673197, 39.1955586",действующая,29-04-2025,19-11-2001,366601001,1023601533911,20-09-2002,20401000000,20701000001,57724841,4210007,14,85.11,2014,75403,Муниципальное бюджетное учреждение,МБУ,2014,ЗАВЕДУЮЩАЯ,Филатова Елена Юрьевна,0,головная организация
Воронеж,"МБДОУ ""ЦРР-ДЕТСКИЙ САД № 90""","МУНИЦИПАЛЬНОЕ БЮДЖЕТНОЕ ДОШКОЛЬНОЕ ОБРАЗОВАТЕЛЬНОЕ УЧРЕЖДЕНИЕ ""ЦЕНТР РАЗВИТИЯ РЕБЕНКА - ДЕТСКИЙ САД № 90""",дошкольное образование,3666090980,"394030, ВОРОНЕЖСКАЯ ОБЛАСТЬ, Г. ВОРОНЕЖ, УЛ. РЕВОЛЮЦИИ 1905 ГОДА, Д.11А","51.6702511, 39.1915528",действующая,18-03-2025,06-06-2001,366601001,1033600032168,04-02-2003,20401000000,20701000001,56462793,4210007,14,85.11,2014,75403,Муниципальное бюджетное учреждение,МБУ,2014,ЗАВЕДУЮЩИЙ,Михайло Надежда Геннадьевна,0,головная организация
Воронеж,"МБДОУ ""ЦРР-ДЕТСКИЙ САД № 99""","МУНИЦИПАЛЬНОЕ БЮДЖЕТНОЕ ДОШКОЛЬНОЕ ОБРАЗОВАТЕЛЬНОЕ УЧРЕЖДЕНИЕ ""ЦЕНТР РАЗВИТИЯ РЕБЁНКА - ДЕТСКИЙ САД № 99""",дошкольное образование,3663089834,"394002, ВОРОНЕЖСКАЯ ОБЛАСТЬ, Г. ВОРОНЕЖ, ПЕР. ПАВЛОВСКИЙ, Д.58","51.6709983, 39.2876062",действующая,02-02-2025,22-12-2011,366101001,1113668054400,22-12-2011,20401000000,20701000001,91197706,4210007,14,85.11,2014,75403,Муниципальное бюджетное учреждение,МБУ,2014,ЗАВЕДУЮЩАЯ,Пасечная Марина Николаевна,0,головная организация
Нововоронеж,МБДОУ НОВОВОРОНЕЖСКИЙ ДЕТСКИЙ САД № 5,"МУНИЦИПАЛЬНОЕ БЮДЖЕТНОЕ ДОШКОЛЬНОЕ ОБРАЗОВАТЕЛЬНОЕ УЧРЕЖДЕНИЕ ""ДЕТСКИЙ САД № 5 ОБЩЕРАЗВИВАЮЩЕГО ВИДА ГОРОДСКОГО ОКРУГА ГОРОД НОВОВОРОНЕЖ""",дошкольное образование,3651005565,"396070, ВОРОНЕЖСКАЯ ОБЛАСТЬ, Г НОВОВОРОНЕЖ, УЛ КУРЧАТОВА, Д. 3","51.3121377, 39.2160314",действующая,08-05-2025,21-12-2000,365101001,1023601497798,23-12-2002,20427000000,20727000001,56450815,4210007,14,85.11,2014,75403,Муниципальное бюджетное учреждение,МБУ,2014,ЗАВЕДУЮЩИЙ,Солонина Светлана Николаевна,0,головная организация
Воронеж,"МБОУ ""ГИМНАЗИЯ № 1""","МУНИЦИПАЛЬНОЕ БЮДЖЕТНОЕ ОБЩЕОБРАЗОВАТЕЛЬНОЕ УЧРЕЖДЕНИЕ ""ГИМНАЗИЯ № 1""",общеобразовательная организация,3662033596,"394088, ВОРОНЕЖСКАЯ ОБЛАСТЬ, Г. ВОРОНЕЖ, УЛ. БЕГОВАЯ, Д.146, -, -","51.6998371, 39.1445319",действующая,02-02-2025,03-07-1998,366201001,1023601570068,04-12-2002,20401000000,20701000001,10630340,4210007,14,85.14,2014,75403,Муниципальное бюджетное учреждение,МБУ,2014,Директор,Валаева Людмила Александровна,0,головная организация
Воронеж,"МБОУ ""ГИМНАЗИЯ ИМ. И.С.НИКИТИНА""","МУНИЦИПАЛЬНОЕ БЮДЖЕТНОЕ ОБЩЕОБРАЗОВАТЕЛЬНОЕ УЧРЕЖДЕНИЕ ""ГИМНАЗИЯ ИМ. И.С.НИКИТИНА""",общеобразовательная организация,3662070020,"394026, ВОРОНЕЖСКАЯ ОБЛАСТЬ, Г. ВОРОНЕЖ, ПР-КТ МОСКОВСКИЙ, Д.38","51.691258, 39.184809",действующая,28-01-2025,14-09-2001,366201001,1023601559431,20-11-2002,20401000000,20701000001,10615990,4210007,14,85.14,2014,75403,Муниципальное бюджетное учреждение,МБУ,2014,ДИРЕКТОР,Панина Наталья Владимировна,0,головная организация
Воронеж,"МБОУ ""ЛИЦЕЙ ""МОК № 2""","МУНИЦИПАЛЬНОЕ БЮДЖЕТНОЕ ОБЩЕОБРАЗОВАТЕЛЬНОЕ УЧРЕЖДЕНИЕ ""ЛИЦЕЙ ""МНОГОУРОВНЕВЫЙ ОБРАЗОВАТЕЛЬНЫЙ КОМПЛЕКС № 2""",общеобразовательная организация,3665017680,"394086, ВОРОНЕЖСКАЯ ОБЛАСТЬ, Г. ВОРОНЕЖ, УЛ. ШЕНДРИКОВА, Д.7","51.6576527, 39.1114063",действующая,10-02-2025,21-09-1995,366501001,1033600036392,07-02-2003,20401000000,20701000001,41214871,4210007,14,85.14,2014,75403,Муниципальное бюджетное учреждение,МБУ,2014,директор,Свердлов Владимир Яковлевич,0,головная организация
Воронеж,"МБОУ ""ЛИЦЕЙ № 1""","МУНИЦИПАЛЬНОЕ БЮДЖЕТНОЕ ОБЩЕОБРАЗОВАТЕЛЬНОЕ УЧРЕЖДЕНИЕ ""ЛИЦЕЙ № 1""",общеобразовательная организация,3662050697,"394088, ВОРОНЕЖСКАЯ ОБЛАСТЬ, Г. ВОРОНЕЖ, УЛ. ГЕНЕРАЛА ЛИЗЮКОВА, Д.81, -, -","51.7033967, 39.1515076",действующая,04-08-2025,27-02-1998,366201001,1033600031299,04-02-2003,20401000000,20701000001,51700868,4210007,14,85.13,2014,75403,Муниципальное бюджетное учреждение,МБУ,2014,ДИРЕКТОР,Едрышева Марина Николаевна,0,головная организация
Воронеж,"МБОУ ""ЛИЦЕЙ № 15""","МУНИЦИПАЛЬНОЕ БЮДЖЕТНОЕ ОБЩЕОБРАЗОВАТЕЛЬНОЕ УЧРЕЖДЕНИЕ ""ЛИЦЕЙ № 15""",общеобразовательная организация,3663037635,"394029, ВОРОНЕЖСКАЯ ОБЛАСТЬ, Г.О. ГОРОД ВОРОНЕЖ, Г ВОРОНЕЖ, УЛ ЦИОЛКОВСКОГО, Д. 12А","51.6381328, 39.2369041",действующая,14-04-2025,28-03-1997,366301001,1023601571751,06-12-2002,20401000000,20701000001,45962825,4210007,14,85.14,2014,75403,Муниципальное бюджетное учреждение,МБУ,2014,ДИРЕКТОР,Малышев Артем Станиславович,0,головная организация
Воронеж,"МБОУ ""ЛИЦЕЙ № 65""","МУНИЦИПАЛЬНОЕ БЮДЖЕТНОЕ ОБЩЕОБРАЗОВАТЕЛЬНОЕ УЧРЕЖДЕНИЕ ""ЛИЦЕЙ № 65""",общеобразовательная организация,3664045100,"394052, ВОРОНЕЖСКАЯ ОБЛАСТЬ, Г. ВОРОНЕЖ, УЛ. МАТРОСОВА, Д.2А","51.6324268, 39.1835716",действующая,10-02-2025,04-10-2001,366401001,1033600029605,03-02-2003,20401000000,20701000001,57718964,4210007,14,85.13,2014,75403,Муниципальное бюджетное учреждение,МБУ,2014,ДИРЕКТОР,Галкина Ольга Васильевна,0,головная организация
Воронеж,"МБОУ ""ЛИЦЕЙ № 9""","МУНИЦИПАЛЬНОЕ БЮДЖЕТНОЕ ОБЩЕОБРАЗОВАТЕЛЬНОЕ УЧРЕЖДЕНИЕ ""ЛИЦЕЙ № 9""",общеобразовательная организация,3661027078,"394044, ВОРОНЕЖСКАЯ ОБЛАСТЬ, Г. ВОРОНЕЖ, УЛ. ЭЛЕКТРОВОЗНАЯ, Д.12","51.7360032, 39.2923676",действующая,11-02-2025,22-08-2003,366101001,1033600123237,22-08-2003,20401000000,20701000001,70708077,4210007,14,85.13,2014,75403,Муниципальное бюджетное учреждение,МБУ,2014,ДИРЕКТОР,Щербинина Татьяна Николаевна,0,головная организация
Воронеж,"МБОУ ""ЛИЦЕЙ №2""",МУНИЦИПАЛЬНОЕ БЮДЖЕТНОЕ ОБЩЕОБРАЗОВАТЕЛЬНОЕ УЧРЕЖДЕНИЕ ЛИЦЕЙ № 2,общеобразовательная организация,3663036800,"394004, ВОРОНЕЖСКАЯ ОБЛАСТЬ, Г. ВОРОНЕЖ, ПР-КТ ЛЕНИНСКИЙ, Д.47","51.649795, 39.239454",действующая,10-02-2025,03-06-1997,366301001,1033600026382,31-01-2003,20401000000,20701000001,45966533,4210007,14,85.14,2014,75403,Муниципальное бюджетное учреждение,МБУ,2014,Директор,Шаповалов Александр Серафимович,0,головная организация
Воронеж,"МБОУ ""ОБРАЗОВАТЕЛЬНЫЙ ЦЕНТР ""ТРАЕКТОРИЯ""","МУНИЦИПАЛЬНОЕ БЮДЖЕТНОЕ ОБЩЕОБРАЗОВАТЕЛЬНОЕ УЧРЕЖДЕНИЕ ""ОБРАЗОВАТЕЛЬНЫЙ ЦЕНТР ""ТРАЕКТОРИЯ""",общеобразовательная организация,3666219249,"394068, ВОРОНЕЖСКАЯ ОБЛАСТЬ, Г. ВОРОНЕЖ, УЛ. ШИШКОВА, Д. 146/8","51.715186, 39.184046",действующая,27-02-2025,18-05-2017,366601001,1173668027950,18-05-2017,20401000000,20701000001,15691547,4210007,14,85.13,2014,75403,Муниципальное бюджетное учреждение,МБУ,2014,ДИРЕКТОР,Фактор Алексей Моисеевич,0,головная организация
Воронеж,"МБОУ ""ПРОГИМНАЗИЯ № 2""","МУНИЦИПАЛЬНОЕ БЮДЖЕТНОЕ ОБЩЕОБРАЗОВАТЕЛЬНОЕ УЧРЕЖДЕНИЕ ""ПРОГИМНАЗИЯ № 2""",общеобразовательная организация,3662051108,"394005, ВОРОНЕЖСКАЯ ОБЛАСТЬ, Г. ВОРОНЕЖ, УЛ. ВЛАДИМИРА НЕВСКОГО, Д.65 Б","51.7207034, 39.1706557",действующая,27-01-2025,26-10-1998,366201001,1023601560938,20-11-2002,20401000000,20701000001,49746337,4210007,14,85.12,2014,75403,Муниципальное бюджетное учреждение,МБУ,2014,ДИРЕКТОР,Азарова Наталья Александровна,0,головная организация
Воронеж,"МБОУ ""СОШ № 101""","МУНИЦИПАЛЬНОЕ БЮДЖЕТНОЕ ОБЩЕОБРАЗОВАТЕЛЬНОЕ УЧРЕЖДЕНИЕ ""СРЕДНЯЯ ОБЩЕОБРАЗОВАТЕЛЬНАЯ ШКОЛА № 101""",общеобразовательная организация,3666204852,"394077, ВОРОНЕЖСКАЯ ОБЛАСТЬ, Г. ВОРОНЕЖ, ПР-КТ МОСКОВСКИЙ, Д. 108","51.710286, 39.18613",действующая,24-01-2025,25-12-2015,366601001,1153668074548,25-12-2015,20401000000,20701000001,44737641,4210007,14,85.14,2014,75403,Муниципальное бюджетное учреждение,МБУ,2014,ДИРЕКТОР,Сунцова Татьяна Леонидовна,0,головная организация
Воронеж,"МБОУ ""СОШ № 104""","МУНИЦИПАЛЬНОЕ БЮДЖЕТНОЕ ОБЩЕОБРАЗОВАТЕЛЬНОЕ УЧРЕЖДЕНИЕ ""СРЕДНЯЯ ОБЩЕОБРАЗОВАТЕЛЬНАЯ ШКОЛА № 104""",общеобразовательная организация,3663139429,"394072, ВОРОНЕЖСКАЯ ОБЛАСТЬ, Г ВОРОНЕЖ, УЛ ШИДЛОВСКОГО, Д. 6","51.632189, 39.294582",действующая,08-05-2025,08-02-2019,366301001,1193668004914,08-02-2019,20401000000,20701000001,35903052,4210007,14,85.14,2014,75403,Муниципальное бюджетное учреждение,МБУ,2014,ДИРЕКТОР,Горбов Сергей Александрович,0,головная организация
Воронеж,"МБОУ ""СОШ № 105""","МУНИЦИПАЛЬНОЕ БЮДЖЕТНОЕ ОБЩЕОБРАЗОВАТЕЛЬНОЕ УЧРЕЖДЕНИЕ ""СРЕДНЯЯ ОБЩЕОБРАЗОВАТЕЛЬНАЯ ШКОЛА № 105""",общеобразовательная организация,3661171762,"394010, ВОРОНЕЖСКАЯ ОБЛАСТЬ, Г. ВОРОНЕЖ, УЛ. АРТАМОНОВА, Д. 38/1","51.714617, 39.264741",действующая,07-02-2025,11-02-2019,366101001,1193668004980,11-02-2019,20401000000,20701000001,35971728,4210007,14,85.14,2014,75403,Муниципальное бюджетное учреждение,МБУ,2014,ДИРЕКТОР,Боброва Лариса Борисовна,0,головная организация
Воронеж,"МБОУ ""СОШ № 106""","МУНИЦИПАЛЬНОЕ БЮДЖЕТНОЕ ОБЩЕОБРАЗОВАТЕЛЬНОЕ УЧРЕЖДЕНИЕ ""СРЕДНЯЯ ОБЩЕОБРАЗОВАТЕЛЬНАЯ ШКОЛА № 106""",общеобразовательная организация,3666233733,"394068, ВОРОНЕЖСКАЯ ОБЛАСТЬ, Г. ВОРОНЕЖ, МКР. ЖИЛОЙ МАССИВ ОЛИМПИЙСКИЙ, Д. 14","51.714466, 39.199056",действующая,13-02-2025,11-02-2019,366601001,1193668004969,11-02-2019,20401000000,20701000001,35971705,4210007,14,85.14,2014,75403,Муниципальное бюджетное учреждение,МБУ,2014,ДИРЕКТОР,Малышева Оксана Витальевна,0,головная организация
Воронеж,"МБОУ ""СОШ № 24 ИМЕНИ В. Г. СТОЛЛЯ""","МУНИЦИПАЛЬНОЕ БЮДЖЕТНОЕ ОБЩЕОБРАЗОВАТЕЛЬНОЕ УЧРЕЖДЕНИЕ ""СРЕДНЯЯ ОБЩЕОБРАЗОВАТЕЛЬНАЯ ШКОЛА № 24 ИМЕНИ В. Г. СТОЛЛЯ""",общеобразовательная организация,3661021301,"394080, ВОРОНЕЖСКАЯ ОБЛАСТЬ, Г. ВОРОНЕЖ, УЛ. ГЕНЕРАЛА ЛОХМАТИКОВА, Д.43","51.8793484, 39.578479",действующая,10-02-2025,14-05-1999,366101001,1033600016438,27-01-2003,20401000000,20701000001,54703554,4210007,14,85.14,2014,75403,Муниципальное бюджетное учреждение,МБУ,2014,ДИРЕКТОР,Илларионова Юлия Александровна,0,головная организация
Воронеж,"МБОУ ""СОШ №103""","МУНИЦИПАЛЬНОЕ БЮДЖЕТНОЕ ОБЩЕОБРАЗОВАТЕЛЬНОЕ УЧРЕЖДЕНИЕ ""СРЕДНЯЯ ОБЩЕОБРАЗОВАТЕЛЬНАЯ ШКОЛА №103""",общеобразовательная организация,3665147217,"394048, ВОРОНЕЖСКАЯ ОБЛАСТЬ, Г. ВОРОНЕЖ, УЛ. ОСТРОГОЖСКАЯ, Д. 170/14","51.56758, 39.11957",действующая,27-02-2026,20-02-2018,366501001,1183668006499,20-02-2018,20401000000,20701000001,25300921,4210007,14,85.14,2014,75403,Муниципальное бюджетное учреждение,МБУ,2014,ДИРЕКТОР,Ищук Владимир Владимирович,0,головная организация
Воронеж,"МБОУ ""СОШ №107 ИМ. УШИНСКОГО К.Д.""","МУНИЦИПАЛЬНОЕ БЮДЖЕТНОЕ ОБЩЕОБРАЗОВАТЕЛЬНОЕ УЧРЕЖДЕНИЕ ""СРЕДНЯЯ ОБЩЕОБРАЗОВАТЕЛЬНАЯ ШКОЛА №107 ИМЕНИ УШИНСКОГО КОНСТАНТИНА ДМИТРИЕВИЧА""",общеобразовательная организация,3663161752,"394083, ВОРОНЕЖСКАЯ ОБЛАСТЬ, Г.О. ГОРОД ВОРОНЕЖ, Г ВОРОНЕЖ, УЛ ТОБОЛЬСКАЯ, Д. 2","51.675893, 39.278103",действующая,30-04-2025,26-04-2023,366301001,1233600007838,26-04-2023,20401000000,20701000001,53377680,4210007,14,85.13,2014,75403,Муниципальное бюджетное учреждение,МБУ,2014,ДИРЕКТОР,Савицкая Надежда Петровна,0,головная организация
Воронеж,"МБОУ ""СОШ №108""","МУНИЦИПАЛЬНОЕ БЮДЖЕТНОЕ ОБЩЕОБРАЗОВАТЕЛЬНОЕ УЧРЕЖДЕНИЕ ""СРЕДНЯЯ ОБЩЕОБРАЗОВАТЕЛЬНАЯ ШКОЛА №108""",общеобразовательная организация,3665824620,"394051, ВОРОНЕЖСКАЯ ОБЛАСТЬ, Г.О. ГОРОД ВОРОНЕЖ, Г ВОРОНЕЖ, УЛ ДОМОСТРОИТЕЛЕЙ, Д. 30А","51.648628, 39.1530921",действующая,17-03-2025,05-12-2023,366501001,1233600021600,05-12-2023,20401000000,20701000001,87342249,4210007,14,85.13,2014,75403,Муниципальное бюджетное учреждение,МБУ,2014,ДИРЕКТОР,Власова Ирина Валериевна,0,головная организация
Воронеж,"МБОУ ""СОШ №109""","МУНИЦИПАЛЬНОЕ БЮДЖЕТНОЕ ОБЩЕОБРАЗОВАТЕЛЬНОЕ УЧРЕЖДЕНИЕ ""СРЕДНЯЯ ОБЩЕОБРАЗОВАТЕЛЬНАЯ ШКОЛА №109""",общеобразовательная организация,3662314131,"394075, ВОРОНЕЖСКАЯ ОБЛАСТЬ, Г.О. ГОРОД ВОРОНЕЖ, Г ВОРОНЕЖ, УЛ ПОКРОВСКАЯ, Д. 2/2","51.72297, 39.1378024",действующая,29-08-2025,04-04-2025,366201001,1253600005306,04-04-2025,20401000000,20701000001,76194395,4210007,14,85.14,2014,75403,Муниципальное бюджетное учреждение,МБУ,2014,ДИРЕКТОР,Агупова Юлия Вячеславовна,0,головная организация
Воронеж,"МБОУ ""СОШ С УИОП №13""","МУНИЦИПАЛЬНОЕ БЮДЖЕТНОЕ ОБЩЕОБРАЗОВАТЕЛЬНОЕ УЧРЕЖДЕНИЕ ""СРЕДНЯЯ ОБЩЕОБРАЗОВАТЕЛЬНАЯ ШКОЛА С УГЛУБЛЕННЫМ ИЗУЧЕНИЕМ ОТДЕЛЬНЫХ ПРЕДМЕТОВ №13""",общеобразовательная организация,3664043938,"394055, ВОРОНЕЖСКАЯ ОБЛАСТЬ, Г. ВОРОНЕЖ, УЛ. КАРЛА ЛИБКНЕХТА, Д. 50","51.6471003, 39.1739124",действующая,12-02-2025,26-02-1999,366401001,1023601588779,27-12-2002,20401000000,20701000001,57708150,4210007,14,85.14,2014,75403,Муниципальное бюджетное учреждение,МБУ,2014,ДИРЕКТОР,Савина Светлана Петровна,0,головная организация
Воронеж,МБОУ ВКШ ИМ.А.В.СУВОРОВА,"МУНИЦИПАЛЬНОЕ БЮДЖЕТНОЕ ОБЩЕОБРАЗОВАТЕЛЬНОЕ УЧРЕЖДЕНИЕ ""ВОРОНЕЖСКАЯ КАДЕТСКАЯ ШКОЛА ИМЕНИ А.В.СУВОРОВА""",общеобразовательная организация,3666102089,"394011, ВОРОНЕЖСКАЯ ОБЛАСТЬ, Г. ВОРОНЕЖ, ПЕР. ПЕДАГОГИЧЕСКИЙ, Д.14А","51.7334463, 39.3550587",действующая,04-02-2025,05-12-2002,366101001,1023601570783,05-12-2002,20401000000,20701000001,59566748,4210007,14,85.14,2014,75403,Муниципальное бюджетное учреждение,МБУ,2014,ДИРЕКТОР,Марченкова Валентина Алексеевна,0,головная организация
Воронеж,МБОУ ВСОШ № 14,МУНИЦИПАЛЬНОЕ БЮДЖЕТНОЕ ОБЩЕОБРАЗОВАТЕЛЬНОЕ УЧРЕЖДЕНИЕ ВЕЧЕРНЯЯ (СМЕННАЯ) ОБЩЕОБРАЗОВАТЕЛЬНАЯ ШКОЛА № 14,общеобразовательная организация,3663039336,"394014, ВОРОНЕЖСКАЯ ОБЛАСТЬ, Г. ВОРОНЕЖ, УЛ. НОВОСИБИРСКАЯ, Д.3","51.6200375, 39.2370893",действующая,03-02-2025,11-05-2001,366301001,1033600065113,10-02-2003,20401000000,20701000001,05211517,4210007,14,85.14,2014,75403,Муниципальное бюджетное учреждение,МБУ,2014,Директор,Мостовец Людмила Николаевна,0,головная организация
Воронеж,"МБОУ ГИМНАЗИЯ ""УВК № 1""","МУНИЦИПАЛЬНОЕ БЮДЖЕТНОЕ ОБЩЕОБРАЗОВАТЕЛЬНОЕ УЧРЕЖДЕНИЕ ГИМНАЗИЯ ""УЧЕБНО-ВОСПИТАТЕЛЬНЫЙ КОМПЛЕКС № 1""",общеобразовательная организация,3662053200,"394088, ВОРОНЕЖСКАЯ ОБЛАСТЬ, Г. ВОРОНЕЖ, УЛ. БЕГОВАЯ, Д.176, --, --","51.6977701, 39.1364937",действующая,30-01-2025,10-03-1999,366201001,1023601578582,17-12-2002,20401000000,20701000001,49759860,4210007,14,85.13,2014,75403,Муниципальное бюджетное учреждение,МБУ,2014,ДИРЕКТОР,Алексеева Елена Николаевна,0,головная организация
Воронеж,МБОУ ГИМНАЗИЯ № 10,МУНИЦИПАЛЬНОЕ БЮДЖЕТНОЕ ОБЩЕОБРАЗОВАТЕЛЬНОЕ УЧРЕЖДЕНИЕ ГИМНАЗИЯ № 10,общеобразовательная организация,3662069360,"394077, ВОРОНЕЖСКАЯ ОБЛАСТЬ, Г. ВОРОНЕЖ, УЛ. ХОЛЬЗУНОВА, Д.70","51.702891, 39.16764",действующая,14-01-2025,11-02-2002,366201001,1033600019397,28-01-2003,20401000000,20701000001,49759682,4210007,14,85.14,2014,75403,Муниципальное бюджетное учреждение,МБУ,2014,Директор,Соломаха Ирина Владимировна,0,головная организация
Воронеж,МБОУ ГИМНАЗИЯ № 5,МУНИЦИПАЛЬНОЕ БЮДЖЕТНОЕ ОБЩЕОБРАЗОВАТЕЛЬНОЕ УЧРЕЖДЕНИЕ ГИМНАЗИЯ № 5,общеобразовательная организация,3663040370,"394029, ВОРОНЕЖСКАЯ ОБЛАСТЬ, Г. ВОРОНЕЖ, УЛ. ПОЛИНЫ ОСИПЕНКО, Д.4","51.6426066, 39.2391008",действующая,12-02-2025,15-05-1997,366301001,1023601583741,23-12-2002,20401000000,20701000001,45964391,4210007,14,85.14,2014,75403,Муниципальное бюджетное учреждение,МБУ,2014,ДИРЕКТОР,Болгова Марина Андреевна,0,головная организация
Воронеж,МБОУ ГИМНАЗИЯ № 6,МУНИЦИПАЛЬНОЕ БЮДЖЕТНОЕ ОБЩЕОБРАЗОВАТЕЛЬНОЕ УЧРЕЖДЕНИЕ ГИМНАЗИЯ № 6,общеобразовательная организация,3665036186,"394027, ВОРОНЕЖСКАЯ ОБЛАСТЬ, Г. ВОРОНЕЖ, УЛ. МАШИНОСТРОИТЕЛЕЙ, Д.88","51.669115, 39.151525",действующая,03-02-2025,12-03-1998,366501001,1023601578153,16-12-2002,20401000000,20701000001,25745014,4210007,14,85.13,2014,75403,Муниципальное бюджетное учреждение,МБУ,2014,ДИРЕКТОР,Никулин Александр Ильич,0,головная организация
Воронеж,МБОУ ГИМНАЗИЯ № 7 ИМ. ВОРОНЦОВА В.М.,МУНИЦИПАЛЬНОЕ БЮДЖЕТНОЕ ОБЩЕОБРАЗОВАТЕЛЬНОЕ УЧРЕЖДЕНИЕ ГИМНАЗИЯ № 7 ИМ. ВОРОНЦОВА В.М.,общеобразовательная организация,3663039745,"394008, ВОРОНЕЖСКАЯ ОБЛАСТЬ, Г. ВОРОНЕЖ, УЛ. РОСТОВСКАЯ, Д.36","51.612664, 39.245753",действующая,07-02-2025,26-08-1997,366301001,1033600047271,10-02-2003,20401000000,20701000001,45971528,4210007,14,85.14,2014,75403,Муниципальное бюджетное учреждение,МБУ,2014,ДИРЕКТОР,Последова Татьяна Леонидовна,0,головная организация
Воронеж,МБОУ ГИМНАЗИЯ № 9,МУНИЦИПАЛЬНОЕ БЮДЖЕТНОЕ ОБЩЕОБРАЗОВАТЕЛЬНОЕ УЧРЕЖДЕНИЕ ГИМНАЗИЯ № 9,общеобразовательная организация,3661018370,"394042, ВОРОНЕЖСКАЯ ОБЛАСТЬ, Г. ВОРОНЕЖ, УЛ. МИНСКАЯ, Д.23","51.6805352, 39.2654319",действующая,10-02-2025,01-06-1998,366101001,1023601559101,18-11-2002,20401000000,20701000001,49745622,4210007,14,85.14,2014,75403,Муниципальное бюджетное учреждение,МБУ,2014,ДИРЕКТОР,Черкасова Ирина Викторовна,0,головная организация
Воронеж,МБОУ ГИМНАЗИЯ №2,МУНИЦИПАЛЬНОЕ БЮДЖЕТНОЕ ОБЩЕОБРАЗОВАТЕЛЬНОЕ УЧРЕЖДЕНИЕ ГИМНАЗИЯ №2,общеобразовательная организация,3662070245,"394077, ВОРОНЕЖСКАЯ ОБЛАСТЬ, Г. ВОРОНЕЖ, ПР-КТ МОСКОВСКИЙ, Д.121","51.71489, 39.177182",действующая,02-04-2025,18-01-1999,366201001,1033600028505,03-02-2003,20401000000,20701000001,56449380,4210007,14,85.13,2014,75403,Муниципальное бюджетное учреждение,МБУ,2014,ДИРЕКТОР,Сарычева Галина Кимовна,0,головная организация
Воронеж,МБОУ ГИМНАЗИЯ ИМ. А. ПЛАТОНОВА,МУНИЦИПАЛЬНОЕ БЮДЖЕТНОЕ ОБЩЕОБРАЗОВАТЕЛЬНОЕ УЧРЕЖДЕНИЕ ГИМНАЗИЯ ИМЕНИ АНДРЕЯ ПЛАТОНОВА,общеобразовательная организация,3663031753,"394004, ВОРОНЕЖСКАЯ ОБЛАСТЬ, Г ВОРОНЕЖ, НАБ АВИАСТРОИТЕЛЕЙ, Д. 30А","51.6441964, 39.2342491",действующая,27-10-2025,29-09-1999,366301001,1023601542535,14-10-2002,20401000000,20701000001,51713747,4210007,14,85.13,2014,75403,Муниципальное бюджетное учреждение,МБУ,2014,директор,Бондарева Татьяна Ярославовна,0,головная организация
Воронеж,МБОУ ГИМНАЗИЯ ИМ. А.В. КОЛЬЦОВА,МУНИЦИПАЛЬНОЕ БЮДЖЕТНОЕ ОБЩЕОБРАЗОВАТЕЛЬНОЕ УЧРЕЖДЕНИЕ ГИМНАЗИЯ ИМЕНИ А.В. КОЛЬЦОВА,общеобразовательная организация,3666050909,"394018, ВОРОНЕЖСКАЯ ОБЛАСТЬ, Г. ВОРОНЕЖ, УЛ. ВОЛОДАРСКОГО, Д.41","51.6595784, 39.2055046",действующая,05-12-2025,15-01-1996,366601001,1023601570310,04-12-2002,20401000000,20701000001,42615661,4210007,14,85.14,2014,75403,Муниципальное бюджетное учреждение,МБУ,2014,ДИРЕКТОР,Фурсенко Надежда Тихоновна,0,головная организация
Воронеж,МБОУ ГИМНАЗИЯ ИМ. АКАДЕМИКА Н.Г.БАСОВА,МУНИЦИПАЛЬНОЕ БЮДЖЕТНОЕ ОБЩЕОБРАЗОВАТЕЛЬНОЕ УЧРЕЖДЕНИЕ ГИМНАЗИЯ ИМ. АКАДЕМИКА Н.Г.БАСОВА ПРИ ВОРОНЕЖСКОМ ГОСУДАРСТВЕННОМ УНИВЕРСИТЕТЕ,общеобразовательная организация,3666036728,"394000, ВОРОНЕЖСКАЯ ОБЛАСТЬ, Г. ВОРОНЕЖ, УЛ. КАРЛА МАРКСА, Д.57, --, --","51.6658126, 39.2022562",действующая,06-02-2025,30-03-1999,366601001,1023601540269,08-10-2002,20401000000,20701000001,35854690,4210007,14,85.13,2014,75403,Муниципальное бюджетное учреждение,МБУ,2014,ДИРЕКТОР,Бочарова Марина Викторовна,0,головная организация
Воронеж,МБОУ ГИМНАЗИЯ ИМ. И.А.БУНИНА,МУНИЦИПАЛЬНОЕ БЮДЖЕТНОЕ ОБЩЕОБРАЗОВАТЕЛЬНОЕ УЧРЕЖДЕНИЕ ГОРОДСКОГО ОКРУГА ГОРОД ВОРОНЕЖ ГИМНАЗИЯ ИМЕНИ И.А. БУНИНА,общеобразовательная организация,3665034118,"394065, ВОРОНЕЖСКАЯ ОБЛАСТЬ, Г.О. ГОРОД ВОРОНЕЖ, Г ВОРОНЕЖ, УЛ МОЛОДОГВАРДЕЙЦЕВ, Д. 17","51.6488655, 39.128691",действующая,13-02-2025,02-07-1998,366501001,1023601573764,10-12-2002,20401000000,20701000001,10630660,4210007,14,85.13,2014,75403,Муниципальное бюджетное учреждение,МБУ,2014,ДИРЕКТОР,Жигалова Елена Львовна,0,головная организация
Воронеж,МБОУ ЛИЦЕЙ № 3,МУНИЦИПАЛЬНОЕ БЮДЖЕТНОЕ ОБЩЕОБРАЗОВАТЕЛЬНОЕ УЧРЕЖДЕНИЕ ЛИЦЕЙ № 3,общеобразовательная организация,3661014671,"394063, ВОРОНЕЖСКАЯ ОБЛАСТЬ, Г. ВОРОНЕЖ, УЛ. ПЕРЕВЕРТКИНА, Д.25","51.6906633, 39.2592895",действующая,05-02-2025,28-05-1998,366101001,1023601569970,04-12-2002,20401000000,20701000001,45956003,4210007,14,85.13,2014,75403,Муниципальное бюджетное учреждение,МБУ,2014,ДИРЕКТОР,Канин Леонид Иванович,0,головная организация
Воронеж,МБОУ ЛИЦЕЙ № 4,МУНИЦИПАЛЬНОЕ БЮДЖЕТНОЕ ОБЩЕОБРАЗОВАТЕЛЬНОЕ УЧРЕЖДЕНИЕ ЛИЦЕЙ № 4,общеобразовательная организация,3662064918,"394088, ВОРОНЕЖСКАЯ ОБЛАСТЬ, Г. ВОРОНЕЖ, УЛ. ГЕНЕРАЛА ЛИЗЮКОВА, Д.87, -, -","51.705544, 39.142697",действующая,23-01-2025,19-03-2002,366201001,1033600016691,27-01-2003,20401000000,20701000001,47802416,4210007,14,85.14,2014,75403,Муниципальное бюджетное учреждение,МБУ,2014,ДИРЕКТОР,Викторов Константин Георгиевич,0,головная организация
Воронеж,МБОУ ЛИЦЕЙ № 5,МУНИЦИПАЛЬНОЕ БЮДЖЕТНОЕ ОБЩЕОБРАЗОВАТЕЛЬНОЕ УЧРЕЖДЕНИЕ ЛИЦЕЙ № 5,общеобразовательная организация,3665033795,"394065, ВОРОНЕЖСКАЯ ОБЛАСТЬ, Г. ВОРОНЕЖ, УЛ. МОЛОДОГВАРДЕЙЦЕВ, Д. 18","51.6488802, 39.1260569",действующая,10-02-2025,22-11-2001,366501001,1023601576426,15-12-2002,20401000000,20701000001,03017840,4210007,14,85.13,2014,75403,Муниципальное бюджетное учреждение,МБУ,2014,ДИРЕКТОР,Седых Сергей Николаевич,0,головная организация
Воронеж,МБОУ ЛИЦЕЙ № 6,МУНИЦИПАЛЬНОЕ БЮДЖЕТНОЕ ОБЩЕОБРАЗОВАТЕЛЬНОЕ УЧРЕЖДЕНИЕ ЛИЦЕЙ № 6,общеобразовательная организация,3663041381,"394007, ВОРОНЕЖСКАЯ ОБЛАСТЬ, Г. ВОРОНЕЖ, ПР-КТ ЛЕНИНСКИЙ, Д.115А","51.6696472, 39.248902",действующая,08-02-2025,23-09-1998,366301001,1023601589186,30-12-2002,20401000000,20701000001,31262656,4210007,14,85.14,2014,75403,Муниципальное бюджетное учреждение,МБУ,2014,ДИРЕКТОР,Золотарева Лариса Анатольевна,0,головная организация
Воронеж,МБОУ ЛИЦЕЙ № 7,МУНИЦИПАЛЬНОЕ БЮДЖЕТНОЕ ОБЩЕОБРАЗОВАТЕЛЬНОЕ УЧРЕЖДЕНИЕ ЛИЦЕЙ № 7,общеобразовательная организация,3666051003,"394036, ВОРОНЕЖСКАЯ ОБЛАСТЬ, Г ВОРОНЕЖ, УЛ СТУДЕНЧЕСКАЯ, Д. 29","51.6706792, 39.2016662",действующая,05-02-2025,20-03-2002,366601001,1033600017769,27-01-2003,20401000000,20701000001,10629302,4210007,14,85.14,2014,75403,Муниципальное бюджетное учреждение,МБУ,2014,ДИРЕКТОР,Пополитова Елена Васильевна,0,головная организация
Воронеж,МБОУ ЛИЦЕЙ №8,МУНИЦИПАЛЬНОЕ БЮДЖЕТНОЕ ОБЩЕОБРАЗОВАТЕЛЬНОЕ УЧРЕЖДЕНИЕ ЛИЦЕЙ № 8,общеобразовательная организация,3662050295,"394088, ВОРОНЕЖСКАЯ ОБЛАСТЬ, Г. ВОРОНЕЖ, УЛ. ГЕНЕРАЛА ЛИЗЮКОВА, Д.52","51.707945, 39.153605",действующая,27-01-2025,09-06-1998,366201001,1023601610273,22-08-2002,20401000000,20701000001,57708084,4210007,14,85.13,2014,75403,Муниципальное бюджетное учреждение,МБУ,2014,ДИРЕКТОР,Алексенко Татьяна Борисовна,0,головная организация
Нововоронеж,МБОУ НОВОВОРОНЕЖСКАЯ СОШ №1,"МУНИЦИПАЛЬНОЕ БЮДЖЕТНОЕ ОБЩЕОБРАЗОВАТЕЛЬНОЕ УЧРЕЖДЕНИЕ ""СРЕДНЯЯ ОБЩЕОБРАЗОВАТЕЛЬНАЯ ШКОЛА №1 ГОРОДСКОГО ОКРУГА ГОРОД НОВОВОРОНЕЖ""",общеобразовательная организация,3651005491,"396070, ВОРОНЕЖСКАЯ ОБЛАСТЬ, Г. НОВОВОРОНЕЖ, УЛ. ЛЕНИНА, Д. 10","51.3093189, 39.2137492",действующая,06-02-2025,21-12-2000,365101001,1023601497116,17-12-2002,20427000000,20727000001,54690231,4210007,14,85.14,2014,75403,Муниципальное бюджетное учреждение,МБУ,2014,ДИРЕКТОР,Бокарева Наталия Викторовна,0,головная организация
Воронеж,МБОУ ООШ № 42,МУНИЦИПАЛЬНОЕ БЮДЖЕТНОЕ ОБЩЕОБРАЗОВАТЕЛЬНОЕ УЧРЕЖДЕНИЕ ОСНОВНАЯ ОБЩЕОБРАЗОВАТЕЛЬНАЯ ШКОЛА № 42,общеобразовательная организация,3666050987,"394024, ВОРОНЕЖСКАЯ ОБЛАСТЬ, Г. ВОРОНЕЖ, ПЕР. СОВЕТСКИЙ, Д.2","51.6922931, 39.2131257",действующая,13-02-2025,08-06-1998,366601001,1033600026316,31-01-2003,20401000000,20701000001,57708339,4210007,14,85.13,2014,75403,Муниципальное бюджетное учреждение,МБУ,2014,ДИРЕКТОР,Левшина Елена Ивановна,0,головная организация
Воронеж,МБОУ ООШ № 7,МУНИЦИПАЛЬНОЕ БЮДЖЕТНОЕ ОБЩЕОБРАЗОВАТЕЛЬНОЕ УЧРЕЖДЕНИЕ ОСНОВНАЯ ОБЩЕОБРАЗОВАТЕЛЬНАЯ ШКОЛА № 7,общеобразовательная организация,3663036769,"394073, ВОРОНЕЖСКАЯ ОБЛАСТЬ, Г. ВОРОНЕЖ, УЛ. ТАВРОВСКАЯ, Д.57","51.5535073, 39.1910041",действующая,07-02-2025,06-06-2001,366301001,1033600037459,06-02-2003,20401000000,20701000001,57706582,4210007,14,85.13,2014,75403,Муниципальное бюджетное учреждение,МБУ,2014,ДИРЕКТОР,Баранова Надежда Анатольевна,0,головная организация
Воронеж,МБОУ ООШ №96,МУНИЦИПАЛЬНОЕ БЮДЖЕТНОЕ ОБЩЕОБРАЗОВАТЕЛЬНОЕ УЧРЕЖДЕНИЕ ОСНОВНАЯ ОБЩЕОБРАЗОВАТЕЛЬНАЯ ШКОЛА №96,общеобразовательная организация,3663023022,"394093, ВОРОНЕЖСКАЯ ОБЛАСТЬ, Г. ВОРОНЕЖ, УЛ. БОЛЬШАЯ СОВЕТСКАЯ, Д.35 Б","51.5191836, 39.1472991",действующая,02-02-2025,03-04-1997,366301001,1033600064959,26-02-2003,20401000000,20701000001,45955512,4210007,14,85.13,2014,75403,Муниципальное бюджетное учреждение,МБУ,2014,ДИРЕКТОР,Подвигина Зоя Федоровна,0,головная организация
Воронеж,МБОУ ОСОШ № 11,МУНИЦИПАЛЬНОЕ БЮДЖЕТНОЕ ОБЩЕОБРАЗОВАТЕЛЬНОЕ УЧРЕЖДЕНИЕ ОТКРЫТАЯ (СМЕННАЯ) ОБЩЕОБРАЗОВАТЕЛЬНАЯ ШКОЛА № 11,общеобразовательная организация,3666051010,"394036, ВОРОНЕЖСКАЯ ОБЛАСТЬ, Г ВОРОНЕЖ, УЛ КОМИССАРЖЕВСКОЙ, Д. 17","51.6718875, 39.1993173",действующая,25-05-2025,13-11-1998,366601001,1033600027493,03-02-2003,20401000000,20701000001,49746722,4210007,14,85.13,2014,75403,Муниципальное бюджетное учреждение,МБУ,2014,ДИРЕКТОР,Чикунова Оксана Петровна,0,головная организация
Воронеж,"МБОУ ОЦ ""СОДРУЖЕСТВО""","МУНИЦИПАЛЬНОЕ БЮДЖЕТНОЕ ОБЩЕОБРАЗОВАТЕЛЬНОЕ УЧРЕЖДЕНИЕ ОБРАЗОВАТЕЛЬНЫЙ ЦЕНТР ""СОДРУЖЕСТВО""",общеобразовательная организация,3666266376,"394087, ВОРОНЕЖСКАЯ ОБЛАСТЬ, Г.О. ГОРОД ВОРОНЕЖ, Г ВОРОНЕЖ, УЛ АКАДЕМИКА КОНОПАТОВА, Д. 9","51.729803, 39.18533",действующая,28-08-2025,16-03-2023,366601001,1233600004890,16-03-2023,20401000000,20701000001,71058121,4210007,14,85.13,2014,75403,Муниципальное бюджетное учреждение,МБУ,2014,ДИРЕКТОР,Струкова Ольга Егоровна,0,головная организация
Воронеж,МБОУ СОШ № 1 С УИОП,МУНИЦИПАЛЬНОЕ БЮДЖЕТНОЕ ОБЩЕОБРАЗОВАТЕЛЬНОЕ УЧРЕЖДЕНИЕ СРЕДНЯЯ ОБЩЕОБРАЗОВАТЕЛЬНАЯ ШКОЛА С УГЛУБЛЕННЫМ ИЗУЧЕНИЕМ ОТДЕЛЬНЫХ ПРЕДМЕТОВ № 1,общеобразовательная организация,3662041950,"394077, ВОРОНЕЖСКАЯ ОБЛАСТЬ, Г. ВОРОНЕЖ, УЛ. ВЛАДИМИРА НЕВСКОГО, Д.75","51.7219651, 39.1750239",действующая,07-02-2025,28-02-1996,366201001,1023601578098,16-12-2002,20401000000,20701000001,42622394,4210007,14,85.14,2014,75403,Муниципальное бюджетное учреждение,МБУ,2014,ДИРЕКТОР,Козлов Алексей Васильевич,0,головная организация
Воронеж,МБОУ СОШ № 10,МУНИЦИПАЛЬНОЕ БЮДЖЕТНОЕ ОБЩЕОБРАЗОВАТЕЛЬНОЕ УЧРЕЖДЕНИЕ СРЕДНЯЯ ОБЩЕОБРАЗОВАТЕЛЬНАЯ ШКОЛА № 10,общеобразовательная организация,3663036889,"394083, ВОРОНЕЖСКАЯ ОБЛАСТЬ, Г. ВОРОНЕЖ, УЛ. ГЛИНКИ, Д.19","51.586289, 39.309531",действующая,08-02-2025,15-04-1997,366301001,1033600007319,17-01-2003,20401000000,20701000001,45963167,4210007,14,85.14,2014,75403,Муниципальное бюджетное учреждение,МБУ,2014,Директор,Моршинина Марина Юрьевна,0,головная организация
Воронеж,МБОУ СОШ № 11 ИМ. А.С.ПУШКИНА,МУНИЦИПАЛЬНОЕ БЮДЖЕТНОЕ ОБЩЕОБРАЗОВАТЕЛЬНОЕ УЧРЕЖДЕНИЕ СРЕДНЯЯ ОБЩЕОБРАЗОВАТЕЛЬНАЯ ШКОЛА № 11 ИМ. А.С.ПУШКИНА,общеобразовательная организация,3666050930,"394018, ВОРОНЕЖСКАЯ ОБЛАСТЬ, Г. ВОРОНЕЖ, УЛ. ВОЛОДАРСКОГО, Д. 60","51.6580024, 39.207029",действующая,08-02-2025,14-06-2002,366601001,1033600032069,04-02-2003,20401000000,20701000001,57708859,4210007,14,85.14,2014,75403,Муниципальное бюджетное учреждение,МБУ,2014,ДИРЕКТОР,Зюзина Ирина Викторовна,0,головная организация
Воронеж,МБОУ СОШ № 12,МУНИЦИПАЛЬНОЕ БЮДЖЕТНОЕ ОБЩЕОБРАЗОВАТЕЛЬНОЕ УЧРЕЖДЕНИЕ СРЕДНЯЯ ОБЩЕОБРАЗОВАТЕЛЬНАЯ ШКОЛА №12,общеобразовательная организация,3664033094,"394006, ВОРОНЕЖСКАЯ ОБЛАСТЬ, Г. ВОРОНЕЖ, УЛ. 20-ЛЕТИЯ ОКТЯБРЯ, Д.93","51.649939, 39.192086",действующая,13-02-2025,07-08-1997,366401001,1033600003601,13-01-2003,20401000000,20701000001,01672173,4210007,14,85.14,2014,75403,Муниципальное бюджетное учреждение,МБУ,2014,ДИРЕКТОР,Соколов Владимир Николаевич,0,головная организация
Воронеж,МБОУ СОШ № 14,МУНИЦИПАЛЬНОЕ БЮДЖЕТНОЕ ОБЩЕОБРАЗОВАТЕЛЬНОЕ УЧРЕЖДЕНИЕ СРЕДНЯЯ ОБЩЕОБРАЗОВАТЕЛЬНАЯ ШКОЛА № 14,общеобразовательная организация,3664044177,"394055, ВОРОНЕЖСКАЯ ОБЛАСТЬ, Г. ВОРОНЕЖ, УЛ. ЧЕРНЯХОВСКОГО, Д.2","51.6483612, 39.1704708",действующая,01-02-2025,03-08-2001,366401001,1033600029451,03-02-2003,20401000000,20701000001,57711732,4210007,14,85.14,2014,75403,Муниципальное бюджетное учреждение,МБУ,2014,ДИРЕКТОР,Новокшенова Неллина Ивановна,0,головная организация
Воронеж,МБОУ СОШ № 18,МУНИЦИПАЛЬНОЕ БЮДЖЕТНОЕ ОБЩЕОБРАЗОВАТЕЛЬНОЕ УЧРЕЖДЕНИЕ СРЕДНЯЯ ОБЩЕОБРАЗОВАТЕЛЬНАЯ ШКОЛА № 18,общеобразовательная организация,3662068510,"394049, ВОРОНЕЖСКАЯ ОБЛАСТЬ, Г. ВОРОНЕЖ, УЛ. ЛИДИИ РЯБЦЕВОЙ, Д.51","51.6868689, 39.1915328",действующая,04-02-2025,11-01-2002,366201001,1033600018528,27-01-2003,20401000000,20701000001,03017877,4210007,14,85.14,2014,75403,Муниципальное бюджетное учреждение,МБУ,2014,ДИРЕКТОР,Каширская Надежда Александровна,0,головная организация
Воронеж,МБОУ СОШ № 19,МУНИЦИПАЛЬНОЕ БЮДЖЕТНОЕ ОБЩЕОБРАЗОВАТЕЛЬНОЕ УЧРЕЖДЕНИЕ СРЕДНЯЯ ОБЩЕОБРАЗОВАТЕЛЬНАЯ ШКОЛА № 19,общеобразовательная организация,3661016421,"394063, ВОРОНЕЖСКАЯ ОБЛАСТЬ, Г ВОРОНЕЖ, ПР-КТ ЛЕНИНСКИЙ, Д. 197А","51.696695, 39.266897",действующая,07-12-2025,30-05-1996,366101001,1033600019771,28-01-2003,20401000000,20701000001,57710141,4210007,14,85.14,2014,75403,Муниципальное бюджетное учреждение,МБУ,2014,ДИРЕКТОР,Четвериков Павел Степанович,0,головная организация
Воронеж,МБОУ СОШ № 2,МУНИЦИПАЛЬНОЕ БЮДЖЕТНОЕ ОБЩЕОБРАЗОВАТЕЛЬНОЕ УЧРЕЖДЕНИЕ СРЕДНЯЯ ОБЩЕОБРАЗОВАТЕЛЬНАЯ ШКОЛА № 2,общеобразовательная организация,3663039382,"394074, ВОРОНЕЖСКАЯ ОБЛАСТЬ, Г. ВОРОНЕЖ, УЛ. ТАНЕЕВА, Д.4","51.6122725, 39.2348127",действующая,13-02-2025,03-04-1997,366301001,1033600029110,03-02-2003,20401000000,20701000001,45955506,4210007,14,85.14,2014,75403,Муниципальное бюджетное учреждение,МБУ,2014,ДИРЕКТОР,Гостилов Юрий Николаевич,0,головная организация
Воронеж,МБОУ СОШ № 20,МУНИЦИПАЛЬНОЕ БЮДЖЕТНОЕ ОБЩЕОБРАЗОВАТЕЛЬНОЕ УЧРЕЖДЕНИЕ СРЕДНЯЯ ОБЩЕОБРАЗОВАТЕЛЬНАЯ ШКОЛА № 20,общеобразовательная организация,3666050955,"394087, ВОРОНЕЖСКАЯ ОБЛАСТЬ, Г. ВОРОНЕЖ, УЛ. ЛОМОНОСОВА, Д.96","51.7138865, 39.2286698",действующая,07-02-2025,24-11-1998,366601001,1023601559629,18-11-2002,20401000000,20701000001,57708368,4210007,14,85.14,2014,75403,Муниципальное бюджетное учреждение,МБУ,2014,ДИРЕКТОР,Сакоренко Ирина Владимировна,0,головная организация
Воронеж,МБОУ СОШ № 21,МУНИЦИПАЛЬНОЕ БЮДЖЕТНОЕ ОБЩЕОБРАЗОВАТЕЛЬНОЕ УЧРЕЖДЕНИЕ СРЕДНЯЯ ОБЩЕОБРАЗОВАТЕЛЬНАЯ ШКОЛА № 21,общеобразовательная организация,3661016407,"394011, ВОРОНЕЖСКАЯ ОБЛАСТЬ, Г. ВОРОНЕЖ, ПЕР. ПЕДАГОГИЧЕСКИЙ, Д.14, К.А","51.7334463, 39.3550587",действующая,08-02-2025,31-05-1999,366101001,1033600011664,22-01-2003,20401000000,20701000001,01121088,4210007,14,85.14,2014,75403,Муниципальное бюджетное учреждение,МБУ,2014,ДИРЕКТОР,Сахаров Юрий Евгеньевич,0,головная организация
Воронеж,МБОУ СОШ № 22,"МУНИЦИПАЛЬНОЕ БЮДЖЕТНОЕ ОБЩЕОБРАЗОВАТЕЛЬНОЕ УЧРЕЖДЕНИЕ ""СРЕДНЯЯ ОБЩЕОБРАЗОВАТЕЛЬНАЯ ШКОЛА № 22 ИМЕНИ ГЕНЕРАЛА АРМИИ ЧЕРНЯХОВСКОГО И.Д.""",общеобразовательная организация,3663019315,"394007, ВОРОНЕЖСКАЯ ОБЛАСТЬ, Г. ВОРОНЕЖ, ПР-КТ ЛЕНИНСКИЙ, Д.102","51.665395, 39.249811",действующая,02-02-2025,08-04-1997,366301001,1033600020376,28-01-2003,20401000000,20701000001,57712364,4210007,14,85.14,2014,75403,Муниципальное бюджетное учреждение,МБУ,2014,ДИРЕКТОР,Панкова Людмила Викторовна,0,головная организация
Воронеж,МБОУ СОШ № 23,МУНИЦИПАЛЬНОЕ БЮДЖЕТНОЕ ОБЩЕОБРАЗОВАТЕЛЬНОЕ УЧРЕЖДЕНИЕ СРЕДНЯЯ ОБЩЕОБРАЗОВАТЕЛЬНАЯ ШКОЛА № 23,общеобразовательная организация,3661022506,"394042, ВОРОНЕЖСКАЯ ОБЛАСТЬ, Г. ВОРОНЕЖ, УЛ. ДИМИТРОВА, Д.81","51.6703801, 39.2590053",действующая,16-09-2025,28-05-1996,366101001,1023601583620,23-12-2002,20401000000,20701000001,44736245,4210007,14,85.14,2014,75403,Муниципальное бюджетное учреждение,МБУ,2014,ДИРЕКТОР,Головина Надежда Дмитриевна,0,головная организация
Воронеж,МБОУ СОШ № 25,МУНИЦИПАЛЬНОЕ БЮДЖЕТНОЕ ОБЩЕОБРАЗОВАТЕЛЬНОЕ УЧРЕЖДЕНИЕ СРЕДНЯЯ ОБЩЕОБРАЗОВАТЕЛЬНАЯ ШКОЛА № 25,общеобразовательная организация,3665034693,"394092, ВОРОНЕЖСКАЯ ОБЛАСТЬ, Г. ВОРОНЕЖ, УЛ. АРБАТСКАЯ, Д.38","51.7054881, 39.07627",действующая,28-11-2025,04-02-2002,366501001,1033600036469,06-02-2003,20401000000,20701000001,05344589,4210007,14,85.14,2014,75403,Муниципальное бюджетное учреждение,МБУ,2014,ДИРЕКТОР,Бобылева Ольга Ивановна,0,головная организация
Воронеж,МБОУ СОШ № 27,МУНИЦИПАЛЬНОЕ БЮДЖЕТНОЕ ОБЩЕОБРАЗОВАТЕЛЬНОЕ УЧРЕЖДЕНИЕ СРЕДНЯЯ ОБЩЕОБРАЗОВАТЕЛЬНАЯ ШКОЛА № 27,общеобразовательная организация,3664027277,"394071, ВОРОНЕЖСКАЯ ОБЛАСТЬ, Г ВОРОНЕЖ, УЛ 20-ЛЕТИЯ ОКТЯБРЯ, Д. 38В","51.64593, 39.200822",действующая,07-12-2025,13-12-2001,366401001,1033600032267,04-02-2003,20401000000,20701000001,44737629,4210007,14,85.14,2014,75403,Муниципальное бюджетное учреждение,МБУ,2014,ДИРЕКТОР,Герасимова Евгения Сергеевна,0,головная организация
Воронеж,МБОУ СОШ № 29,МУНИЦИПАЛЬНОЕ БЮДЖЕТНОЕ ОБЩЕОБРАЗОВАТЕЛЬНОЕ УЧРЕЖДЕНИЕ СРЕДНЯЯ ОБЩЕОБРАЗОВАТЕЛЬНАЯ ШКОЛА № 29,общеобразовательная организация,3662067002,"394068, ВОРОНЕЖСКАЯ ОБЛАСТЬ, Г ВОРОНЕЖ, УЛ 45 СТРЕЛКОВОЙ ДИВИЗИИ, Д. 102","51.6958653, 39.188891",действующая,22-08-2025,14-11-2001,366201001,1023601553832,06-11-2002,20401000000,20701000001,57723149,4210007,14,85.14,2014,75403,Муниципальное бюджетное учреждение,МБУ,2014,ДИРЕКТОР,Коротеева Инна Вячеславовна,0,головная организация
Воронеж,МБОУ СОШ № 3,МУНИЦИПАЛЬНОЕ БЮДЖЕТНОЕ ОБЩЕОБРАЗОВАТЕЛЬНОЕ УЧРЕЖДЕНИЕ СРЕДНЯЯ ОБЩЕОБРАЗОВАТЕЛЬНАЯ ШКОЛА № 3,общеобразовательная организация,3663039946,"394004, ВОРОНЕЖСКАЯ ОБЛАСТЬ, Г. ВОРОНЕЖ, ПЕР. ГВАРДЕЙСКИЙ, Д.50","51.6497731, 39.2425711",действующая,07-02-2025,08-04-1997,366301001,1033600068721,10-02-2003,20401000000,20701000001,45955558,4210007,14,85.14,2014,75403,Муниципальное бюджетное учреждение,МБУ,2014,ДИРЕКТОР,Панфилова Элла Николаевна,0,головная организация
Воронеж,МБОУ СОШ № 30,МУНИЦИПАЛЬНОЕ БЮДЖЕТНОЕ ОБЩЕОБРАЗОВАТЕЛЬНОЕ УЧРЕЖДЕНИЕ СРЕДНЯЯ ОБЩЕОБРАЗОВАТЕЛЬНАЯ ШКОЛА № 30,общеобразовательная организация,3663037716,"394028, ВОРОНЕЖСКАЯ ОБЛАСТЬ, Г.О. ГОРОД ВОРОНЕЖ, Г ВОРОНЕЖ, УЛ ТУПОЛЕВА, Д. 18","51.6413524, 39.2699495",действующая,25-12-2025,11-04-1996,366301001,1033600047755,08-02-2003,20401000000,20701000001,45966757,4210007,14,85.14,2014,75403,Муниципальное бюджетное учреждение,МБУ,2014,ДИРЕКТОР,Ткаченко Дмитрий Игоревич,0,головная организация
Воронеж,МБОУ СОШ № 33,МУНИЦИПАЛЬНОЕ БЮДЖЕТНОЕ ОБЩЕОБРАЗОВАТЕЛЬНОЕ УЧРЕЖДЕНИЕ СРЕДНЯЯ ОБЩЕОБРАЗОВАТЕЛЬНАЯ ШКОЛА № 33,общеобразовательная организация,3663037346,"394014, ВОРОНЕЖСКАЯ ОБЛАСТЬ, Г. ВОРОНЕЖ, ПЕР. ЦИМЛЯНСКИЙ, Д.2","51.6186731, 39.2446424",действующая,02-02-2025,28-03-1997,366301001,1033600025359,30-01-2003,20401000000,20701000001,45955630,4210007,14,85.14,2014,75403,Муниципальное бюджетное учреждение,МБУ,2014,ДИРЕКТОР,Гаврилова Наталья Владимировна,0,головная организация
Воронеж,МБОУ СОШ № 35 ИМ. Д. Ф. ЧЕБОТАРЕВА,МУНИЦИПАЛЬНОЕ БЮДЖЕТНОЕ ОБЩЕОБРАЗОВАТЕЛЬНОЕ УЧРЕЖДЕНИЕ СРЕДНЯЯ ОБЩЕОБРАЗОВАТЕЛЬНАЯ ШКОЛА № 35 ИМЕНИ ГЕРОЯ СОВЕТСКОГО СОЮЗА Д. Ф. ЧЕБОТАРЕВА,общеобразовательная организация,3664045117,"394030, ВОРОНЕЖСКАЯ ОБЛАСТЬ, Г. ВОРОНЕЖ, УЛ. ПЛЕХАНОВСКАЯ, Д. 39","51.670154, 39.189265",действующая,23-10-2025,01-10-2001,366401001,1033600037250,06-02-2003,20401000000,20701000001,57719260,4210007,14,85.14,2014,75403,Муниципальное бюджетное учреждение,МБУ,2014,ДИРЕКТОР,Дубинина Мария Николаевна,0,головная организация
Воронеж,МБОУ СОШ № 36,МУНИЦИПАЛЬНОЕ БЮДЖЕТНОЕ ОБЩЕОБРАЗОВАТЕЛЬНОЕ УЧРЕЖДЕНИЕ СРЕДНЯЯ ОБЩЕОБРАЗОВАТЕЛЬНАЯ ШКОЛА № 36 ИМЕНИ И.Ф. АРТАМОНОВА,общеобразовательная организация,3661022584,"394057, ВОРОНЕЖСКАЯ ОБЛАСТЬ, Г. ВОРОНЕЖ, УЛ. КУЙБЫШЕВА, Д.23","51.7343161, 39.2665359",действующая,03-02-2025,04-06-1996,366101001,1023601576459,17-12-2002,20401000000,20701000001,10608464,4210007,14,85.14,2014,75403,Муниципальное бюджетное учреждение,МБУ,2014,ДИРЕКТОР,Артеменко Константин Петрович,0,головная организация
Воронеж,МБОУ СОШ № 37,МУНИЦИПАЛЬНОЕ БЮДЖЕТНОЕ ОБЩЕОБРАЗОВАТЕЛЬНОЕ УЧРЕЖДЕНИЕ СРЕДНЯЯ ОБЩЕОБРАЗОВАТЕЛЬНАЯ ШКОЛА №37,общеобразовательная организация,3666050970,"394036, ВОРОНЕЖСКАЯ ОБЛАСТЬ, Г. ВОРОНЕЖ, УЛ. ПЯТНИЦКОГО, Д.67","51.6672847, 39.2097548",действующая,10-02-2025,11-06-1998,366601001,1033600032157,04-02-2003,20401000000,20701000001,57709050,4210007,14,85.14,2014,75403,Муниципальное бюджетное учреждение,МБУ,2014,ДИРЕКТОР,Соколова Ольга Александровна,0,головная организация
Воронеж,МБОУ СОШ № 38,МУНИЦИПАЛЬНОЕ БЮДЖЕТНОЕ ОБЩЕОБРАЗОВАТЕЛЬНОЕ УЧРЕЖДЕНИЕ СРЕДНЯЯ ОБЩЕОБРАЗОВАТЕЛЬНАЯ ШКОЛА С УГЛУБЛЕННЫМ ИЗУЧЕНИЕМ ОТДЕЛЬНЫХ ПРЕДМЕТОВ № 38 ИМЕНИ Е.А. БОЛХОВИТИНОВА,общеобразовательная организация,3664046128,"394018, ВОРОНЕЖСКАЯ ОБЛАСТЬ, Г. ВОРОНЕЖ, УЛ. ФРИДРИХА ЭНГЕЛЬСА, Д.76","51.6604595, 39.188998",действующая,17-03-2025,18-09-2001,366401001,1023601571762,06-12-2002,20401000000,20701000001,00336763,4210007,14,85.14,2014,75403,Муниципальное бюджетное учреждение,МБУ,2014,ДИРЕКТОР,Бугакова Юлия Александровна,0,головная организация
Воронеж,МБОУ СОШ № 39,МУНИЦИПАЛЬНОЕ БЮДЖЕТНОЕ ОБЩЕОБРАЗОВАТЕЛЬНОЕ УЧРЕЖДЕНИЕ СРЕДНЯЯ ОБЩЕОБРАЗОВАТЕЛЬНАЯ ШКОЛА № 39,общеобразовательная организация,3662053828,"394019, ВОРОНЕЖСКАЯ ОБЛАСТЬ, Г. ВОРОНЕЖ, ПР-КТ ТРУДА, Д.70","51.6744091, 39.1660575",действующая,13-02-2025,15-10-1998,366201001,1023601557528,14-11-2002,20401000000,20701000001,49759736,4210007,14,85.14,2014,75403,Муниципальное бюджетное учреждение,МБУ,2014,ДИРЕКТОР,Нечаева Людмила Николаевна,0,головная организация
Воронеж,МБОУ СОШ № 4,МУНИЦИПАЛЬНОЕ БЮДЖЕТНОЕ ОБЩЕОБРАЗОВАТЕЛЬНОЕ УЧРЕЖДЕНИЕ СРЕДНЯЯ ОБЩЕОБРАЗОВАТЕЛЬНАЯ ШКОЛА № 4,общеобразовательная организация,3665034904,"394038, ВОРОНЕЖСКАЯ ОБЛАСТЬ, Г. ВОРОНЕЖ, Б-Р ПИОНЕРОВ, Д.14","51.6563495, 39.1520484",действующая,27-11-2025,07-02-2002,366501001,1033600031904,04-02-2003,20401000000,20701000001,10592993,4210007,14,85.14,2014,75403,Муниципальное бюджетное учреждение,МБУ,2014,ДИРЕКТОР,Черняева Вера Александровна,0,головная организация
Воронеж,МБОУ СОШ № 40,МУНИЦИПАЛЬНОЕ БЮДЖЕТНОЕ ОБЩЕОБРАЗОВАТЕЛЬНОЕ УЧРЕЖДЕНИЕ СРЕДНЯЯ ОБЩЕОБРАЗОВАТЕЛЬНАЯ ШКОЛА № 40,общеобразовательная организация,3664044346,"394052, ВОРОНЕЖСКАЯ ОБЛАСТЬ, Г. ВОРОНЕЖ, УЛ. КРАСНОЗНАМЕННАЯ, Д. 74","51.6459855, 39.182096",действующая,07-02-2025,03-08-2001,366401001,1033600021817,29-01-2003,20401000000,20701000001,57712708,4210007,14,85.14,2014,75403,Муниципальное бюджетное учреждение,МБУ,2014,ДИРЕКТОР,Бовкун Ольга Александровна,0,головная организация
Воронеж,МБОУ СОШ № 43,МУНИЦИПАЛЬНОЕ БЮДЖЕТНОЕ ОБЩЕОБРАЗОВАТЕЛЬНОЕ УЧРЕЖДЕНИЕ СРЕДНЯЯ ОБЩЕОБРАЗОВАТЕЛЬНАЯ ШКОЛА № 43,общеобразовательная организация,3662050665,"394077, ВОРОНЕЖСКАЯ ОБЛАСТЬ, Г. ВОРОНЕЖ, УЛ. ГЕНЕРАЛА ЛИЗЮКОВА, Д.26","51.7096875, 39.1673777",действующая,11-02-2025,26-02-1998,366201001,1033600012555,23-01-2003,20401000000,20701000001,49747555,4210007,14,85.13,2014,75403,Муниципальное бюджетное учреждение,МБУ,2014,ДИРЕКТОР,Гусев Владимир Ильич,0,головная организация
Воронеж,МБОУ СОШ № 44,МУНИЦИПАЛЬНОЕ БЮДЖЕТНОЕ ОБЩЕОБРАЗОВАТЕЛЬНОЕ УЧРЕЖДЕНИЕ СРЕДНЯЯ ОБЩЕОБРАЗОВАТЕЛЬНАЯ ШКОЛА № 44,общеобразовательная организация,3664045967,"394052, ВОРОНЕЖСКАЯ ОБЛАСТЬ, Г ВОРОНЕЖ, ПЕР ОСТРОГОЖСКИЙ, Д. 1А","51.6333306, 39.1710126",действующая,03-02-2025,26-11-2001,366401001,1033600028153,03-02-2003,20401000000,20701000001,00151561,4210007,14,85.14,2014,75403,Муниципальное бюджетное учреждение,МБУ,2014,ДИРЕКТОР,Исаева Ольга Викторовна,0,головная организация
Воронеж,МБОУ СОШ № 45,МУНИЦИПАЛЬНОЕ БЮДЖЕТНОЕ ОБЩЕОБРАЗОВАТЕЛЬНОЕ УЧРЕЖДЕНИЕ СРЕДНЯЯ ОБЩЕОБРАЗОВАТЕЛЬНАЯ ШКОЛА № 45,общеобразовательная организация,3664047080,"394030, ВОРОНЕЖСКАЯ ОБЛАСТЬ, Г. ВОРОНЕЖ, УЛ. 9 ЯНВАРЯ, Д.46","51.663965, 39.185609",действующая,06-02-2025,14-12-2001,366401001,1023601559849,18-11-2002,20401000000,20701000001,05329791,4210007,14,85.13,2014,75403,Муниципальное бюджетное учреждение,МБУ,2014,ДИРЕКТОР,Карташова Ольга Алексеевна,0,головная организация
Воронеж,МБОУ СОШ № 46,"МУНИЦИПАЛЬНОЕ БЮДЖЕТНОЕ ОБЩЕОБРАЗОВАТЕЛЬНОЕ УЧРЕЖДЕНИЕ ""СРЕДНЯЯ ОБЩЕОБРАЗОВАТЕЛЬНАЯ ШКОЛА № 46""",общеобразовательная организация,3662069754,"394075, ВОРОНЕЖСКАЯ ОБЛАСТЬ, Г. ВОРОНЕЖ, УЛ. ДМИТРИЯ ГОРИНА, Д.61","51.7314025, 39.1604497",действующая,08-02-2025,01-03-2002,366201001,1033600017285,27-01-2003,20401000000,20701000001,10609601,4210007,14,85.14,2014,75403,Муниципальное бюджетное учреждение,МБУ,2014,ДИРЕКТОР,Артемова Татьяна Витальевна,0,головная организация
Воронеж,МБОУ СОШ № 47,МУНИЦИПАЛЬНОЕ БЮДЖЕТНОЕ ОБЩЕОБРАЗОВАТЕЛЬНОЕ УЧРЕЖДЕНИЕ СРЕДНЯЯ ОБЩЕОБРАЗОВАТЕЛЬНАЯ ШКОЛА № 47,общеобразовательная организация,3662050626,"394068, ВОРОНЕЖСКАЯ ОБЛАСТЬ, Г. ВОРОНЕЖ, УЛ. БЕГОВАЯ, Д.2","51.6992776, 39.1922116",действующая,08-02-2025,11-03-1998,366201001,1023601581310,19-12-2002,20401000000,20701000001,49750391,4210007,14,85.14,2014,75403,Муниципальное бюджетное учреждение,МБУ,2014,ДИРЕКТОР,Галкин Александр Викторович,0,головная организация
Воронеж,МБОУ СОШ № 48,МУНИЦИПАЛЬНОЕ БЮДЖЕТНОЕ ОБЩЕОБРАЗОВАТЕЛЬНОЕ УЧРЕЖДЕНИЕ СРЕДНЯЯ ОБЩЕОБРАЗОВАТЕЛЬНАЯ ШКОЛА №48,общеобразовательная организация,3664044339,"394030, ВОРОНЕЖСКАЯ ОБЛАСТЬ, Г. ВОРОНЕЖ, УЛ. 3 ИНТЕРНАЦИОНАЛА, Д. 33","51.6702992, 39.18032",действующая,09-02-2025,31-07-2001,366401001,1033600021840,29-01-2003,20401000000,20701000001,57711092,4210007,14,85.14,2014,75403,Муниципальное бюджетное учреждение,МБУ,2014,ДИРЕКТОР,Артемов Андрей Викторович,0,головная организация
Воронеж,МБОУ СОШ № 5 ИМ.К.П. ФЕОКТИСТОВА,МУНИЦИПАЛЬНОЕ БЮДЖЕТНОЕ ОБЩЕОБРАЗОВАТЕЛЬНОЕ УЧРЕЖДЕНИЕ СРЕДНЯЯ ОБЩЕОБРАЗОВАТЕЛЬНАЯ ШКОЛА № 5 ИМ.К.П. ФЕОКТИСТОВА,общеобразовательная организация,3666050916,"394043, ВОРОНЕЖСКАЯ ОБЛАСТЬ, Г. ВОРОНЕЖ, УЛ. ЛЕНИНА, Д.88","51.68541, 39.215872",действующая,07-02-2025,20-05-1998,366601001,1033600037382,06-02-2003,20401000000,20701000001,57708210,4210007,14,85.14,2014,75403,Муниципальное бюджетное учреждение,МБУ,2014,ДИРЕКТОР,Золотарева Надежда Андреевна,0,головная организация
Воронеж,МБОУ СОШ № 50,МУНИЦИПАЛЬНОЕ БЮДЖЕТНОЕ ОБЩЕОБРАЗОВАТЕЛЬНОЕ УЧРЕЖДЕНИЕ СРЕДНЯЯ ОБЩЕОБРАЗОВАТЕЛЬНАЯ ШКОЛА № 50,общеобразовательная организация,3664044258,"394052, ВОРОНЕЖСКАЯ ОБЛАСТЬ, Г ВОРОНЕЖ, ПЕР ТУРКМЕНСКИЙ, Д. 14А","51.6383101, 39.1711948",действующая,19-11-2025,03-08-2001,366401001,1033600038009,06-02-2003,20401000000,20701000001,57712513,4210007,14,85.14,2014,75403,Муниципальное бюджетное учреждение,МБУ,2014,ДИРЕКТОР,Глотова Надежда Михайловна,0,головная организация
Воронеж,МБОУ СОШ № 51,МУНИЦИПАЛЬНОЕ БЮДЖЕТНОЕ ОБЩЕОБРАЗОВАТЕЛЬНОЕ УЧРЕЖДЕНИЕ СРЕДНЯЯ ОБЩЕОБРАЗОВАТЕЛЬНАЯ ШКОЛА № 51,общеобразовательная организация,3662053560,"394019, ВОРОНЕЖСКАЯ ОБЛАСТЬ, Г. ВОРОНЕЖ, УЛ. ЗАГОРОДНАЯ, Д.66","51.6787782, 39.1579891",действующая,08-02-2025,22-01-2002,366201001,1023601555010,11-11-2002,20401000000,20701000001,51702531,4210007,14,85.14,2014,75403,Муниципальное бюджетное учреждение,МБУ,2014,Директор,Миловидов Виктор Викторович,0,головная организация
Воронеж,МБОУ СОШ № 52,МУНИЦИПАЛЬНОЕ БЮДЖЕТНОЕ ОБЩЕОБРАЗОВАТЕЛЬНОЕ УЧРЕЖДЕНИЕ СРЕДНЯЯ ОБЩЕОБРАЗОВАТЕЛЬНАЯ ШКОЛА № 52,общеобразовательная организация,3661016397,"394010, ВОРОНЕЖСКАЯ ОБЛАСТЬ, Г. ВОРОНЕЖ, УЛ. БОГДАНА ХМЕЛЬНИЦКОГО, Д.34","51.720534, 39.269111",действующая,04-02-2025,03-01-2002,366101001,1033600001225,08-01-2003,20401000000,20701000001,57709729,4210007,14,85.14,2014,75403,Муниципальное бюджетное учреждение,МБУ,2014,ДИРЕКТОР,Рогатнева Светлана Викторовна,0,головная организация
Воронеж,МБОУ СОШ № 54,МУНИЦИПАЛЬНОЕ БЮДЖЕТНОЕ ОБЩЕОБРАЗОВАТЕЛЬНОЕ УЧРЕЖДЕНИЕ СРЕДНЯЯ ОБЩЕОБРАЗОВАТЕЛЬНАЯ ШКОЛА № 54,общеобразовательная организация,3663039449,"394002, ВОРОНЕЖСКАЯ ОБЛАСТЬ, Г. ВОРОНЕЖ, УЛ. ОКРУЖНАЯ, Д.3","51.6640277, 39.2795592",действующая,10-02-2025,08-04-1997,366301001,1033600043784,07-02-2003,20401000000,20701000001,45955423,4210007,14,85.14,2014,75403,Муниципальное бюджетное учреждение,МБУ,2014,Директор,Терновых Ольга Михайловна,0,головная организация
Воронеж,МБОУ СОШ № 55,МУНИЦИПАЛЬНОЕ БЮДЖЕТНОЕ ОБЩЕОБРАЗОВАТЕЛЬНОЕ УЧРЕЖДЕНИЕ СРЕДНЯЯ ОБЩЕОБРАЗОВАТЕЛЬНАЯ ШКОЛА № 55,общеобразовательная организация,3665025184,"394040, ВОРОНЕЖСКАЯ ОБЛАСТЬ, Г. ВОРОНЕЖ, УЛ. КИСЕЛЕВА, Д.2","51.6823009, 39.0896559",действующая,13-02-2025,30-01-1997,366501001,1023601587338,26-12-2002,20401000000,20701000001,51700785,4210007,14,85.14,2014,75403,Муниципальное бюджетное учреждение,МБУ,2014,директор,Татаринская Татьяна Анатольевна,0,головная организация
Воронеж,МБОУ СОШ № 56,МУНИЦИПАЛЬНОЕ БЮДЖЕТНОЕ ОБЩЕОБРАЗОВАТЕЛЬНОЕ УЧРЕЖДЕНИЕ СРЕДНЯЯ ОБЩЕОБРАЗОВАТЕЛЬНАЯ ШКОЛА № 56,общеобразовательная организация,3661022520,"394011, ВОРОНЕЖСКАЯ ОБЛАСТЬ, Г. ВОРОНЕЖ, УЛ. ЛИПЕЦКАЯ, Д.2","51.7368747, 39.3602876",действующая,09-02-2025,28-05-1996,366101001,1033600014535,24-01-2003,20401000000,20701000001,57710158,4210007,14,85.13,2014,75403,Муниципальное бюджетное учреждение,МБУ,2014,директор,Першина Маргарита Ивановна,0,головная организация
Воронеж,МБОУ СОШ № 57,"МУНИЦИПАЛЬНОЕ БЮДЖЕТНОЕ ОБЩЕОБРАЗОВАТЕЛЬНОЕ УЧРЕЖДЕНИЕ ""СРЕДНЯЯ ОБЩЕОБРАЗОВАТЕЛЬНАЯ ШКОЛА № 57""",общеобразовательная организация,3662050658,"394019, ВОРОНЕЖСКАЯ ОБЛАСТЬ, Г. ВОРОНЕЖ, УЛ. 9 ЯНВАРЯ, Д.134","51.673014, 39.153948",действующая,13-02-2025,23-02-1998,366201001,1023601541480,10-10-2002,20401000000,20701000001,49744249,4210007,14,85.14,2014,75403,Муниципальное бюджетное учреждение,МБУ,2014,ДИРЕКТОР,Плотников Дмитрий Сергеевич,0,головная организация
Воронеж,МБОУ СОШ № 6,МУНИЦИПАЛЬНОЕ БЮДЖЕТНОЕ ОБЩЕОБРАЗОВАТЕЛЬНОЕ УЧРЕЖДЕНИЕ СРЕДНЯЯ ОБЩЕОБРАЗОВАТЕЛЬНАЯ ШКОЛА № 6,общеобразовательная организация,3662050672,"394016, ВОРОНЕЖСКАЯ ОБЛАСТЬ, Г. ВОРОНЕЖ, УЛ. БЕГОВАЯ, Д.120","51.6973327, 39.1557399",действующая,05-02-2025,26-11-1998,366201001,1033600020398,28-01-2003,20401000000,20701000001,49748187,4210007,14,85.14,2014,75403,Муниципальное бюджетное учреждение,МБУ,2014,ДИРЕКТОР,Гончаров Владимир Петрович,0,головная организация
Воронеж,МБОУ СОШ № 61,МУНИЦИПАЛЬНОЕ БЮДЖЕТНОЕ ОБЩЕОБРАЗОВАТЕЛЬНОЕ УЧРЕЖДЕНИЕ СРЕДНЯЯ ОБЩЕОБРАЗОВАТЕЛЬНАЯ ШКОЛА № 61,общеобразовательная организация,3663019308,"394074, ВОРОНЕЖСКАЯ ОБЛАСТЬ, Г. ВОРОНЕЖ, УЛ. РОСТОВСКАЯ, Д.48/4","51.6078708, 39.2386981",действующая,10-02-2025,03-04-1997,366301001,1033600076883,21-02-2003,20401000000,20701000001,45955535,4210007,14,85.14,2014,75403,Муниципальное бюджетное учреждение,МБУ,2014,Директор,Самодурова Лариса Владимировна,0,головная организация
Воронеж,МБОУ СОШ № 62,МУНИЦИПАЛЬНОЕ БЮДЖЕТНОЕ ОБЩЕОБРАЗОВАТЕЛЬНОЕ УЧРЕЖДЕНИЕ СРЕДНЯЯ ОБЩЕОБРАЗОВАТЕЛЬНАЯ ШКОЛА № 62,общеобразовательная организация,3666050994,"394043, ВОРОНЕЖСКАЯ ОБЛАСТЬ, Г. ВОРОНЕЖ, УЛ. БЕРЕЗОВАЯ РОЩА, Д.32","51.70081, 39.225868",действующая,26-12-2025,11-03-1997,366601001,1023601559486,18-11-2002,20401000000,20701000001,45961257,4210007,14,85.14,2014,75403,Муниципальное бюджетное учреждение,МБУ,2014,ДИРЕКТОР,Шабанова Виктория Вячеславовна,0,головная организация
Воронеж,МБОУ СОШ № 63,МУНИЦИПАЛЬНОЕ БЮДЖЕТНОЕ ОБЩЕОБРАЗОВАТЕЛЬНОЕ УЧРЕЖДЕНИЕ СРЕДНЯЯ ОБЩЕОБРАЗОВАТЕЛЬНАЯ ШКОЛА № 63,общеобразовательная организация,3664049545,"394030, ВОРОНЕЖСКАЯ ОБЛАСТЬ, Г. ВОРОНЕЖ, УЛ. ПИРОГОВА, Д. 21","51.663168, 39.1719716",действующая,06-02-2025,14-09-1999,366501001,1033600068864,10-02-2003,20401000000,20701000001,57707475,4210007,14,85.14,2014,75403,Муниципальное бюджетное учреждение,МБУ,2014,ДИРЕКТОР,Астапова Татьяна Сергеевна,0,головная организация
Воронеж,МБОУ СОШ № 64,МУНИЦИПАЛЬНОЕ БЮДЖЕТНОЕ ОБЩЕОБРАЗОВАТЕЛЬНОЕ УЧРЕЖДЕНИЕ СРЕДНЯЯ ОБЩЕОБРАЗОВАТЕЛЬНАЯ ШКОЛА №64,общеобразовательная организация,3661022418,"394050, ВОРОНЕЖСКАЯ ОБЛАСТЬ, Г. ВОРОНЕЖ, УЛ. ФЕДОРА ТЮТЧЕВА, Д.6","51.7481643, 39.3316417",действующая,11-02-2025,31-05-1999,366101001,1023601578637,17-12-2002,20401000000,20701000001,56455824,4210007,14,85.13,2014,75403,Муниципальное бюджетное учреждение,МБУ,2014,ДИРЕКТОР,Островская Ирина Владимировна,0,головная организация
Воронеж,МБОУ СОШ № 67,МУНИЦИПАЛЬНОЕ БЮДЖЕТНОЕ ОБЩЕОБРАЗОВАТЕЛЬНОЕ УЧРЕЖДЕНИЕ СРЕДНЯЯ ОБЩЕОБРАЗОВАТЕЛЬНАЯ ШКОЛА № 67,общеобразовательная организация,3663041303,"394029, ВОРОНЕЖСКАЯ ОБЛАСТЬ, Г ВОРОНЕЖ, УЛ ЦИОЛКОВСКОГО, Д. 5","51.6405075, 39.2331322",действующая,21-08-2025,08-04-1997,366301001,1033600032311,04-02-2003,20401000000,20701000001,45964050,4210007,14,85.14,2014,75403,Муниципальное бюджетное учреждение,МБУ,2014,ДИРЕКТОР,Тягунова Галина Михайловна,0,головная организация
Воронеж,МБОУ СОШ № 68,МУНИЦИПАЛЬНОЕ БЮДЖЕТНОЕ ОБЩЕОБРАЗОВАТЕЛЬНОЕ УЧРЕЖДЕНИЕ СРЕДНЯЯ ОБЩЕОБРАЗОВАТЕЛЬНАЯ ШКОЛА № 68,общеобразовательная организация,3661011624,"394042, ВОРОНЕЖСКАЯ ОБЛАСТЬ, Г. ВОРОНЕЖ, УЛ. ПЕРЕВЕРТКИНА, Д.16","51.6829743, 39.2593366",действующая,05-02-2025,27-05-1996,366101001,1033600010927,22-01-2003,20401000000,20701000001,25740270,4210007,14,85.14,2014,75403,Муниципальное бюджетное учреждение,МБУ,2014,ДИРЕКТОР,Паринова Ирина Викторовна,0,головная организация
Воронеж,МБОУ СОШ № 69,МУНИЦИПАЛЬНОЕ БЮДЖЕТНОЕ ОБЩЕОБРАЗОВАТЕЛЬНОЕ УЧРЕЖДЕНИЕ СРЕДНЯЯ ОБЩЕОБРАЗОВАТЕЛЬНАЯ ШКОЛА № 69,общеобразовательная организация,3663037755,"394028, ВОРОНЕЖСКАЯ ОБЛАСТЬ, Г. ВОРОНЕЖ, УЛ. ТУПОЛЕВА, Д.40","51.6367952, 39.2686273",действующая,07-02-2025,28-03-1997,366301001,1033600024611,30-01-2003,20401000000,20701000001,45955417,4210007,14,85.14,2014,75403,Муниципальное бюджетное учреждение,МБУ,2014,Директор,Бурдакова Ольга Ивановна,0,головная организация
Воронеж,МБОУ СОШ № 70,МУНИЦИПАЛЬНОЕ БЮДЖЕТНОЕ ОБЩЕОБРАЗОВАТЕЛЬНОЕ УЧРЕЖДЕНИЕ СРЕДНЯЯ ОБЩЕОБРАЗОВАТЕЛЬНАЯ ШКОЛА № 70,общеобразовательная организация,3665035369,"394038, ВОРОНЕЖСКАЯ ОБЛАСТЬ, Г. ВОРОНЕЖ, УЛ. КОСМОНАВТОВ, Д. 34","51.653392, 39.155148",действующая,12-02-2025,01-03-2002,366501001,1033600014832,24-01-2003,20401000000,20701000001,10608180,4210007,14,85.14,2014,75403,Муниципальное бюджетное учреждение,МБУ,2014,ДИРЕКТОР,Левин Николай Иванович,0,головная организация
Воронеж,МБОУ СОШ № 71,МУНИЦИПАЛЬНОЕ БЮДЖЕТНОЕ ОБЩЕОБРАЗОВАТЕЛЬНОЕ УЧРЕЖДЕНИЕ СРЕДНЯЯ ОБЩЕОБРАЗОВАТЕЛЬНАЯ ШКОЛА № 71,общеобразовательная организация,3661014689,"394010, ВОРОНЕЖСКАЯ ОБЛАСТЬ, Г. ВОРОНЕЖ, УЛ. БОГДАНА ХМЕЛЬНИЦКОГО, Д.58, К.А","51.713455, 39.271515",действующая,08-02-2025,20-05-1996,366101001,1033600018044,27-01-2003,20401000000,20701000001,44747355,4210007,14,85.14,2014,75403,Муниципальное бюджетное учреждение,МБУ,2014,ДИРЕКТОР,Яицкий Николай Иванович,0,головная организация
Воронеж,МБОУ СОШ № 72 ИМ. Ю.В. ЛУКЬЯНЧИКОВА,МУНИЦИПАЛЬНОЕ БЮДЖЕТНОЕ ОБЩЕОБРАЗОВАТЕЛЬНОЕ УЧРЕЖДЕНИЕ СРЕДНЯЯ ОБЩЕОБРАЗОВАТЕЛЬНАЯ ШКОЛА № 72 ИМЕНИ Ю.В. ЛУКЬЯНЧИКОВА,общеобразовательная организация,3665034774,"394062, ВОРОНЕЖСКАЯ ОБЛАСТЬ, Г. ВОРОНЕЖ, УЛ. ЮЖНО-МОРАВСКАЯ, Д. 18","51.6558284, 39.1282876",действующая,12-02-2025,11-02-2002,366501001,1023601561059,20-11-2002,20401000000,20701000001,10591120,4210007,14,85.14,2014,75403,Муниципальное бюджетное учреждение,МБУ,2014,ДИРЕКТОР,Шайкина Марина Владимировна,0,головная организация
Воронеж,МБОУ СОШ № 73 ИМ. А.Ф. ЧЕРНОНОГА,МУНИЦИПАЛЬНОЕ БЮДЖЕТНОЕ ОБЩЕОБРАЗОВАТЕЛЬНОЕ УЧРЕЖДЕНИЕ СРЕДНЯЯ ОБЩЕОБРАЗОВАТЕЛЬНАЯ ШКОЛА № 73 ИМ. А.Ф. ЧЕРНОНОГА,общеобразовательная организация,3665037542,"394051, ВОРОНЕЖСКАЯ ОБЛАСТЬ, Г. ВОРОНЕЖ, УЛ. ЮЛЮСА ЯНОНИСА, Д.6","51.6487425, 39.1459761",действующая,10-02-2025,27-06-2002,366501001,1023601540643,09-10-2002,20401000000,20701000001,59560651,4210007,14,85.13,2014,75403,Муниципальное бюджетное учреждение,МБУ,2014,Директор,Воробьев Сергей Николаевич,0,головная организация
Воронеж,МБОУ СОШ № 74,МУНИЦИПАЛЬНОЕ БЮДЖЕТНОЕ ОБЩЕОБРАЗОВАТЕЛЬНОЕ УЧРЕЖДЕНИЕ СРЕДНЯЯ ОБЩЕОБРАЗОВАТЕЛЬНАЯ ШКОЛА № 74,общеобразовательная организация,3661016478,"394063, ВОРОНЕЖСКАЯ ОБЛАСТЬ, Г. ВОРОНЕЖ, УЛ. ПЕРЕВЕРТКИНА, Д.34","51.68923, 39.26319",действующая,08-02-2025,13-05-1996,366101001,1023601573082,09-12-2002,20401000000,20701000001,45953967,4210007,14,85.14,2014,75403,Муниципальное бюджетное учреждение,МБУ,2014,ДИРЕКТОР,Галкина Марина Николаевна,0,головная организация
Воронеж,МБОУ СОШ № 75,МУНИЦИПАЛЬНОЕ БЮДЖЕТНОЕ ОБЩЕОБРАЗОВАТЕЛЬНОЕ УЧРЕЖДЕНИЕ СРЕДНЯЯ ОБЩЕОБРАЗОВАТЕЛЬНАЯ ШКОЛА № 75,общеобразовательная организация,3665021359,"394051, ВОРОНЕЖСКАЯ ОБЛАСТЬ, Г. ВОРОНЕЖ, УЛ. ЮЛЮСА ЯНОНИСА, Д.4","51.6490233, 39.1432875",действующая,09-02-2025,10-10-1997,366501001,1033600029870,03-02-2003,20401000000,20701000001,56447204,4210007,14,85.13,2014,75403,Муниципальное бюджетное учреждение,МБУ,2014,ДИРЕКТОР,Бушаев Сергей Владимирович,0,головная организация
Воронеж,МБОУ СОШ № 76,МУНИЦИПАЛЬНОЕ БЮДЖЕТНОЕ ОБЩЕОБРАЗОВАТЕЛЬНОЕ УЧРЕЖДЕНИЕ СРЕДНЯЯ ОБЩЕОБРАЗОВАТЕЛЬНАЯ ШКОЛА № 76,общеобразовательная организация,3662071707,"394019, ВОРОНЕЖСКАЯ ОБЛАСТЬ, Г ВОРОНЕЖ, УЛ 9 ЯНВАРЯ, Д. 220А","51.67772, 39.138949",действующая,21-12-2025,31-05-2002,366201001,1033600049922,08-02-2003,20401000000,20701000001,57716333,4210007,14,85.14,2014,75403,Муниципальное бюджетное учреждение,МБУ,2014,ДИРЕКТОР,Пожидаева Татьяна Валентиновна,0,головная организация
Воронеж,МБОУ СОШ № 77,МУНИЦИПАЛЬНОЕ БЮДЖЕТНОЕ ОБЩЕОБРАЗОВАТЕЛЬНОЕ УЧРЕЖДЕНИЕ СРЕДНЯЯ ОБЩЕОБРАЗОВАТЕЛЬНАЯ ШКОЛА № 77,общеобразовательная организация,3663041367,"394056, ВОРОНЕЖСКАЯ ОБЛАСТЬ, Г. ВОРОНЕЖ, ПЕР. ЗВЕЗДНЫЙ, Д.2","51.550927, 39.238151",действующая,12-02-2025,08-04-1997,366301001,1033600001930,09-01-2003,20401000000,20701000001,45962593,4210007,14,85.14,2014,75403,Муниципальное бюджетное учреждение,МБУ,2014,Директор,Латынина Валентина Петровна,0,головная организация
Воронеж,МБОУ СОШ № 79,МУНИЦИПАЛЬНОЕ БЮДЖЕТНОЕ ОБЩЕОБРАЗОВАТЕЛЬНОЕ УЧРЕЖДЕНИЕ СРЕДНЯЯ ОБЩЕОБРАЗОВАТЕЛЬНАЯ ШКОЛА № 79,общеобразовательная организация,3663037603,"394008, ВОРОНЕЖСКАЯ ОБЛАСТЬ, Г ВОРОНЕЖ, УЛ ВОЛГО-ДОНСКАЯ, Д. 26","51.613176, 39.251774",действующая,21-03-2025,03-04-1997,366301001,1033600024215,30-01-2003,20401000000,20701000001,45962972,4210007,14,85.14,2014,75403,Муниципальное бюджетное учреждение,МБУ,2014,ДИРЕКТОР,Высоцкая Галина Петровна,0,головная организация
Воронеж,МБОУ СОШ № 80,МУНИЦИПАЛЬНОЕ БЮДЖЕТНОЕ ОБЩЕОБРАЗОВАТЕЛЬНОЕ УЧРЕЖДЕНИЕ СРЕДНЯЯ ОБЩЕОБРАЗОВАТЕЛЬНАЯ ШКОЛА № 80,общеобразовательная организация,3662048881,"394061, ВОРОНЕЖСКАЯ ОБЛАСТЬ, Г. ВОРОНЕЖ, УЛ. УРИЦКОГО, Д.86","51.6818304, 39.194414",действующая,10-02-2025,29-05-1998,366201001,1023601557759,14-11-2002,20401000000,20701000001,47798057,4210007,14,85.13,2014,75403,Муниципальное бюджетное учреждение,МБУ,2014,ДИРЕКТОР,Шульженко Сергей Вячеславович,0,головная организация
Воронеж,МБОУ СОШ № 81,МУНИЦИПАЛЬНОЕ БЮДЖЕТНОЕ ОБЩЕОБРАЗОВАТЕЛЬНОЕ УЧРЕЖДЕНИЕ СРЕДНЯЯ ОБЩЕОБРАЗОВАТЕЛЬНАЯ ШКОЛА № 81,общеобразовательная организация,3665035070,"394040, ВОРОНЕЖСКАЯ ОБЛАСТЬ, Г. ВОРОНЕЖ, УЛ. ЗАПОЛЯРНАЯ, Д.1","51.6817182, 39.0820682",действующая,25-11-2025,21-07-1997,366501001,1033600017318,27-01-2003,20401000000,20701000001,10608748,4210007,14,85.14,2014,75403,Муниципальное бюджетное учреждение,МБУ,2014,ДИРЕКТОР,Огнева Людмила Александровна,0,головная организация
Воронеж,МБОУ СОШ № 83,МУНИЦИПАЛЬНОЕ БЮДЖЕТНОЕ ОБЩЕОБРАЗОВАТЕЛЬНОЕ УЧРЕЖДЕНИЕ СРЕДНЯЯ ОБЩЕОБРАЗОВАТЕЛЬНАЯ ШКОЛА № 83,общеобразовательная организация,3665031460,"394086, ВОРОНЕЖСКАЯ ОБЛАСТЬ, Г. ВОРОНЕЖ, УЛ. ШЕНДРИКОВА, Д.6","51.6572508, 39.1067205",действующая,20-02-2025,16-03-2001,366501001,1033600062187,10-02-2003,20401000000,20701000001,56450382,4210007,14,85.13,2014,75403,Муниципальное бюджетное учреждение,МБУ,2014,ДИРЕКТОР,Меркулова Елена Юрьевна,0,головная организация
Воронеж,МБОУ СОШ № 84,МУНИЦИПАЛЬНОЕ БЮДЖЕТНОЕ ОБЩЕОБРАЗОВАТЕЛЬНОЕ УЧРЕЖДЕНИЕ СРЕДНЯЯ ОБЩЕОБРАЗОВАТЕЛЬНАЯ ШКОЛА № 84,общеобразовательная организация,3665033386,"394070, ВОРОНЕЖСКАЯ ОБЛАСТЬ, Г. ВОРОНЕЖ, УЛ. ТЕПЛИЧНАЯ, Д.20Б","51.6259447, 39.0721728",действующая,01-12-2025,14-09-2001,366501001,1033600019650,28-01-2003,20401000000,20701000001,57716764,4210007,14,85.14,2014,75403,Муниципальное бюджетное учреждение,МБУ,2014,ДИРЕКТОР,Горлов Сергей Сергеевич,0,головная организация
Воронеж,МБОУ СОШ № 85 ИМ. ГЕРОЯ РОССИИ ФИЛИПОВА Р.Н.,МУНИЦИПАЛЬНОЕ БЮДЖЕТНОЕ ОБЩЕОБРАЗОВАТЕЛЬНОЕ УЧРЕЖДЕНИЕ СРЕДНЯЯ ОБЩЕОБРАЗОВАТЕЛЬНАЯ ШКОЛА № 85 ИМЕНИ ГЕРОЯ РОССИИ ФИЛИПОВА РОМАНА НИКОЛАЕВИЧА,общеобразовательная организация,3662050263,"394077, ВОРОНЕЖСКАЯ ОБЛАСТЬ, Г ВОРОНЕЖ, УЛ МАРШАЛА ЖУКОВА, Д. 2","51.7047165, 39.1760503",действующая,31-07-2025,13-07-1998,366201001,1033600045885,07-02-2003,20401000000,20701000001,49745585,4210007,14,85.14,2014,75403,Муниципальное бюджетное учреждение,МБУ,2014,ДИРЕКТОР,Клепикова Галина Анатольевна,0,головная организация
Воронеж,МБОУ СОШ № 87,МУНИЦИПАЛЬНОЕ БЮДЖЕТНОЕ ОБЩЕОБРАЗОВАТЕЛЬНОЕ УЧРЕЖДЕНИЕ СРЕДНЯЯ ОБЩЕОБРАЗОВАТЕЛЬНАЯ ШКОЛА № 87,общеобразовательная организация,3662050707,"394077, ВОРОНЕЖСКАЯ ОБЛАСТЬ, Г. ВОРОНЕЖ, УЛ. ХОЛЬЗУНОВА, Д.78","51.702428, 39.159342",действующая,12-02-2025,12-02-1998,366201001,1023601585193,24-12-2002,20401000000,20701000001,49745533,4210007,14,85.13,2014,75403,Муниципальное бюджетное учреждение,МБУ,2014,ДИРЕКТОР,Василенко Владимир Алексеевич,0,головная организация
Воронеж,МБОУ СОШ № 88 С УИОП,МУНИЦИПАЛЬНОЕ БЮДЖЕТНОЕ ОБЩЕОБРАЗОВАТЕЛЬНОЕ УЧРЕЖДЕНИЕ СРЕДНЯЯ ОБЩЕОБРАЗОВАТЕЛЬНАЯ ШКОЛА № 88 С УГЛУБЛЕННЫМ ИЗУЧЕНИЕМ ОТДЕЛЬНЫХ ПРЕДМЕТОВ,общеобразовательная организация,3662050288,"394077, ВОРОНЕЖСКАЯ ОБЛАСТЬ, Г ВОРОНЕЖ, УЛ МАРШАЛА ЖУКОВА, Д. 6А, -","51.7102106, 39.175093",действующая,31-07-2025,05-06-1998,366201001,1033600019815,28-01-2003,20401000000,20701000001,10597536,4210007,14,85.14,2014,75403,Муниципальное бюджетное учреждение,МБУ,2014,ДИРЕКТОР,Петриенко Светлана Евгеньевна,0,головная организация
Воронеж,МБОУ СОШ № 90,МУНИЦИПАЛЬНОЕ БЮДЖЕТНОЕ ОБЩЕОБРАЗОВАТЕЛЬНОЕ УЧРЕЖДЕНИЕ СРЕДНЯЯ ОБЩЕОБРАЗОВАТЕЛЬНАЯ ШКОЛА № 90,общеобразовательная организация,3663095066,"394029, ВОРОНЕЖСКАЯ ОБЛАСТЬ, Г. ВОРОНЕЖ, УЛ. ГЕРОЕВ СТРАТОСФЕРЫ, Д.12","51.6343889, 39.2398102",действующая,28-02-2025,30-11-2012,366301001,1123668057710,30-11-2012,20401000000,20701000001,10618675,4210007,14,85.14,2014,75403,Муниципальное бюджетное учреждение,МБУ,2014,ДИРЕКТОР,Почепцова Наталья Валериевна,0,головная организация
Воронеж,МБОУ СОШ № 91,МУНИЦИПАЛЬНОЕ БЮДЖЕТНОЕ ОБЩЕОБРАЗОВАТЕЛЬНОЕ УЧРЕЖДЕНИЕ СРЕДНЯЯ ОБЩЕОБРАЗОВАТЕЛЬНАЯ ШКОЛА № 91,общеобразовательная организация,3663037265,"394076, ВОРОНЕЖСКАЯ ОБЛАСТЬ, Г. ВОРОНЕЖ, УЛ. ЧЕРЕПАНОВА, Д.18, -","51.6303688, 39.2634982",действующая,02-02-2025,28-03-1997,366301001,1033600031893,04-02-2003,20401000000,20701000001,45955379,4210007,14,85.14,2014,75403,Муниципальное бюджетное учреждение,МБУ,2014,ДИРЕКТОР,Требунских Наталья Юрьевна,0,головная организация
Воронеж,МБОУ СОШ № 93,МУНИЦИПАЛЬНОЕ БЮДЖЕТНОЕ ОБЩЕОБРАЗОВАТЕЛЬНОЕ УЧРЕЖДЕНИЕ СРЕДНЯЯ ОБЩЕОБРАЗОВАТЕЛЬНАЯ ШКОЛА № 93,общеобразовательная организация,3662054878,"394088, ВОРОНЕЖСКАЯ ОБЛАСТЬ, Г. ВОРОНЕЖ, УЛ. ХОЛЬЗУНОВА, Д.106","51.702858, 39.14116",действующая,05-02-2025,06-07-1998,366201001,1023601575007,11-12-2002,20401000000,20701000001,49760001,4210007,14,85.14,2014,75403,Муниципальное бюджетное учреждение,МБУ,2014,ДИРЕКТОР,Чевычалова Алла Анатольевна,0,головная организация
Воронеж,МБОУ СОШ № 94 ИМЕНИ ГЕНЕРАЛА ЛИЗЮКОВА А.И.,МУНИЦИПАЛЬНОЕ БЮДЖЕТНОЕ ОБЩЕОБРАЗОВАТЕЛЬНОЕ УЧРЕЖДЕНИЕ СРЕДНЯЯ ОБЩЕОБРАЗОВАТЕЛЬНАЯ ШКОЛА № 94 ИМЕНИ ГЕРОЯ СОВЕТСКОГО СОЮЗА ГЕНЕРАЛА ЛИЗЮКОВА АЛЕКСАНДРА ИЛЬИЧА,общеобразовательная организация,3662054395,"394088, ВОРОНЕЖСКАЯ ОБЛАСТЬ, Г. ВОРОНЕЖ, УЛ. ГЕНЕРАЛА ЛИЗЮКОВА, Д.52 ""А""","51.707278, 39.153683",действующая,05-02-2025,14-07-1999,366201001,1033600007539,17-01-2003,20401000000,20701000001,51707534,4210007,14,85.14,2014,75403,Муниципальное бюджетное учреждение,МБУ,2014,ДИРЕКТОР,Бочарова Светлана Николаевна,0,головная организация
Воронеж,МБОУ СОШ № 97,МУНИЦИПАЛЬНОЕ БЮДЖЕТНОЕ ОБЩЕОБРАЗОВАТЕЛЬНОЕ УЧРЕЖДЕНИЕ СРЕДНЯЯ ОБЩЕОБРАЗОВАТЕЛЬНАЯ ШКОЛА № 97,общеобразовательная организация,3663039583,"394090, ВОРОНЕЖСКАЯ ОБЛАСТЬ, Г. ВОРОНЕЖ, УЛ. НОВОСИБИРСКАЯ, Д.49","51.596568, 39.241229",действующая,08-02-2025,28-06-2002,366301001,1033600075178,17-02-2003,20401000000,20701000001,10588945,4210007,14,85.14,2014,75403,Муниципальное бюджетное учреждение,МБУ,2014,ДИРЕКТОР,Бирюкова Ольга Дмитриевна,0,головная организация
Воронеж,МБОУ СОШ № 98,МУНИЦИПАЛЬНОЕ БЮДЖЕТНОЕ ОБЩЕОБРАЗОВАТЕЛЬНОЕ УЧРЕЖДЕНИЕ СРЕДНЯЯ ОБЩЕОБРАЗОВАТЕЛЬНАЯ ШКОЛА № 98,общеобразовательная организация,3662159430,"394019, ВОРОНЕЖСКАЯ ОБЛАСТЬ, Г. ВОРОНЕЖ, УЛ. 9 ЯНВАРЯ, Д.290","51.6852238, 39.1266403",действующая,08-02-2025,29-11-2010,366201001,1103668038561,29-11-2010,20401000000,20701000001,69481119,4210007,14,85.14,2014,75403,Муниципальное бюджетное учреждение,МБУ,2014,ДИРЕКТОР,Павлова Галина Александровна,0,головная организация
Воронеж,МБОУ СОШ № 99,МУНИЦИПАЛЬНОЕ БЮДЖЕТНОЕ ОБЩЕОБРАЗОВАТЕЛЬНОЕ УЧРЕЖДЕНИЕ СРЕДНЯЯ ОБЩЕОБРАЗОВАТЕЛЬНАЯ ШКОЛА № 99,общеобразовательная организация,3662171300,"394053, ВОРОНЕЖСКАЯ ОБЛАСТЬ, Г. ВОРОНЕЖ, УЛ. 60-ЛЕТИЯ ВЛКСМ, Д.27","51.7135276, 39.1559452",действующая,25-01-2025,09-12-2011,366201001,1113668051067,09-12-2011,20401000000,20701000001,37971997,4210007,14,85.14,2014,75403,Муниципальное бюджетное учреждение,МБУ,2014,ДИРЕКТОР,Ковалев Владимир Владимирович,0,головная организация
Воронеж,МБОУ СОШ №100,МУНИЦИПАЛЬНОЕ БЮДЖЕТНОЕ ОБЩЕОБРАЗОВАТЕЛЬНОЕ УЧРЕЖДЕНИЕ СРЕДНЯЯ ОБЩЕОБРАЗОВАТЕЛЬНАЯ ШКОЛА №100,общеобразовательная организация,3661016446,"394094, ВОРОНЕЖСКАЯ ОБЛАСТЬ, Г. ВОРОНЕЖ, УЛ. ТИХАНКИНА, Д. 103А","51.6849596, 39.3231091",действующая,13-02-2025,16-12-1996,366101001,1033600002435,10-01-2003,20401000000,20701000001,45953157,4210007,14,85.14,2014,75403,Муниципальное бюджетное учреждение,МБУ,2014,директор,Григоришина Татьяна Юрьевна,0,головная организация
Воронеж,МБОУ СОШ №100,МУНИЦИПАЛЬНОЕ БЮДЖЕТНОЕ ОБЩЕОБРАЗОВАТЕЛЬНОЕ УЧРЕЖДЕНИЕ СРЕДНЯЯ ОБЩЕОБРАЗОВАТЕЛЬНАЯ ШКОЛА №100,дошкольное образование,3661016446,"394094, ВОРОНЕЖСКАЯ ОБЛАСТЬ, Г. ВОРОНЕЖ, УЛ. ТИХАНКИНА, Д. 103А","51.6849596, 39.3231091",действующая,13-02-2025,16-12-1996,366101001,1033600002435,10-01-2003,20401000000,20701000001,45953157,4210007,14,85.14,2014,75403,Муниципальное бюджетное учреждение,МБУ,2014,директор,Григоришина Татьяна Юрьевна,0,головная организация
Воронеж,МБОУ СОШ №16,МУНИЦИПАЛЬНОЕ БЮДЖЕТНОЕ ОБЩЕОБРАЗОВАТЕЛЬНОЕ УЧРЕЖДЕНИЕ СРЕДНЯЯ ОБЩЕОБРАЗОВАТЕЛЬНАЯ ШКОЛА №16,общеобразовательная организация,3666050948,"394036, ВОРОНЕЖСКАЯ ОБЛАСТЬ, Г. ВОРОНЕЖ, УЛ. МАЛО-ТЕРНОВАЯ, Д. 9","51.6840647, 39.2243053",действующая,11-02-2025,03-06-1998,366601001,1023601566119,28-11-2002,20401000000,20701000001,57708457,4210007,14,85.14,2014,75403,Муниципальное бюджетное учреждение,МБУ,2014,ДИРЕКТОР,Степин Владимир Валентинович,0,головная организация
Воронеж,МБОУ СОШ №60,МУНИЦИПАЛЬНОЕ БЮДЖЕТНОЕ ОБЩЕОБРАЗОВАТЕЛЬНОЕ УЧРЕЖДЕНИЕ СРЕДНЯЯ ОБЩЕОБРАЗОВАТЕЛЬНАЯ ШКОЛА №60,общеобразовательная организация,3663023030,"394007, ВОРОНЕЖСКАЯ ОБЛАСТЬ, Г. ВОРОНЕЖ, ПР-КТ ЛЕНИНСКИЙ, Д.109","51.669852, 39.250425",действующая,06-02-2025,28-03-1997,366301001,1023601550059,28-10-2002,20401000000,20701000001,45962081,4210007,14,85.14,2014,75403,Муниципальное бюджетное учреждение,МБУ,2014,ДИРЕКТОР,Авилова Ирина Владимировна,0,головная организация
Воронеж,МБОУ СОШ №9,МУНИЦИПАЛЬНОЕ БЮДЖЕТНОЕ ОБЩЕОБРАЗОВАТЕЛЬНОЕ УЧРЕЖДЕНИЕ СРЕДНЯЯ ОБЩЕОБРАЗОВАТЕЛЬНАЯ ШКОЛА №9,общеобразовательная организация,3666050923,"394030, ВОРОНЕЖСКАЯ ОБЛАСТЬ, Г. ВОРОНЕЖ, УЛ. КАРЛА МАРКСА, Д.69","51.6724468, 39.1944538",действующая,09-02-2025,20-05-1998,366601001,1033600027471,03-02-2003,20401000000,20701000001,57708842,4210007,14,85.13,2014,75403,Муниципальное бюджетное учреждение,МБУ,2014,ДИРЕКТОР,Белов Юрий Владимирович,0,головная организация
Воронеж,МБОУ СОШ №92,МУНИЦИПАЛЬНОЕ БЮДЖЕТНОЕ ОБЩЕОБРАЗОВАТЕЛЬНОЕ УЧРЕЖДЕНИЕ СРЕДНЯЯ ОБЩЕОБРАЗОВАТЕЛЬНАЯ ШКОЛА №92,общеобразовательная организация,3665035200,"394048, ВОРОНЕЖСКАЯ ОБЛАСТЬ, Г ВОРОНЕЖ, УЛ ТЕПЛОЭНЕРГЕТИКОВ, Д. 14","51.5494682, 39.09425",действующая,02-12-2025,28-02-2002,366501001,1023601580452,19-12-2002,20401000000,20701000001,10612974,4210007,14,85.14,2014,75403,Муниципальное бюджетное учреждение,МБУ,2014,ДИРЕКТОР,Пыхова Наталья Вячеславовна,0,головная организация
Воронеж,МБОУ СОШ №95 ИМ. ГЕРОЯ РОССИИ КРЫНИНА А.Э.,МУНИЦИПАЛЬНОЕ БЮДЖЕТНОЕ ОБЩЕОБРАЗОВАТЕЛЬНОЕ УЧРЕЖДЕНИЕ СРЕДНЯЯ ОБЩЕОБРАЗОВАТЕЛЬНАЯ ШКОЛА №95 ИМЕНИ ГЕРОЯ РОССИИ КРЫНИНА АЛЕКСАНДРА ЭДУАРДОВИЧА,общеобразовательная организация,3662050640,"394077, ВОРОНЕЖСКАЯ ОБЛАСТЬ, Г. ВОРОНЕЖ, УЛ. ВЛАДИМИРА НЕВСКОГО, Д.42","51.7161296, 39.1652379",действующая,28-04-2025,06-06-2002,366201001,1023601577174,15-12-2002,20401000000,20701000001,51700265,4210007,14,85.14,2014,75403,Муниципальное бюджетное учреждение,МБУ,2014,ДИРЕКТОР,Шохонова Елена Владимировна,0,головная организация
Воронеж,МБОУ СОШ С УИОП № 8,МУНИЦИПАЛЬНОЕ БЮДЖЕТНОЕ ОБЩЕОБРАЗОВАТЕЛЬНОЕ УЧРЕЖДЕНИЕ СРЕДНЯЯ ОБЩЕОБРАЗОВАТЕЛЬНАЯ ШКОЛА С УГЛУБЛЕННЫМ ИЗУЧЕНИЕМ ОТДЕЛЬНЫХ ПРЕДМЕТОВ № 8,общеобразовательная организация,3662064668,"394026, ВОРОНЕЖСКАЯ ОБЛАСТЬ, Г. ВОРОНЕЖ, ПР-КТ МОСКОВСКИЙ, Д.16","51.68516, 39.1856",действующая,05-02-2025,12-04-2001,366201001,1023601578770,17-12-2002,20401000000,20701000001,57707624,4210007,14,85.14,2014,75403,Муниципальное бюджетное учреждение,МБУ,2014,ДИРЕКТОР,Родионова Татьяна Юрьевна,0,головная организация
Воронеж,МБОУ ШКОЛА № 34,МУНИЦИПАЛЬНОЕ БЮДЖЕТНОЕ ОБЩЕОБРАЗОВАТЕЛЬНОЕ УЧРЕЖДЕНИЕ СРЕДНЯЯ ОБЩЕОБРАЗОВАТЕЛЬНАЯ ШКОЛА С УГЛУБЛЕННЫМ ИЗУЧЕНИЕМ ОТДЕЛЬНЫХ ПРЕДМЕТОВ № 34,общеобразовательная организация,3664008115,"394031, ВОРОНЕЖСКАЯ ОБЛАСТЬ, Г. ВОРОНЕЖ, УЛ. ЧАПАЕВА, Д. 115","51.6327174, 39.1902962",действующая,27-10-2025,31-05-1999,366401001,1023601571465,05-12-2002,20401000000,20701000001,34021284,4210007,14,85.14,2014,75403,Муниципальное бюджетное учреждение,МБУ,2014,ДИРЕКТОР,Бондарев Павел Иванович,0,головная организация
Воронеж,"МБОУЛ ""ВУВК ИМ. А.П. КИСЕЛЕВА""","МУНИЦИПАЛЬНОЕ БЮДЖЕТНОЕ ОБЩЕОБРАЗОВАТЕЛЬНОЕ УЧРЕЖДЕНИЕ ЛИЦЕЙ ""ВОРОНЕЖСКИЙ УЧЕБНО-ВОСПИТАТЕЛЬНЫЙ КОМПЛЕКС ИМ. А.П. КИСЕЛЕВА""",общеобразовательная организация,3665012058,"394051, ВОРОНЕЖСКАЯ ОБЛАСТЬ, Г. ВОРОНЕЖ, УЛ. ГЕРОЕВ СИБИРЯКОВ, Д. 5","51.654338, 39.1405363",действующая,11-03-2025,27-08-1992,366501001,1033600004558,14-01-2003,20401000000,20701000001,35849298,4210007,14,85.14,2014,75403,Муниципальное бюджетное учреждение,МБУ,2014,ДИРЕКТОР,Путинцева Галина Викторовна,0,головная организация
Воронеж,"МБУДО ""ГОРОДСКОЙ ЦЕНТР ПРОФЕССИОНАЛЬНОЙ ОРИЕНТАЦИИ ОБУЧАЮЩИХСЯ""","МУНИЦИПАЛЬНОЕ БЮДЖЕТНОЕ УЧРЕЖДЕНИЕ ДОПОЛНИТЕЛЬНОГО ОБРАЗОВАНИЯ ""ГОРОДСКОЙ ЦЕНТР ПРОФЕССИОНАЛЬНОЙ ОРИЕНТАЦИИ ОБУЧАЮЩИХСЯ""",организация доп. образования,3662052990,"394016, ВОРОНЕЖСКАЯ ОБЛАСТЬ, Г. ВОРОНЕЖ, ПР-КТ МОСКОВСКИЙ, Д.74","51.700178, 39.184108",действующая,04-02-2025,15-04-1999,366201001,1033600013006,23-01-2003,20401000000,20701000001,49759096,4210007,14,85.41,2014,75403,Муниципальное бюджетное учреждение,МБУ,2014,ДИРЕКТОР,Золотарёв Алексей Алексеевич,0,головная организация
Воронеж,"МБУДО ""ДЕТСКИЙ СПОРТИВНО-ОБРАЗОВАТЕЛЬНЫЙ ЦЕНТР""","МУНИЦИПАЛЬНОЕ БЮДЖЕТНОЕ УЧРЕЖДЕНИЕ ДОПОЛНИТЕЛЬНОГО ОБРАЗОВАНИЯ ""ДЕТСКИЙ СПОРТИВНО-ОБРАЗОВАТЕЛЬНЫЙ ЦЕНТР""",организация доп. образования,3661177683,"394063, ВОРОНЕЖСКАЯ ОБЛАСТЬ, Г.О. ГОРОД ВОРОНЕЖ, Г ВОРОНЕЖ, ПР-КТ ЛЕНИНСКИЙ, Д. 201","51.6976457, 39.2677912",действующая,07-02-2025,14-07-2021,366101001,1213600022657,14-07-2021,20401000000,20701000001,50094638,4210007,14,85.41,2014,75403,Муниципальное бюджетное учреждение,МБУ,2014,ДИРЕКТОР,Шкурина Людмила Александровна,0,головная организация
Воронеж,МБУДО ДВОРЕЦ ТВОРЧЕСТВА ДЕТЕЙ И МОЛОДЕЖИ,МУНИЦИПАЛЬНОЕ БЮДЖЕТНОЕ УЧРЕЖДЕНИЕ ДОПОЛНИТЕЛЬНОГО ОБРАЗОВАНИЯ ДВОРЕЦ ТВОРЧЕСТВА ДЕТЕЙ И МОЛОДЕЖИ,организация доп. образования,3650002233,"394036, ВОРОНЕЖСКАЯ ОБЛАСТЬ, Г. ВОРОНЕЖ, ПЛ. ДЕТЕЙ, Д.1","51.6643207, 39.2170443",действующая,06-02-2025,21-06-1995,366601001,1033600022345,29-01-2003,20401000000,20701000001,35840423,4210007,14,85.41,2014,75403,Муниципальное бюджетное учреждение,МБУ,2014,ДИРЕКТОР,Сухочев Алексей Васильевич,0,головная организация
Воронеж,МБУДО ДОМ ДЕТСКОГО ТВОРЧЕСТВА,МУНИЦИПАЛЬНОЕ БЮДЖЕТНОЕ УЧРЕЖДЕНИЕ ДОПОЛНИТЕЛЬНОГО ОБРАЗОВАНИЯ ДОМ ДЕТСКОГО ТВОРЧЕСТВА,организация доп. образования,3665015771,"394065, ВОРОНЕЖСКАЯ ОБЛАСТЬ, Г. ВОРОНЕЖ, УЛ. ОЛЕКО ДУНДИЧА, Д.25","51.6510707, 39.1216291",действующая,03-02-2025,23-04-1996,366501001,1023601577933,16-12-2002,20401000000,20701000001,42624525,4210007,14,85.41,2014,75403,Муниципальное бюджетное учреждение,МБУ,2014,ДИРЕКТОР,Ульянова Любовь Федоровна,0,головная организация
Воронеж,МБУДО ДОМ ДЕТСТВА И ЮНОШЕСТВА,МУНИЦИПАЛЬНОЕ БЮДЖЕТНОЕ УЧРЕЖДЕНИЕ ДОПОЛНИТЕЛЬНОГО ОБРАЗОВАНИЯ ДОМ ДЕТСТВА И ЮНОШЕСТВА,организация доп. образования,3666051042,"394036, ВОРОНЕЖСКАЯ ОБЛАСТЬ, Г ВОРОНЕЖ, УЛ СТУДЕНЧЕСКАЯ, Д. 34","51.6708567, 39.2006809",действующая,04-02-2025,15-09-1997,366601001,1023602619655,27-08-2002,20401000000,20701000001,45973088,4210007,14,85.41,2014,75403,Муниципальное бюджетное учреждение,МБУ,2014,ДИРЕКТОР,Цегельникова Наталья Михайловна,0,головная организация
Воронеж,МБУДО ДПИШ,МУНИЦИПАЛЬНОЕ БЮДЖЕТНОЕ УЧРЕЖДЕНИЕ ДОПОЛНИТЕЛЬНОГО ОБРАЗОВАНИЯ ДОМ ПИОНЕРОВ И ШКОЛЬНИКОВ,организация доп. образования,3662064690,"394049, ВОРОНЕЖСКАЯ ОБЛАСТЬ, Г. ВОРОНЕЖ, ПЕР. ПОЛИТЕХНИЧЕСКИЙ, Д.16","51.6854442, 39.1878746",действующая,28-01-2025,07-06-2001,366201001,1023601580705,19-12-2002,20401000000,20701000001,57708345,4210007,14,85.41,2014,75403,Муниципальное бюджетное учреждение,МБУ,2014,ДИРЕКТОР,Бирюков Сергей Геннадьевич,0,головная организация
Воронеж,"МБУДО ДЭБЦ ""РОСТОК""","МУНИЦИПАЛЬНОЕ БЮДЖЕТНОЕ УЧРЕЖДЕНИЕ ДОПОЛНИТЕЛЬНОГО ОБРАЗОВАНИЯ ""ДЕТСКИЙ ЭКОЛОГО-БИОЛОГИЧЕСКИЙ ЦЕНТР ""РОСТОК""",организация доп. образования,3662051348,"394026, ВОРОНЕЖСКАЯ ОБЛАСТЬ, Г. ВОРОНЕЖ, ПР-КТ МОСКОВСКИЙ, Д.18","51.685607, 39.186525",действующая,10-10-2025,19-11-1998,366201001,1023601566450,29-11-2002,20401000000,20701000001,49747650,4210007,14,85.41,2014,75403,Муниципальное бюджетное учреждение,МБУ,2014,ДИРЕКТОР,Гурова Валентина Ивановна,0,головная организация
Воронеж,МБУДО ДЮЦ,МУНИЦИПАЛЬНОЕ БЮДЖЕТНОЕ УЧРЕЖДЕНИЕ ДОПОЛНИТЕЛЬНОГО ОБРАЗОВАНИЯ ДЕТСКО-ЮНОШЕСКИЙ ЦЕНТР,организация доп. образования,3665019712,"394062, ВОРОНЕЖСКАЯ ОБЛАСТЬ, Г. ВОРОНЕЖ, УЛ. ЮЖНО-МОРАВСКАЯ, Д.8","51.6551042, 39.1299285",действующая,29-04-2025,28-06-2002,366501001,1033600072714,10-02-2003,20401000000,20701000001,45955392,4210007,14,85.41,2014,75403,Муниципальное бюджетное учреждение,МБУ,2014,ДИРЕКТОР,Долгих Кирилл Юрьевич,0,головная организация
Нововоронеж,МБУДО НОВОВОРОНЕЖСКИЙ ДДТ,"МУНИЦИПАЛЬНОЕ БЮДЖЕТНОЕ УЧРЕЖДЕНИЕ ДОПОЛНИТЕЛЬНОГО ОБРАЗОВАНИЯ ""ДОМ ДЕТСКОГО ТВОРЧЕСТВА ГОРОДСКОГО ОКРУГА ГОРОД НОВОВОРОНЕЖ""",организация доп. образования,3651005646,"396070, ВОРОНЕЖСКАЯ ОБЛАСТЬ, Г. НОВОВОРОНЕЖ, УЛ. КОМСОМОЛЬСКАЯ, Д. 1А","51.3085197, 39.2203996",действующая,06-02-2025,21-12-2000,365101001,1023601498040,25-12-2002,20427000000,20727000001,56450867,4210007,14,85.41,2014,75403,Муниципальное бюджетное учреждение,МБУ,2014,ДИРЕКТОР,Пегусова Галина Андреевна,0,головная организация
Воронеж,МБУДО СЮТ № 3,МУНИЦИПАЛЬНОЕ БЮДЖЕТНОЕ УЧРЕЖДЕНИЕ ДОПОЛНИТЕЛЬНОГО ОБРАЗОВАНИЯ СТАНЦИЯ ЮНЫХ ТЕХНИКОВ № 3,организация доп. образования,3661015523,"394063, ВОРОНЕЖСКАЯ ОБЛАСТЬ, Г. ВОРОНЕЖ, УЛ. ПЕРЕВЕРТКИНА, Д.42, К.Б","51.691397, 39.262454",действующая,08-02-2025,08-09-1997,366101001,1033600041364,07-02-2003,20401000000,20701000001,45972870,4210007,14,85.41,2014,75403,Муниципальное бюджетное учреждение,МБУ,2014,ДИРЕКТОР,Стреков Александр Васильевич,0,головная организация
Воронеж,"МБУДО ЦДО ""РЕАЛЬНАЯ ШКОЛА""","МУНИЦИПАЛЬНОЕ БЮДЖЕТНОЕ УЧРЕЖДЕНИЕ ДОПОЛНИТЕЛЬНОГО ОБРАЗОВАНИЯ ЦЕНТР ДОПОЛНИТЕЛЬНОГО ОБРАЗОВАНИЯ ""РЕАЛЬНАЯ ШКОЛА""",организация доп. образования,3663041092,"394028, ВОРОНЕЖСКАЯ ОБЛАСТЬ, Г. ВОРОНЕЖ, УЛ. ТУПОЛЕВА, Д.25","51.6375323, 39.2691834",действующая,04-07-2025,28-05-1997,366301001,1033600103085,02-06-2003,20401000000,20701000001,45965835,4210007,14,85.41,2014,75403,Муниципальное бюджетное учреждение,МБУ,2014,ДИРЕКТОР,Руденко Светлана Александровна,0,головная организация
Воронеж,"МБУДО ЦДО ""РОДНИК""","МУНИЦИПАЛЬНОЕ БЮДЖЕТНОЕ УЧРЕЖДЕНИЕ ДОПОЛНИТЕЛЬНОГО ОБРАЗОВАНИЯ ЦЕНТР ДОПОЛНИТЕЛЬНОГО ОБРАЗОВАНИЯ ""РОДНИК""",организация доп. образования,3665055051,"394040, ВОРОНЕЖСКАЯ ОБЛАСТЬ, Г. ВОРОНЕЖ, УЛ. СИЛИКАТНАЯ, Д.14","51.6839368, 39.0752818",действующая,09-02-2025,05-04-2006,366501001,1063667218570,05-04-2006,20401000000,20701000001,22795069,4210007,14,85.41,2014,75403,Муниципальное бюджетное учреждение,МБУ,2014,ДИРЕКТОР,Козлова Наталья Николаевна,0,головная организация
Воронеж,"МБУДО ЦДО ""СОЗВЕЗДИЕ""","МУНИЦИПАЛЬНОЕ БЮДЖЕТНОЕ УЧРЕЖДЕНИЕ ДОПОЛНИТЕЛЬНОГО ОБРАЗОВАНИЯ ЦЕНТР ДОПОЛНИТЕЛЬНОГО ОБРАЗОВАНИЯ ""СОЗВЕЗДИЕ""",организация доп. образования,3662038467,"394088, ВОРОНЕЖСКАЯ ОБЛАСТЬ, Г. ВОРОНЕЖ, УЛ. ХОЛЬЗУНОВА, Д.106","51.702858, 39.14116",действующая,26-05-2025,21-06-2002,366201001,1023601532020,12-09-2002,20401000000,20701000001,41215103,4210007,14,85.41,2014,75403,Муниципальное бюджетное учреждение,МБУ,2014,ДИРЕКТОР,Гусляев Юрий Иванович,0,головная организация
Воронеж,"МБУДО ЦНТТДИЮ ""ТЕХНОГРАД""","МУНИЦИПАЛЬНОЕ БЮДЖЕТНОЕ УЧРЕЖДЕНИЕ ДОПОЛНИТЕЛЬНОГО ОБРАЗОВАНИЯ ЦЕНТР НАУЧНО-ТЕХНИЧЕСКОГО ТВОРЧЕСТВА ДЕТЕЙ И ЮНОШЕСТВА ""ТЕХНОГРАД""",организация доп. образования,3665036838,"394055, ВОРОНЕЖСКАЯ ОБЛАСТЬ, Г. ВОРОНЕЖ, УЛ. ВОРОШИЛОВА, Д.38","51.6493832, 39.1587978",действующая,05-02-2025,24-06-2002,366501001,1033600024369,30-01-2003,20401000000,20701000001,31264810,4210007,14,85.41,2014,75403,Муниципальное бюджетное учреждение,МБУ,2014,ДИРЕКТОР,Меркулова Галина Александровна,0,головная организация
Воронеж,МБУДО ЦРТДИЮ,МУНИЦИПАЛЬНОЕ БЮДЖЕТНОЕ УЧРЕЖДЕНИЕ ДОПОЛНИТЕЛЬНОГО ОБРАЗОВАНИЯ ЦЕНТР РАЗВИТИЯ ТВОРЧЕСТВА ДЕТЕЙ И ЮНОШЕСТВА,организация доп. образования,3664043720,"394018, ВОРОНЕЖСКАЯ ОБЛАСТЬ, Г. ВОРОНЕЖ, УЛ. ПУШКИНСКАЯ, Д.20","51.6595457, 39.1920684",действующая,30-01-2025,08-12-1998,366401001,1023601579990,18-12-2002,20401000000,20701000001,57707179,4210007,14,85.41,2014,75403,Муниципальное бюджетное учреждение,МБУ,2014,ДИРЕКТОР,Фалькович Татьяна Анатольевна,0,головная организация
Воронеж,"МБУДО ЦРТДИЮ ""РАДУГА""","МУНИЦИПАЛЬНОЕ БЮДЖЕТНОЕ УЧРЕЖДЕНИЕ ДОПОЛНИТЕЛЬНОГО ОБРАЗОВАНИЯ ЦЕНТР РАЗВИТИЯ ТВОРЧЕСТВА ДЕТЕЙ И ЮНОШЕСТВА ""РАДУГА""",организация доп. образования,3663010680,"394029, ВОРОНЕЖСКАЯ ОБЛАСТЬ, Г. ВОРОНЕЖ, УЛ. ПОЛИНЫ ОСИПЕНКО, Д.6","51.6417668, 39.2439625",действующая,09-02-2025,23-10-1997,366301001,1033600068138,10-02-2003,20401000000,20701000001,34022616,4210007,14,85.41,2014,75403,Муниципальное бюджетное учреждение,МБУ,2014,ДИРЕКТОР,Грачева Елена Константиновна,0,головная организация
Воронеж,"МБУДО ЦРТДИЮ ""СПУТНИК""","МУНИЦИПАЛЬНОЕ БЮДЖЕТНОЕ УЧРЕЖДЕНИЕ ДОПОЛНИТЕЛЬНОГО ОБРАЗОВАНИЯ ЦЕНТР РАЗВИТИЯ ТВОРЧЕСТВА ДЕТЕЙ И ЮНОШЕСТВА ""СПУТНИК""",организация доп. образования,3661016414,"394044, ВОРОНЕЖСКАЯ ОБЛАСТЬ, Г. ВОРОНЕЖ, УЛ. ПАРОВОЗНАЯ, Д.62","51.7335127, 39.2772372",действующая,08-02-2025,28-05-1996,366101001,1023601581673,20-12-2002,20401000000,20701000001,44750439,4210007,14,85.41,2014,75403,Муниципальное бюджетное учреждение,МБУ,2014,ДИРЕКТОР,Петряева Наталья Викторовна,0,головная организация
Воронеж,МИНОБР ВО,МИНИСТЕРСТВО ОБРАЗОВАНИЯ ВОРОНЕЖСКОЙ ОБЛАСТИ,организация доп. образования,3666159487,"394018, ВОРОНЕЖСКАЯ ОБЛАСТЬ, Г ВОРОНЕЖ, ПЛ ЛЕНИНА, Д. 12","51.6630952, 39.2042956",действующая,06-02-2025,01-07-2009,366601001,1093668028464,01-07-2009,20401000000,20701000001,61976436,2300223,13,84.11.21,2014,75204,Государственное казенное учреждение субъекта Российской Федерации,ГКУ,2014,МИНИСТР ОБРАЗОВАНИЯ ВОРОНЕЖСКОЙ ОБЛАСТИ,Салогубова Наталья Валерьевна,0,головная организация
Нововоронеж,МКДОУ НОВОВОРОНЕЖСКИЙ ДЕТСКИЙ САД № 10,"МУНИЦИПАЛЬНОЕ КАЗЕННОЕ ДОШКОЛЬНОЕ ОБРАЗОВАТЕЛЬНОЕ УЧРЕЖДЕНИЕ ""ДЕТСКИЙ САД № 10 ОБЩЕРАЗВИВАЮЩЕГО ВИДА ГОРОДСКОГО ОКРУГА ГОРОД НОВОВОРОНЕЖ""",дошкольное образование,3651006463,"396073, ВОРОНЕЖСКАЯ ОБЛАСТЬ, Г. НОВОВОРОНЕЖ, УЛ. ПОБЕДЫ, Д.10 А","51.318941, 39.218442",действующая,05-02-2025,14-06-2005,365101001,1053675014910,14-06-2005,20427000000,20727000001,77872746,4210007,14,85.11,2014,75404,Муниципальное казенное учреждение,МКУ,2014,ЗАВЕДУЮЩИЙ,Синюгина Юлия Анатольевна,0,головная организация
Нововоронеж,МКДОУ НОВОВОРОНЕЖСКИЙ ДЕТСКИЙ САД № 12,"МУНИЦИПАЛЬНОЕ КАЗЕННОЕ ДОШКОЛЬНОЕ ОБРАЗОВАТЕЛЬНОЕ УЧРЕЖДЕНИЕ ""ДЕТСКИЙ САД № 12 КОМБИНИРОВАННОГО ВИДА ГОРОДСКОГО ОКРУГА ГОРОД НОВОВОРОНЕЖ""",дошкольное образование,3651005460,"396073, ВОРОНЕЖСКАЯ ОБЛАСТЬ, Г. НОВОВОРОНЕЖ, УЛ. ПОБЕДЫ, Д.10Б","51.320189, 39.216564",действующая,04-02-2025,21-12-2000,365101001,1023601497963,24-12-2002,20427000000,20727000001,56450784,4210007,14,85.11,2014,75404,Муниципальное казенное учреждение,МКУ,2014,ЗАВЕДУЮЩИЙ,Николенко Елена Алексеевна,0,головная организация
Нововоронеж,МКДОУ НОВОВОРОНЕЖСКИЙ ДЕТСКИЙ САД № 14,"МУНИЦИПАЛЬНОЕ КАЗЕННОЕ ДОШКОЛЬНОЕ ОБРАЗОВАТЕЛЬНОЕ УЧРЕЖДЕНИЕ ""ДЕТСКИЙ САД № 14 ОБЩЕРАЗВИВАЮЩЕГО ВИДА ГОРОДСКОГО ОКРУГА ГОРОД НОВОВОРОНЕЖ""",дошкольное образование,3651006470,"396072, ВОРОНЕЖСКАЯ ОБЛАСТЬ, Г. НОВОВОРОНЕЖ, УЛ. НАБЕРЕЖНАЯ, Д.27 ""Б""","51.3162817, 39.2031078",действующая,10-02-2025,14-06-2005,365101001,1053675015008,14-06-2005,20427000000,20727000001,77872756,4210007,14,85.11,2014,75404,Муниципальное казенное учреждение,МКУ,2014,ЗАВЕДУЮЩИЙ,Подшивалкина Ирина Владимировна,0,головная организация
Нововоронеж,МКДОУ НОВОВОРОНЕЖСКИЙ ДЕТСКИЙ САД № 4,"МУНИЦИПАЛЬНОЕ КАЗЕННОЕ ДОШКОЛЬНОЕ ОБРАЗОВАТЕЛЬНОЕ УЧРЕЖДЕНИЕ ""ДЕТСКИЙ САД № 4 ОБЩЕРАЗВИВАЮЩЕГО ВИДА ГОРОДСКОГО ОКРУГА ГОРОД НОВОВОРОНЕЖ""",дошкольное образование,3651005597,"396073, ВОРОНЕЖСКАЯ ОБЛАСТЬ, Г. НОВОВОРОНЕЖ, УЛ. КОММУНАЛЬНАЯ, Д. 8","51.330063, 39.210393",действующая,10-02-2025,21-12-2000,365101001,1023601497930,24-12-2002,20427000000,20727000001,56450821,4210007,14,85.11,2014,75404,Муниципальное казенное учреждение,МКУ,2014,ЗАВЕДУЮЩИЙ,Железняк Марина Викторовна,0,головная организация
Нововоронеж,МКДОУ НОВОВОРОНЕЖСКИЙ ДЕТСКИЙ САД № 7,"МУНИЦИПАЛЬНОЕ КАЗЕННОЕ ДОШКОЛЬНОЕ ОБРАЗОВАТЕЛЬНОЕ УЧРЕЖДЕНИЕ ""ДЕТСКИЙ САД № 7 КОМПЕНСИРУЮЩЕГО ВИДА ГОРОДСКОГО ОКРУГА ГОРОД НОВОВОРОНЕЖ""",дошкольное образование,3651005484,"396073, ВОРОНЕЖСКАЯ ОБЛАСТЬ, Г.О. ГОРОД НОВОВОРОНЕЖ, Г НОВОВОРОНЕЖ, УЛ ПОБЕДЫ, Д. 16А","51.320672, 39.215369",действующая,10-10-2025,21-12-2000,365101001,1023601497699,21-12-2002,20427000000,20727000001,56450790,4210007,14,85.11,2014,75404,Муниципальное казенное учреждение,МКУ,2014,ИСПОЛНЯЮЩИЙ ОБЯЗАННОСТИ ЗАВЕДУЮЩЕГО,Соболева Светлана Геннадьевна,0,головная организация
Нововоронеж,МКДОУ НОВОВОРОНЕЖСКИЙ ДЕТСКИЙ САД № 8,"МУНИЦИПАЛЬНОЕ КАЗЕННОЕ ДОШКОЛЬНОЕ ОБРАЗОВАТЕЛЬНОЕ УЧРЕЖДЕНИЕ ""ДЕТСКИЙ САД № 8 ОБЩЕРАЗВИВАЮЩЕГО ВИДА ГОРОДСКОГО ОКРУГА ГОРОД НОВОВОРОНЕЖ""",дошкольное образование,3651006456,"396070, ВОРОНЕЖСКАЯ ОБЛАСТЬ, Г. НОВОВОРОНЕЖ, УЛ. КОСМОНАВТОВ, Д.5А","51.305992, 39.21258",действующая,03-02-2025,14-06-2005,365101001,1053675014909,14-06-2005,20427000000,20727000001,77872733,4210007,14,85.11,2014,75404,Муниципальное казенное учреждение,МКУ,2014,ЗАВЕДУЮЩИЙ,Попова Валентина Ивановна,0,головная организация
Нововоронеж,МКДОУ НОВОВОРОНЕЖСКИЙ ДЕТСКИЙ САД №13,"МУНИЦИПАЛЬНОЕ КАЗЕННОЕ ДОШКОЛЬНОЕ ОБРАЗОВАТЕЛЬНОЕ УЧРЕЖДЕНИЕ ""ДЕТСКИЙ САД № 13 ОБЩЕРАЗВИВАЮЩЕГО ВИДА ГОРОДСКОГО ОКРУГА ГОРОД НОВОВОРОНЕЖ""",дошкольное образование,3651005519,"396070, ВОРОНЕЖСКАЯ ОБЛАСТЬ, Г. НОВОВОРОНЕЖ, УЛ. СТРОИТЕЛЕЙ, Д.15 ""Б""","51.3112636, 39.2178187",действующая,06-02-2025,21-12-2000,365101001,1023601497985,24-12-2002,20427000000,20727000001,56450844,4210007,14,85.11,2014,75404,Муниципальное казенное учреждение,МКУ,2014,ЗАВЕДУЮЩИЙ,Терехова Альбина Анатольевна,0,головная организация
Нововоронеж,МКОУ НОВОВОРОНЕЖСКАЯ СОШ № 2,"МУНИЦИПАЛЬНОЕ КАЗЕННОЕ ОБЩЕОБРАЗОВАТЕЛЬНОЕ УЧРЕЖДЕНИЕ ""СРЕДНЯЯ ОБЩЕОБРАЗОВАТЕЛЬНАЯ ШКОЛА № 2 ГОРОДСКОГО ОКРУГА ГОРОД НОВОВОРОНЕЖ""",общеобразовательная организация,3651005477,"396070, ВОРОНЕЖСКАЯ ОБЛАСТЬ, Г. НОВОВОРОНЕЖ, УЛ. НАБЕРЕЖНАЯ, Д.14","51.3104976, 39.2072174",действующая,01-02-2025,21-12-2000,365101001,1023601496819,16-12-2002,20427000000,20727000001,54690225,4210007,14,85.14,2014,75404,Муниципальное казенное учреждение,МКУ,2014,ДИРЕКТОР,Зайцева Валентина Сергеевна,0,головная организация
Нововоронеж,МКОУ НОВОВОРОНЕЖСКАЯ СОШ № 3,"МУНИЦИПАЛЬНОЕ КАЗЕННОЕ ОБЩЕОБРАЗОВАТЕЛЬНОЕ УЧРЕЖДЕНИЕ ""СРЕДНЯЯ ОБЩЕОБРАЗОВАТЕЛЬНАЯ ШКОЛА № 3 ГОРОДСКОГО ОКРУГА ГОРОД НОВОВОРОНЕЖ""",общеобразовательная организация,3651005621,"396070, ВОРОНЕЖСКАЯ ОБЛАСТЬ, Г. НОВОВОРОНЕЖ, УЛ. ОКТЯБРЬСКАЯ, Д. 9","51.3070907, 39.2169096",действующая,02-02-2025,21-12-2000,365101001,1023601496885,16-12-2002,20427000000,20727000001,54690248,4210007,14,85.14,2014,75404,Муниципальное казенное учреждение,МКУ,2014,ДИРЕКТОР,Кольцова Галина Алексеевна,0,головная организация
Нововоронеж,МКОУ НОВОВОРОНЕЖСКАЯ СОШ №4,"МУНИЦИПАЛЬНОЕ КАЗЕННОЕ ОБЩЕОБРАЗОВАТЕЛЬНОЕ УЧРЕЖДЕНИЕ ""СРЕДНЯЯ ОБЩЕОБРАЗОВАТЕЛЬНАЯ ШКОЛА №4 ГОРОДСКОГО ОКРУГА ГОРОД НОВОВОРОНЕЖ""",общеобразовательная организация,3651005580,"396073, ВОРОНЕЖСКАЯ ОБЛАСТЬ, Г. НОВОВОРОНЕЖ, УЛ. ПЕРВОМАЙСКАЯ, Д. 9Б","51.3205348, 39.2189391",действующая,11-02-2025,21-12-2000,365101001,1023601497424,19-12-2002,20427000000,20727000001,56450755,4210007,14,85.14,2014,75404,Муниципальное казенное учреждение,МКУ,2014,ДИРЕКТОР,Зуева Татьяна Дмитриевна,0,головная организация
Воронеж,МКУ ЦРОИМП,"МУНИЦИПАЛЬНОЕ КАЗЕННОЕ УЧРЕЖДЕНИЕ ГОРОДСКОГО ОКРУГА ГОРОД ВОРОНЕЖ ""ЦЕНТР РАЗВИТИЯ ОБРАЗОВАНИЯ И МОЛОДЕЖНЫХ ПРОЕКТОВ""",департамент,3666102547,"394036, ВОРОНЕЖСКАЯ ОБЛАСТЬ, Г ВОРОНЕЖ, УЛ КОМИССАРЖЕВСКОЙ, Д. 14А","51.6718715, 39.2009157",действующая,25-05-2025,27-12-2002,366601001,1023601585853,27-12-2002,20401000000,20701000001,13492691,4210007,14,85.42,2014,75404,Муниципальное казенное учреждение,МКУ,2014,ДИРЕКТОР,Ламанова Галина Анатольевна,0,головная организация
Нововоронеж,МКУДО НОВОВОРОНЕЖСКАЯ СШ,"МУНИЦИПАЛЬНОЕ КАЗЕННОЕ УЧРЕЖДЕНИЕ ДОПОЛНИТЕЛЬНОГО ОБРАЗОВАНИЯ ""СПОРТИВНАЯ ШКОЛА ГОРОДСКОГО ОКРУГА ГОРОД НОВОВОРОНЕЖ""",организация доп. образования,3651005533,"396070, ВОРОНЕЖСКАЯ ОБЛАСТЬ, Г НОВОВОРОНЕЖ, УЛ СТРОИТЕЛЕЙ, Д. 1, СТР. 1","51.3048311, 39.2245159",действующая,15-08-2025,21-12-2000,365101001,1023601497259,18-12-2002,20427000000,20727000001,56450885,4210007,14,85.41,2014,75404,Муниципальное казенное учреждение,МКУ,2014,ДИРЕКТОР,Лебедев Андрей Евгеньевич,0,головная организация
Воронеж,"МОАУ ВО ""ВОРОНЕЖСКИЙ ИНСТИТУТ ЭКОНОМИКИ И СОЦИАЛЬНОГО УПРАВЛЕНИЯ""","МУНИЦИПАЛЬНОЕ ОБРАЗОВАТЕЛЬНОЕ АВТОНОМНОЕ УЧРЕЖДЕНИЕ ВЫСШЕГО ОБРАЗОВАНИЯ ""ВОРОНЕЖСКИЙ ИНСТИТУТ ЭКОНОМИКИ И СОЦИАЛЬНОГО УПРАВЛЕНИЯ""",профессиональная образовательная организация (подвед ВУЗа),3666077146,"394036, ВОРОНЕЖСКАЯ ОБЛАСТЬ, Г. ВОРОНЕЖ, УЛ. ПОМЯЛОВСКОГО, Д.27","51.6686852, 39.2147001",действующая,08-02-2025,10-06-1998,366601001,1033600030771,04-02-2003,20401000000,20701000001,41199717,4210007,14,85.22,2014,75401,Муниципальное автономное учреждение,МАУ,2014,РЕКТОР,Селютин Валентин Иванович,0,головная организация
Нововоронеж,НОВОВОРОНЕЖСКИЙ ОТДЕЛ ОБРАЗОВАНИЯ,ОТДЕЛ ОБРАЗОВАНИЯ И МОЛОДЕЖНОЙ ПОЛИТИКИ АДМИНИСТРАЦИИ ГОРОДСКОГО ОКРУГА ГОРОД НОВОВОРОНЕЖ,отдел,3651002518,"396070, ВОРОНЕЖСКАЯ ОБЛАСТЬ, Г. НОВОВОРОНЕЖ, УЛ. КОСМОНАВТОВ, Д. 9Б","51.3094433, 39.2109645",действующая,12-02-2025,12-01-1994,365101001,1023601498304,26-12-2002,20427000000,20727000001,01508261,3300200,14,84.11.3,2014,75404,Муниципальное казенное учреждение,МКУ,2014,ИСПОЛНЯЮЩИЙ ОБЯЗАННОСТИ РУКОВОДИТЕЛЯ,Кузнецов Сергей Александрович,0,головная организация
Воронеж,"ООО ""ЗДОРОВЫЙ РЕБЁНОК""","ОБЩЕСТВО С ОГРАНИЧЕННОЙ ОТВЕТСТВЕННОСТЬЮ ""ЗДОРОВЫЙ РЕБЁНОК""",дошкольное образование,3662996653,"394077, ВОРОНЕЖСКАЯ ОБЛАСТЬ, Г ВОРОНЕЖ, УЛ 60 АРМИИ, Д. 22Б, ПОМЕЩ. IV","51.7141376, 39.1602321",действующая,11-02-2026,12-05-2015,366201001,1153668025070,12-05-2015,20401000000,20701000001,41197730,4210014,16,86.10,2014,12300,Общество с ограниченной ответственностью,ООО,2014,ДИРЕКТОР,Назарова Олеся Алексеевна,0,головная организация
Воронеж,"ООО ""НИКО""","ОБЩЕСТВО С ОГРАНИЧЕННОЙ ОТВЕТСТВЕННОСТЬЮ ""НИКО""",дошкольное образование,3666245591,"394087, ВОРОНЕЖСКАЯ ОБЛАСТЬ, Г. ВОРОНЕЖ, МКР. ЖИЛОЙ МАССИВ ЛЕСНАЯ ПОЛЯНА-3, Д. 14, КВ. 3","51.734003, 39.195468",действующая,13-03-2025,17-03-2020,366601001,1203600009381,17-03-2020,20401000000,20701000001,43813334,4210014,16,85.11,2014,12300,Общество с ограниченной ответственностью,ООО,2014,ДИРЕКТОР,Бугакова Любовь Ивановна,0,головная организация
Воронеж,"ООО ""ПЛАНЕТА ДЕТСТВА""","ОБЩЕСТВО С ОГРАНИЧЕННОЙ ОТВЕТСТВЕННОСТЬЮ ""ПЛАНЕТА ДЕТСТВА""",дошкольное образование,3662309491,"394018, ВОРОНЕЖСКАЯ ОБЛАСТЬ, Г.О. ГОРОД ВОРОНЕЖ, Г ВОРОНЕЖ, УЛ ПУШКИНСКАЯ, Д. 26","51.6587731, 39.1908116",действующая,12-02-2026,10-04-2024,366501001,1243600005879,10-04-2024,20401000000,20701000001,85972555,4210014,16,88.91,2014,12300,Общество с ограниченной ответственностью,ООО,2014,ДИРЕКТОР,Шепелева Нелли Владимировна,0,головная организация
Воронеж,"ООО ""РАЗВИТИЕ""","ОБЩЕСТВО С ОГРАНИЧЕННОЙ ОТВЕТСТВЕННОСТЬЮ ""РАЗВИТИЕ""",дошкольное образование,3662251330,"394061, ВОРОНЕЖСКАЯ ОБЛАСТЬ, Г ВОРОНЕЖ, ПР-КТ ТРУДА, Д. 8В, КВ. 31","51.6844685, 39.1969121",действующая,29-04-2025,14-07-2017,366201001,1173668038279,14-07-2017,20401000000,20701000001,16503878,4210014,16,88.91,2014,12300,Общество с ограниченной ответственностью,ООО,2014,ГЕНЕРАЛЬНЫЙ ДИРЕКТОР,Соколова Наталья Сергеевна,0,головная организация
Воронеж,"ООО ""СЧАСТЛИВОЕ ДЕТСТВО""","ОБЩЕСТВО С ОГРАНИЧЕННОЙ ОТВЕТСТВЕННОСТЬЮ ""СЧАСТЛИВОЕ ДЕТСТВО""",дошкольное образование,3666201650,"394065, ВОРОНЕЖСКАЯ ОБЛАСТЬ, Г.О. ГОРОД ВОРОНЕЖ, Г ВОРОНЕЖ, ПР-КТ ПАТРИОТОВ, Д. 1Е, ПОМЕЩ. II","51.642748, 39.144825",действующая,10-12-2025,14-08-2015,366501001,1153668043176,14-08-2015,20401000000,20701000001,41204111,4210014,16,88.91,2014,12300,Общество с ограниченной ответственностью,ООО,2014,ГЕНЕРАЛЬНЫЙ ДИРЕКТОР,Соколовская Валерия Геннадьевна,0,головная организация
Воронеж,РЖД ДЕТСКИЙ САД № 24,"ЧАСТНОЕ ДОШКОЛЬНОЕ ОБРАЗОВАТЕЛЬНОЕ УЧРЕЖДЕНИЕ ""РЖД ДЕТСКИЙ САД № 24""",дошкольное образование,3661029220,"394010, ВОРОНЕЖСКАЯ ОБЛАСТЬ, Г. ВОРОНЕЖ, ПЕР. БОГДАНА ХМЕЛЬНИЦКОГО, Д.8","51.7220711, 39.2636402",действующая,03-02-2025,06-07-2004,366101001,1043600053419,06-07-2004,20401000000,20701000001,72601432,4100612,16,85.11,2014,75500,Частное учреждение,ЧУ,2014,ЗАВЕДУЮЩИЙ,Талдыкина Юлия Викторовна,0,головная организация
Воронеж,УПРАВЛЕНИЕ ОБРАЗОВАНИЯ И МОЛОДЕЖНОЙ ПОЛИТИКИ АДМИНИСТРАЦИИ ГОРОДСКОГО ОКРУГА ГОРОД ВОРОНЕЖ,УПРАВЛЕНИЕ ОБРАЗОВАНИЯ И МОЛОДЕЖНОЙ ПОЛИТИКИ АДМИНИСТРАЦИИ ГОРОДСКОГО ОКРУГА ГОРОД ВОРОНЕЖ,департамент,3666047790,"394036, ВОРОНЕЖСКАЯ ОБЛАСТЬ, Г ВОРОНЕЖ, УЛ КОМИССАРЖЕВСКОЙ, Д. 14А","51.6718715, 39.2009157",действующая,25-05-2025,01-03-2001,366601001,1033600034885,05-02-2003,20401000000,20701000001,02104985,3300200,14,84.11.3,2014,75404,Муниципальное казенное учреждение,МКУ,2014,РУКОВОДИТЕЛЬ УПРАВЛЕНИЯ,Бакуменко Ольга Николаевна,0,головная организация
Воронеж,"ФГБОУ ВО ""ВГАС""","ФЕДЕРАЛЬНОЕ ГОСУДАРСТВЕННОЕ БЮДЖЕТНОЕ ОБРАЗОВАТЕЛЬНОЕ УЧРЕЖДЕНИЕ ВЫСШЕГО ОБРАЗОВАНИЯ ""ВОРОНЕЖСКАЯ ГОСУДАРСТВЕННАЯ АКАДЕМИЯ СПОРТА""",профессиональная образовательная организация (подвед ВУЗа),3666138230,"394036, ВОРОНЕЖСКАЯ ОБЛАСТЬ, Г. ВОРОНЕЖ, УЛ. КАРЛА МАРКСА, Д.59","51.6666218, 39.2016369",действующая,09-02-2025,23-10-2006,366601001,1065027031365,23-10-2006,20401000000,20701000001,05275055,1325500,12,85.22,2014,75103,Федеральное государственное бюджетное учреждение,ФГБУ,2014,РЕКТОР,Сысоев Александр Владимирович,0,головная организация
Воронеж,"ФГБОУ ВО ""ВГУ""","ФЕДЕРАЛЬНОЕ ГОСУДАРСТВЕННОЕ БЮДЖЕТНОЕ ОБРАЗОВАТЕЛЬНОЕ УЧРЕЖДЕНИЕ ВЫСШЕГО ОБРАЗОВАНИЯ ""ВОРОНЕЖСКИЙ ГОСУДАРСТВЕННЫЙ УНИВЕРСИТЕТ""",профессиональная образовательная организация (подвед ВУЗа),3666029505,"394018, ВОРОНЕЖСКАЯ ОБЛАСТЬ, Г. ВОРОНЕЖ, ПЛ. УНИВЕРСИТЕТСКАЯ, Д. 1","51.6564059, 39.2061525",действующая,19-12-2025,08-05-1998,366601001,1023601560510,19-11-2002,20401000000,20701000001,02068120,1322600,12,85.22,2014,75103,Федеральное государственное бюджетное учреждение,ФГБУ,2014,ИСПОЛНЯЮЩИЙ ОБЯЗАННОСТИ РЕКТОРА,Старилов Юрий Николаевич,1,головная организация
Воронеж,"ФГБОУ ВО ""ВОРОНЕЖСКИЙ ГОСУДАРСТВЕННЫЙ ПЕДАГОГИЧЕСКИЙ УНИВЕРСИТЕТ"", ФГБОУ ВО ""ВГПУ"", ВОРОНЕЖСКИЙ ГОСУДАРСТВЕННЫЙ ПЕДАГОГИЧЕСКИЙ УНИВЕРСИТЕТ, ВГПУ","ФЕДЕРАЛЬНОЕ ГОСУДАРСТВЕННОЕ БЮДЖЕТНОЕ ОБРАЗОВАТЕЛЬНОЕ УЧРЕЖДЕНИЕ ВЫСШЕГО ОБРАЗОВАНИЯ ""ВОРОНЕЖСКИЙ ГОСУДАРСТВЕННЫЙ ПЕДАГОГИЧЕСКИЙ УНИВЕРСИТЕТ""",профессиональная образовательная организация (подвед ВУЗа),3666008174,"394043, ВОРОНЕЖСКАЯ ОБЛАСТЬ, Г. ВОРОНЕЖ, УЛ. ЛЕНИНА, Д.86","51.686587, 39.216397",действующая,10-02-2025,21-06-2002,366601001,1033600041683,07-02-2003,20401000000,20701000001,02079313,1323600,12,85.22,2014,75103,Федеральное государственное бюджетное учреждение,ФГБУ,2014,РЕКТОР,Филоненко Сергей Иванович,0,головная организация
Воронеж,"ФГБОУ ВО ""ВОРОНЕЖСКИЙ ГОСУДАРСТВЕННЫЙ ТЕХНИЧЕСКИЙ УНИВЕРСИТЕТ"", ВОРОНЕЖСКИЙ ГОСУДАРСТВЕННЫЙ ТЕХНИЧЕСКИЙ УНИВЕРСИТЕТ, ФГБОУ ВО ""ВГТУ"", ВГТУ","ФЕДЕРАЛЬНОЕ ГОСУДАРСТВЕННОЕ БЮДЖЕТНОЕ ОБРАЗОВАТЕЛЬНОЕ УЧРЕЖДЕНИЕ ВЫСШЕГО ОБРАЗОВАНИЯ ""ВОРОНЕЖСКИЙ ГОСУДАРСТВЕННЫЙ ТЕХНИЧЕСКИЙ УНИВЕРСИТЕТ""",профессиональная образовательная организация (подвед ВУЗа),3662020886,"394006, ВОРОНЕЖСКАЯ ОБЛАСТЬ, Г. ВОРОНЕЖ, УЛ. 20-ЛЕТИЯ ОКТЯБРЯ, Д. 84","51.6524877, 39.1922363",действующая,03-02-2026,27-01-2000,366401001,1033600070448,10-02-2003,20401000000,20701000001,02068083,1322600,12,85.22,2014,75103,Федеральное государственное бюджетное учреждение,ФГБУ,2014,РЕКТОР,Проскурин Дмитрий Константинович,1,головная организация
Воронеж,"ФГБОУ ВО ""ВОРОНЕЖСКИЙ ГОСУДАРСТВЕННЫЙ УНИВЕРСИТЕТ ИНЖЕНЕРНЫХ ТЕХНОЛОГИЙ"", ФГБОУ ВО ""ВГУИТ""","ФЕДЕРАЛЬНОЕ ГОСУДАРСТВЕННОЕ БЮДЖЕТНОЕ ОБРАЗОВАТЕЛЬНОЕ УЧРЕЖДЕНИЕ ВЫСШЕГО ОБРАЗОВАНИЯ ""ВОРОНЕЖСКИЙ ГОСУДАРСТВЕННЫЙ УНИВЕРСИТЕТ ИНЖЕНЕРНЫХ ТЕХНОЛОГИЙ""",профессиональная образовательная организация (подвед ВУЗа),3666026776,"394036, ВОРОНЕЖСКАЯ ОБЛАСТЬ, Г. ВОРОНЕЖ, ПР-КТ РЕВОЛЮЦИИ, Д. 19","51.6752256, 39.2137489",действующая,07-02-2026,31-07-1997,366601001,1023601552358,04-11-2002,20401000000,20701000001,02068108,1322600,12,85.22,2014,75103,Федеральное государственное бюджетное учреждение,ФГБУ,2014,РЕКТОР,Репников Николай Иванович,1,головная организация
Ростов-на-Дону,"ФГБОУ ВО ""РОСТОВСКИЙ ГОСУДАРСТВЕННЫЙ УНИВЕРСИТЕТ ПУТЕЙ СООБЩЕНИЯ"", ФГБОУ ВО РГУПС, РГУПС","ФЕДЕРАЛЬНОЕ ГОСУДАРСТВЕННОЕ БЮДЖЕТНОЕ ОБРАЗОВАТЕЛЬНОЕ УЧРЕЖДЕНИЕ ВЫСШЕГО ОБРАЗОВАНИЯ ""РОСТОВСКИЙ ГОСУДАРСТВЕННЫЙ УНИВЕРСИТЕТ ПУТЕЙ СООБЩЕНИЯ""",профессиональная образовательная организация (подвед ВУЗа),6165009334,"344038, РОСТОВСКАЯ ОБЛАСТЬ, Г.О. ГОРОД РОСТОВ-НА-ДОНУ, Г РОСТОВ-НА-ДОНУ, ПЛ РОСТОВСКОГО СТРЕЛКОВОГО ПОЛКА НАРОДНОГО ОПОЛЧЕНИЯ, ЗД. 2","47.2510326, 39.6984612",действующая,14-02-2025,05-07-1994,616501001,1026103709499,19-08-2002,60401374000,60701000001,01116006,1326065,12,85.22,2014,75103,Федеральное государственное бюджетное учреждение,ФГБУ,2014,РЕКТОР,Верескун Владимир Дмитриевич,10,головная организация
Ростов-на-Дону,"ФГБОУ ВО ""РОСТОВСКИЙ ГОСУДАРСТВЕННЫЙ УНИВЕРСИТЕТ ПУТЕЙ СООБЩЕНИЯ"", ФГБОУ ВО РГУПС, РГУПС","ФЕДЕРАЛЬНОЕ ГОСУДАРСТВЕННОЕ БЮДЖЕТНОЕ ОБРАЗОВАТЕЛЬНОЕ УЧРЕЖДЕНИЕ ВЫСШЕГО ОБРАЗОВАНИЯ ""РОСТОВСКИЙ ГОСУДАРСТВЕННЫЙ УНИВЕРСИТЕТ ПУТЕЙ СООБЩЕНИЯ""",профессиональная образовательная организация (подвед ВУЗа),6165009334,"344038, РОСТОВСКАЯ ОБЛАСТЬ, Г.О. ГОРОД РОСТОВ-НА-ДОНУ, Г РОСТОВ-НА-ДОНУ, ПЛ РОСТОВСКОГО СТРЕЛКОВОГО ПОЛКА НАРОДНОГО ОПОЛЧЕНИЯ, ЗД. 2","47.2510326, 39.6984612",действующая,14-02-2025,05-07-1994,616501001,1026103709499,19-08-2002,60401374000,60701000001,01116006,1326065,12,85.22,2014,75103,Федеральное государственное бюджетное учреждение,ФГБУ,2014,РЕКТОР,Верескун Владимир Дмитриевич,10,головная организация
Воронеж,ФГБОУ ВО ВГМУ ИМ. Н. Н. БУРДЕНКО МИНЗДРАВА РОССИИ,"ФЕДЕРАЛЬНОЕ ГОСУДАРСТВЕННОЕ БЮДЖЕТНОЕ ОБРАЗОВАТЕЛЬНОЕ УЧРЕЖДЕНИЕ ВЫСШЕГО ОБРАЗОВАНИЯ ""ВОРОНЕЖСКИЙ ГОСУДАРСТВЕННЫЙ МЕДИЦИНСКИЙ УНИВЕРСИТЕТ ИМЕНИ Н. Н. БУРДЕНКО"" МИНИСТЕРСТВА ЗДРАВООХРАНЕНИЯ РОССИЙСКОЙ ФЕДЕРАЦИИ",профессиональная образовательная организация (подвед ВУЗа),3666027794,"394036, ВОРОНЕЖСКАЯ ОБЛАСТЬ, Г ВОРОНЕЖ, УЛ СТУДЕНЧЕСКАЯ, Д. 10","51.6772314, 39.2048509",действующая,23-01-2026,13-02-1998,366601001,1033600044070,07-02-2003,20401000000,20701000001,01963002,1320700,12,85.22,2014,75103,Федеральное государственное бюджетное учреждение,ФГБУ,2014,ИСПОЛНЯЮЩИЙ ОБЯЗАННОСТИ РЕКТОРА,Мошуров Иван Петрович,0,головная организация
Воронеж,ФГБОУ ВО ВОРОНЕЖСКИЙ ГАУ,"ФЕДЕРАЛЬНОЕ ГОСУДАРСТВЕННОЕ БЮДЖЕТНОЕ ОБРАЗОВАТЕЛЬНОЕ УЧРЕЖДЕНИЕ ВЫСШЕГО ОБРАЗОВАНИЯ ""ВОРОНЕЖСКИЙ ГОСУДАРСТВЕННЫЙ АГРАРНЫЙ УНИВЕРСИТЕТ ИМЕНИ ИМПЕРАТОРА ПЕТРА I""",профессиональная образовательная организация (подвед ВУЗа),3666031208,"394087, ВОРОНЕЖСКАЯ ОБЛАСТЬ, Г. ВОРОНЕЖ, УЛ. МИЧУРИНА, Д. 1","51.713277, 39.2264823",действующая,29-09-2025,12-05-1993,366601001,1033600074090,11-02-2003,20401000000,20701000001,00492894,1325000,12,85.22,2014,75103,Федеральное государственное бюджетное учреждение,ФГБУ,2014,ВРИО РЕКТОРА,Воронина Анна Александровна,2,головная организация
Москва,"ФГБОУВО ""РГУП ИМ. В.М. ЛЕБЕДЕВА""; УНИВЕРСИТЕТ ПРАВОСУДИЯ ИМ. В.М. ЛЕБЕДЕВА; РГУП ИМ. В.М. ЛЕБЕДЕВА","ФЕДЕРАЛЬНОЕ ГОСУДАРСТВЕННОЕ БЮДЖЕТНОЕ ОБРАЗОВАТЕЛЬНОЕ УЧРЕЖДЕНИЕ ВЫСШЕГО ОБРАЗОВАНИЯ ""РОССИЙСКИЙ ГОСУДАРСТВЕННЫЙ УНИВЕРСИТЕТ ПРАВОСУДИЯ ИМЕНИ В.М. ЛЕБЕДЕВА""",профессиональная образовательная организация (подвед ВУЗа),7710324108,"117418, Г.МОСКВА, УЛ. НОВОЧЕРЁМУШКИНСКАЯ, Д. 69","55.6634383, 37.5620423",действующая,11-02-2025,23-10-2000,772701001,1037739536768,10-02-2003,45293590000,45908000000,52394244,1400020,12,85.22,2014,75103,Федеральное государственное бюджетное учреждение,ФГБУ,2014,РЕКТОР,Кулаков Владимир Викторович,11,головная организация
Воронеж,"ЦРТДИЮ ""КРЫЛАТЫЙ""","МУНИЦИПАЛЬНОЕ БЮДЖЕТНОЕ УЧРЕЖДЕНИЕ ДОПОЛНИТЕЛЬНОГО ОБРАЗОВАНИЯ ЦЕНТР РАЗВИТИЯ ТВОРЧЕСТВА ДЕТЕЙ И ЮНОШЕСТВА ""КРЫЛАТЫЙ""",организация доп. образования,3661017070,"394063, ВОРОНЕЖСКАЯ ОБЛАСТЬ, Г. ВОРОНЕЖ, УЛ. 25 ЯНВАРЯ, Д. 40А","51.6951966, 39.2572687",действующая,09-02-2025,10-06-1997,366101001,1033600018792,28-01-2003,20401000000,20701000001,45966770,4210007,14,85.41,2014,75403,Муниципальное бюджетное учреждение,МБУ,2014,ДИРЕКТОР,Вепринцева Татьяна Юрьевна,0,головная организация
Воронеж,"ЧДОУ ""ДЕТСКИЙ САД ""ХОЛМЫ И ГОРЫ""","ЧАСТНОЕ ДОШКОЛЬНОЕ ОБРАЗОВАТЕЛЬНОЕ УЧРЕЖДЕНИЕ ""ДЕТСКИЙ САД ""ХОЛМЫ И ГОРЫ""",дошкольное образование,3665125291,"394062, ВОРОНЕЖСКАЯ ОБЛАСТЬ, Г. ВОРОНЕЖ, УЛ. ЮЖНО-МОРАВСКАЯ, Д. 8","51.6551042, 39.1299285",действующая,31-05-2025,28-04-2016,366501001,1163600050350,28-04-2016,20401000000,20701000001,02324095,4210014,16,85.11,2014,75500,Частное учреждение,ЧУ,2014,ДИРЕКТОР,Иванищенко Сергей Борисович,0,головная организация
Воронеж,"ЧДОУ ДЕТСКИЙ ЯСЛИ-САД ""ХОЛМЫ И ГОРЫ""","ЧАСТНОЕ ДОШКОЛЬНОЕ ОБРАЗОВАТЕЛЬНОЕ УЧРЕЖДЕНИЕ ДЕТСКИЙ ЯСЛИ-САД ""ХОЛМЫ И ГОРЫ""",дошкольное образование,3665999420,"394062, ВОРОНЕЖСКАЯ ОБЛАСТЬ, Г. ВОРОНЕЖ, УЛ. ЮЖНО-МОРАВСКАЯ, Д. 8","51.6551042, 39.1299285",действующая,05-08-2025,23-05-2013,366501001,1133600000930,23-05-2013,20401000000,20701000001,10599452,4210014,16,85.11,2014,75500,Частное учреждение,ЧУ,2014,ДИРЕКТОР,Иванищенко Сергей Борисович,0,головная организация
Воронеж,"ЧОУ ""АКАДЕМИЯ ""ПРОФИЛЬ""","ЧАСТНОЕ ОБЩЕОБРАЗОВАТЕЛЬНОЕ УЧРЕЖДЕНИЕ ""АКАДЕМИЯ ""ПРОФИЛЬ""",общеобразовательная организация,3664999120,"394018, ВОРОНЕЖСКАЯ ОБЛАСТЬ, Г. ВОРОНЕЖ, УЛ. НИКИТИНСКАЯ, Д.36, -, -","51.6650576, 39.1945962",действующая,25-06-2025,29-09-2011,366401001,1113600001900,29-09-2011,20401000000,20701000001,30072221,4210014,16,85.14,2014,75500,Частное учреждение,ЧУ,2014,ДИРЕКТОР,Власова Наталья Николаевна,0,головная организация
Воронеж,"ЧОУ ""АЛЬТЕРНАТИВА""","ЧАСТНОЕ ОБЩЕОБРАЗОВАТЕЛЬНОЕ УЧРЕЖДЕНИЕ ""АЛЬТЕРНАТИВА""",общеобразовательная организация,3662293788,"394077, ВОРОНЕЖСКАЯ ОБЛАСТЬ, Г.О. ГОРОД ВОРОНЕЖ, Г ВОРОНЕЖ, Б-Р ПОБЕДЫ, Д. 46, ПОМЕЩ. XV","51.712243, 39.153691",действующая,18-09-2025,19-04-2021,366201001,1213600015144,19-04-2021,20401000000,20701000001,48822295,4210014,16,85.12,2014,75500,Частное учреждение,ЧУ,2014,ГЕНЕРАЛЬНЫЙ ДИРЕКТОР,Горнаков Роман Алексеевич,0,головная организация
Воронеж,"ЧОУ ""АССИСТ""","ЧАСТНОЕ ОБЩЕОБРАЗОВАТЕЛЬНОЕ УЧРЕЖДЕНИЕ ""АССИСТ""",общеобразовательная организация,3666090203,"394000, ВОРОНЕЖСКАЯ ОБЛАСТЬ, Г. ВОРОНЕЖ, УЛ. ТЕАТРАЛЬНАЯ, Д.15, 1","51.6666663, 39.2115435",действующая,14-01-2026,16-05-2001,366601001,1033600018220,27-01-2003,20401000000,20701000001,56459207,4210014,16,85.14,2014,75500,Частное учреждение,ЧУ,2014,ГЕНЕРАЛЬНЫЙ ДИРЕКТОР,Бутузова Ирина Петровна,0,головная организация
Воронеж,"ЧОУ ""ВОРОНЕЖСКАЯ ПРАВОСЛАВНАЯ ГИМНАЗИЯ ВО ИМЯ СВЯТИТЕЛЯ МИТРОФАНА ВОРОНЕЖСКОГО""","ЧАСТНОЕ ОБЩЕОБРАЗОВАТЕЛЬНОЕ УЧРЕЖДЕНИЕ ""ВОРОНЕЖСКАЯ ПРАВОСЛАВНАЯ ГИМНАЗИЯ ВО ИМЯ СВЯТИТЕЛЯ МИТРОФАНА ВОРОНЕЖСКОГО""",общеобразовательная организация,3665032777,"394031, ВОРОНЕЖСКАЯ ОБЛАСТЬ, Г.О. ГОРОД ВОРОНЕЖ, Г ВОРОНЕЖ, УЛ ЛЕСКОВА, Д. 43","51.6342471, 39.1977393",действующая,27-01-2025,19-07-2001,366401001,1033600033202,05-02-2003,20401000000,20701000001,57709965,4210014,54,85.13,2014,75500,Частное учреждение,ЧУ,2014,ДИРЕКТОР,Шахова Марина Николаевна,0,головная организация
Воронеж,"ЧОУ ""ШКОЛА БУДУЩЕГО""","ЧАСТНОЕ ОБЩЕОБРАЗОВАТЕЛЬНОЕ УЧРЕЖДЕНИЕ ""ШКОЛА БУДУЩЕГО""",общеобразовательная организация,3662278155,"394005, ВОРОНЕЖСКАЯ ОБЛАСТЬ, Г. ВОРОНЕЖ, УЛ. ВЛАДИМИРА НЕВСКОГО, Д. 48, КОМ. 2","51.7185229, 39.175449",действующая,28-04-2025,20-08-2019,366201001,1193600000923,20-08-2019,20401000000,20701000001,41233383,4210014,16,85.12,2014,75500,Частное учреждение,ЧУ,2014,ДИРЕКТОР,Петросян Арусь Рубеновна,0,головная организация
Воронеж,"ЧОУ ""ШКОЛА МАРИОЛЬ""","ЧАСТНОЕ ОБЩЕОБРАЗОВАТЕЛЬНОЕ УЧРЕЖДЕНИЕ ""ШКОЛА МАРИОЛЬ""",общеобразовательная организация,3662121884,"394088, ВОРОНЕЖСКАЯ ОБЛАСТЬ, Г. ВОРОНЕЖ, УЛ. ГЕНЕРАЛА ЛИЗЮКОВА, Д.72""А"", -, -","51.706335, 39.144888",действующая,29-04-2025,29-10-2008,366201001,1083600001781,29-10-2008,20401000000,20701000001,87975693,4210014,16,85.11,2014,75500,Частное учреждение,ЧУ,2014,ГЕНЕРАЛЬНЫЙ ДИРЕКТОР,Свиридова Олеся Владимировна,0,головная организация
Воронеж,"ЧОУ НАЧАЛЬНАЯ ШКОЛА-ДЕТСКИЙ САД ""ПЕРСПЕКТИВА""","ЧАСТНОЕ ОБРАЗОВАТЕЛЬНОЕ УЧРЕЖДЕНИЕ ДЛЯ ДЕТЕЙ ДОШКОЛЬНОГО И МЛАДШЕГО ШКОЛЬНОГО ВОЗРАСТА НАЧАЛЬНАЯ ШКОЛА-ДЕТСКИЙ САД ""ПЕРСПЕКТИВА""",дошкольное образование,3666999133,"394036, ВОРОНЕЖСКАЯ ОБЛАСТЬ, Г. ВОРОНЕЖ, УЛ. ТЕАТРАЛЬНАЯ, Д.2, -, -","51.6690274, 39.213027",действующая,12-01-2025,26-09-2011,366601001,1113600001877,26-09-2011,20401000000,20701000001,30072161,4210014,16,85.11,2014,75500,Частное учреждение,ЧУ,2014,ДИРЕКТОР,Мешков Василий Геннадьевич,0,головная организация
Воронеж,ШКОЛА № 28 ГОРОДА ВОРОНЕЖА,МУНИЦИПАЛЬНОЕ БЮДЖЕТНОЕ ОБЩЕОБРАЗОВАТЕЛЬНОЕ УЧРЕЖДЕНИЕ СРЕДНЯЯ ОБЩЕОБРАЗОВАТЕЛЬНАЯ ШКОЛА № 28 С УГЛУБЛЁННЫМ ИЗУЧЕНИЕМ ОТДЕЛЬНЫХ ПРЕДМЕТОВ,общеобразовательная организация,3666050962,"394036, ВОРОНЕЖСКАЯ ОБЛАСТЬ, Г. ВОРОНЕЖ, УЛ. ФРИДРИХА ЭНГЕЛЬСА, Д.23","51.6705975, 39.206034",действующая,09-02-2025,10-04-1998,366601001,1023601576195,15-12-2002,20401000000,20701000001,57709095,4210007,14,85.13,2014,75403,Муниципальное бюджетное учреждение,МБУ,2014,ДИРЕКТОР,Хуторецкий Михаил Эликович,0,головная организация
Аннинский,"ГБПОУ ВО ""ААПТ""","ГОСУДАРСТВЕННОЕ БЮДЖЕТНОЕ ПРОФЕССИОНАЛЬНОЕ ОБРАЗОВАТЕЛЬНОЕ УЧРЕЖДЕНИЕ ВОРОНЕЖСКОЙ ОБЛАСТИ ""АННИНСКИЙ АГРАРНО-ПРОМЫШЛЕННЫЙ ТЕХНИКУМ""",профессиональная образовательная организация,3601002329,"396253, ВОРОНЕЖСКАЯ ОБЛАСТЬ, Р-Н АННИНСКИЙ, ПГТ АННА, УЛ ЧЕХОВА, Д. 1А","51.490856, 40.4023626",действующая,02-02-2025,19-06-2001,360101001,1023600510878,18-11-2002,20202551000,20602151051,02508688,2300223,13,85.21,2014,75203,Государственное бюджетное учреждение субъекта Российской Федерации,ГБУ,2014,ДИРЕКТОР,Пегарьков Игорь Анатольевич,0,головная организация
Аннинский,"КОУ ВО ""АННИНСКАЯ СПЕЦИАЛЬНАЯ ОБЩЕОБРАЗОВАТЕЛЬНАЯ ШКОЛА""","КАЗЕННОЕ СПЕЦИАЛЬНОЕ УЧЕБНО-ВОСПИТАТЕЛЬНОЕ ОБЩЕОБРАЗОВАТЕЛЬНОЕ УЧРЕЖДЕНИЕ ВОРОНЕЖСКОЙ ОБЛАСТИ ""АННИНСКАЯ СПЕЦИАЛЬНАЯ ОБЩЕОБРАЗОВАТЕЛЬНАЯ ШКОЛА""",интернат,3601002689,"396251, ВОРОНЕЖСКАЯ ОБЛАСТЬ, Р-Н АННИНСКИЙ, ПГТ АННА, УЛ ВАТУТИНА, Д. 44","51.482572, 40.450588",действующая,27-01-2025,27-03-2002,360101001,1033668500360,28-12-2002,20202551000,20602151051,02082930,2300223,13,85.13,2014,75204,Государственное казенное учреждение субъекта Российской Федерации,ГКУ,2014,ДИРЕКТОР,Порокина Марина Александровна,0,головная организация
Аннинский,"МБДОУ ""Д С №6 - ЦППМСП АННИНСКОГО РАЙОНА""","МУНИЦИПАЛЬНОЕ БЮДЖЕТНОЕ ДОШКОЛЬНОЕ ОБРАЗОВАТЕЛЬНОЕ УЧРЕЖДЕНИЕ ""ДЕТСКИЙ САД №6 - ЦЕНТР ПСИХОЛОГО-ПЕДАГОГИЧЕСКОЙ, МЕДИЦИНСКОЙ И СОЦИАЛЬНОЙ ПОМОЩИ АННИНСКОГО МУНИЦИПАЛЬНОГО РАЙОНА""",дошкольное образование,3601007006,"396252, ВОРОНЕЖСКАЯ ОБЛАСТЬ, Р-Н АННИНСКИЙ, ПГТ АННА, УЛ ДРУЖБЫ, Д. 47","51.4975194, 40.4414318",действующая,12-01-2026,29-05-2000,360101001,1023600509008,23-10-2002,20202551000,20602151051,53153896,4210007,14,85.11,2014,75403,Муниципальное бюджетное учреждение,МБУ,2014,Заведующая,Воротникова Светлана Васильевна,0,головная организация
Аннинский,"МБДОУ АННИНСКИЙ Д/С ОРВ ""РОСТОК""","МУНИЦИПАЛЬНОЕ БЮДЖЕТНОЕ ДОШКОЛЬНОЕ ОБРАЗОВАТЕЛЬНОЕ УЧРЕЖДЕНИЕ АННИНСКИЙ ДЕТСКИЙ САД ОБЩЕРАЗВИВАЮЩЕГО ВИДА ""РОСТОК""",дошкольное образование,3601111350,"396252, ВОРОНЕЖСКАЯ ОБЛАСТЬ, Р-Н АННИНСКИЙ, ПГТ АННА, УЛ МОЛОДЕЖНАЯ, Д. 31","51.5054427, 40.4337259",действующая,09-02-2025,02-07-2014,360101001,1143668031869,02-07-2014,20202551000,20602151051,29695112,4210007,14,85.11,2014,75403,Муниципальное бюджетное учреждение,МБУ,2014,ЗАВЕДУЮЩИЙ,Пшеничнова Ольга Александровна,0,головная организация
Аннинский,МБОУ АННИНСКАЯ СОШ № 3,МУНИЦИПАЛЬНОЕ БЮДЖЕТНОЕ ОБЩЕОБРАЗОВАТЕЛЬНОЕ УЧРЕЖДЕНИЕ АННИНСКАЯ СРЕДНЯЯ ОБЩЕОБРАЗОВАТЕЛЬНАЯ ШКОЛА № 3,общеобразовательная организация,3601002350,"396250, ВОРОНЕЖСКАЯ ОБЛАСТЬ, Р-Н АННИНСКИЙ, ПГТ АННА, УЛ ГОРЬКОГО, Д. 40","51.488742, 40.424053",действующая,09-02-2025,01-10-2002,360101001,1023600508304,11-10-2002,20202551000,20602151051,31269931,4210007,14,85.13,2014,75403,Муниципальное бюджетное учреждение,МБУ,2014,ДИРЕКТОР,Ходякова Татьяна Ивановна,0,головная организация
Аннинский,МБОУ АННИНСКАЯ СОШ №1,МУНИЦИПАЛЬНОЕ БЮДЖЕТНОЕ ОБЩЕОБРАЗОВАТЕЛЬНОЕ УЧРЕЖДЕНИЕ АННИНСКАЯ СРЕДНЯЯ ОБЩЕОБРАЗОВАТЕЛЬНАЯ ШКОЛА №1,общеобразовательная организация,3601007091,"396252, ВОРОНЕЖСКАЯ ОБЛАСТЬ, Р-Н АННИНСКИЙ, ПГТ АННА, УЛ КРАСНОАРМЕЙСКАЯ, Д. 201","51.489899, 40.435261",действующая,04-02-2025,06-02-2002,360101001,1023600509910,02-11-2002,20202551000,20602151051,53153904,4210007,14,85.13,2014,75403,Муниципальное бюджетное учреждение,МБУ,2014,ДИРЕКТОР,Шамшина Татьяна Валериевна,0,головная организация
Аннинский,"МБОУ СОШ ""АННИНСКИЙ ЛИЦЕЙ""","МУНИЦИПАЛЬНОЕ БЮДЖЕТНОЕ ОБЩЕОБРАЗОВАТЕЛЬНОЕ УЧРЕЖДЕНИЕ СРЕДНЯЯ ОБЩЕОБРАЗОВАТЕЛЬНАЯ ШКОЛА ""АННИНСКИЙ ЛИЦЕЙ""",общеобразовательная организация,3601010827,"396250, ВОРОНЕЖСКАЯ ОБЛАСТЬ, Р-Н АННИНСКИЙ, ПГТ АННА, УЛ ЛЕНИНА, Д. 2","51.482635, 40.422819",действующая,27-08-2025,29-06-2012,360101001,1123601000390,29-06-2012,20202551000,20602151051,09512150,4210007,14,85.13,2014,75403,Муниципальное бюджетное учреждение,МБУ,2014,ДИРЕКТОР,Азовская Елена Васильевна,0,головная организация
Аннинский,"МБУ АННИНСКИЙ ЦДО ""РИТМ""","МУНИЦИПАЛЬНОЕ БЮДЖЕТНОЕ УЧРЕЖДЕНИЕ АННИНСКИЙ ЦЕНТР ДОПОЛНИТЕЛЬНОГО ОБРАЗОВАНИЯ ""РИТМ""",организация доп. образования,3601007140,"396250, ВОРОНЕЖСКАЯ ОБЛАСТЬ, Р-Н АННИНСКИЙ, ПГТ АННА, УЛ ЛЕНИНА, Д. 32","51.486058, 40.428321",действующая,30-08-2025,13-06-2000,360101001,1023600509998,02-11-2002,20202551000,20602151051,53156311,4210007,14,85.41,2014,75403,Муниципальное бюджетное учреждение,МБУ,2014,ДИРЕКТОР,Половица Светлана Васильевна,0,головная организация
Аннинский,"МКДОУ ""ЦРР - Д/С №4""","МУНИЦИПАЛЬНОЕ КАЗЕННОЕ ДОШКОЛЬНОЕ ОБРАЗОВАТЕЛЬНОЕ УЧРЕЖДЕНИЕ ""ЦЕНТР РАЗВИТИЯ РЕБЕНКА - ДЕТСКИЙ САД №4""",дошкольное образование,3601006644,"396250, ВОРОНЕЖСКАЯ ОБЛАСТЬ, Р-Н АННИНСКИЙ, ПГТ АННА, УЛ КОММУНАЛЬНАЯ, Д. 93","51.4840151, 40.4252631",действующая,10-02-2025,06-03-2000,360101001,1023600508282,10-10-2002,20202551000,20602151051,53153809,4210007,14,85.11,2014,75404,Муниципальное казенное учреждение,МКУ,2014,ЗАВЕДУЮЩИЙ,Ткаченко Марина Станиславовна,0,головная организация
Аннинский,МКДОУ АДС №7 ОРВ,МУНИЦИПАЛЬНОЕ КАЗЕННОЕ ДОШКОЛЬНОЕ ОБРАЗОВАТЕЛЬНОЕ УЧРЕЖДЕНИЕ АННИНСКИЙ ДЕТСКИЙ САД №7 ОБЩЕРАЗВИВАЮЩЕГО ВИДА,дошкольное образование,3601006965,"396254, ВОРОНЕЖСКАЯ ОБЛАСТЬ, Р-Н АННИНСКИЙ, ПГТ АННА, УЛ ЭНГЕЛЬСА, Д. 40Г, -","51.4823112, 40.4119429",действующая,06-02-2025,25-05-2000,360101001,1023600513342,06-12-2002,20202551000,20602151051,53151928,4210007,14,85.11,2014,75404,Муниципальное казенное учреждение,МКУ,2014,Заведующая,Изюмова Наталия Владимировна,0,головная организация
Аннинский,МКДОУ САДОВСКИЙ ДС ОРВ,МУНИЦИПАЛЬНОЕ КАЗЕННОЕ ДОШКОЛЬНОЕ ОБРАЗОВАТЕЛЬНОЕ УЧРЕЖДЕНИЕ САДОВСКИЙ ДЕТСКИЙ САД ОБЩЕРАЗВИВАЮЩЕГО ВИДА,дошкольное образование,3601006919,"396220, ВОРОНЕЖСКАЯ ОБЛАСТЬ, М.Р-Н АННИНСКИЙ, С.П. САДОВСКОЕ, С САДОВОЕ, УЛ ЛЕТЧИКОВ, Д. 2","51.5340566, 40.5085706",действующая,04-02-2025,25-05-2000,360101001,1023600509063,23-10-2002,20202876001,20602476101,53151940,4210007,14,85.11,2014,75404,Муниципальное казенное учреждение,МКУ,2014,ЗАВЕДУЮЩИЙ,Блях Ольга Николаевна,0,головная организация
Аннинский,"МКОУ ""БЕРЕЗОВСКАЯ СОШ ИМ. ГЕРОЯ СОВЕТСКОГО СОЮЗА Г.А. РУБЦОВА""","МУНИЦИПАЛЬНОЕ КАЗЕННОЕ ОБЩЕОБРАЗОВАТЕЛЬНОЕ УЧРЕЖДЕНИЕ ""БЕРЕЗОВСКАЯ СРЕДНЯЯ ОБЩЕОБРАЗОВАТЕЛЬНАЯ ШКОЛА ИМЕНИ ГЕРОЯ СОВЕТСКОГО СОЮЗА Г.А. РУБЦОВА""",общеобразовательная организация,3601006757,"396247, ВОРОНЕЖСКАЯ ОБЛАСТЬ, Р-Н АННИНСКИЙ, С БЕРЁЗОВКА, УЛ МАСЛОЗАВОДСКАЯ, Д. 8-А","51.3135443, 40.1984211",действующая,09-02-2025,06-02-2001,360101001,1023600508821,21-10-2002,20202816001,20602416101,53153778,4210007,14,85.13,2014,75404,Муниципальное казенное учреждение,МКУ,2014,ДИРЕКТОР,Билецкая Светлана Владимировна,0,головная организация
Аннинский,МКОУ АННИНСКАЯ СОШ №6,МУНИЦИПАЛЬНОЕ КАЗЁННОЕ ОБЩЕОБРАЗОВАТЕЛЬНОЕ УЧРЕЖДЕНИЕ АННИНСКАЯ СРЕДНЯЯ ОБЩЕОБРАЗОВАТЕЛЬНАЯ ШКОЛА №6,общеобразовательная организация,3601006820,"396252, ВОРОНЕЖСКАЯ ОБЛАСТЬ, Р-Н АННИНСКИЙ, ПГТ АННА, УЛ ВАТУТИНА, Д. 159","51.5069601, 40.4345114",действующая,10-02-2025,06-02-2002,360101001,1023600508470,15-10-2002,20202551000,20602151051,53153732,4210007,14,85.13,2014,75404,Муниципальное казенное учреждение,МКУ,2014,Директор,Гурова Людмила Николаевна,0,головная организация
Аннинский,МКОУ АРХАНГЕЛЬСКАЯ СОШ,МУНИЦИПАЛЬНОЕ КАЗЕННОЕ ОБЩЕОБРАЗОВАТЕЛЬНОЕ УЧРЕЖДЕНИЕ АРХАНГЕЛЬСКАЯ СРЕДНЯЯ ОБЩЕОБРАЗОВАТЕЛЬНАЯ ШКОЛА,общеобразовательная организация,3601006651,"396230, ВОРОНЕЖСКАЯ ОБЛАСТЬ, Р-Н АННИНСКИЙ, С. АРХАНГЕЛЬСКОЕ, УЛ. МИРА, Д.24, -, -","51.455585, 40.931398",действующая,25-08-2025,06-02-2002,360101001,1023600508238,08-10-2002,20202812001,20602412101,53151874,4210007,14,85.14,2014,75404,Муниципальное казенное учреждение,МКУ,2014,ДИРЕКТОР,Губанова Алла Сергеевна,0,головная организация
Аннинский,МКОУ БРОДОВСКАЯ СОШ,МУНИЦИПАЛЬНОЕ КАЗЕННОЕ ОБЩЕОБРАЗОВАТЕЛЬНОЕ УЧРЕЖДЕНИЕ БРОДОВСКАЯ СРЕДНЯЯ ОБЩЕОБРАЗОВАТЕЛЬНАЯ ШКОЛА,общеобразовательная организация,3601007052,"396240, ВОРОНЕЖСКАЯ ОБЛАСТЬ, Р-Н АННИНСКИЙ, С БРОДОВОЕ, УЛ ШКОЛЬНАЯ, Д. 1","51.4828216, 40.5014257",действующая,21-05-2025,01-02-2002,360101001,1023600510009,02-11-2002,20202820001,20602420101,53156191,4210007,14,85.14,2014,75404,Муниципальное казенное учреждение,МКУ,2014,ДИРЕКТОР,Кашкина Марина Игоревна,0,головная организация
Аннинский,МКОУ ВАСИЛЬЕВСКАЯ ООШ,МУНИЦИПАЛЬНОЕ КАЗЕННОЕ ОБЩЕОБРАЗОВАТЕЛЬНОЕ УЧРЕЖДЕНИЕ ВАСИЛЬЕВСКАЯ ОСНОВНАЯ ОБЩЕОБРАЗОВАТЕЛЬНАЯ ШКОЛА,общеобразовательная организация,3601006838,"396205, ВОРОНЕЖСКАЯ ОБЛАСТЬ, Р-Н АННИНСКИЙ, С. ВАСИЛЬЕВКА, УЛ. МОЛОДЕЖНАЯ, Д.13","51.4870633, 40.1967913",действующая,06-02-2025,06-02-2002,360101001,1023600509943,02-11-2002,20202822001,20602422101,53151822,4210007,14,85.13,2014,75404,Муниципальное казенное учреждение,МКУ,2014,ДИРЕКТОР,Клепикова Алла Васильевна,0,головная организация
Аннинский,МКОУ ВЕРХНЕТОЙДЕНСКАЯ СОШ,МУНИЦИПАЛЬНОЕ КАЗЕННОЕ ОБЩЕОБРАЗОВАТЕЛЬНОЕ УЧРЕЖДЕНИЕ ВЕРХНЕТОЙДЕНСКАЯ СРЕДНЯЯ ОБЩЕОБРАЗОВАТЕЛЬНАЯ ШКОЛА,общеобразовательная организация,3601006764,"396210, ВОРОНЕЖСКАЯ ОБЛАСТЬ, Р-Н АННИНСКИЙ, С. ВЕРХНЯЯ ТОЙДА, УЛ. ЛЕНИНА, Д.19, ""А"", -","51.4181137, 40.3144589",действующая,11-02-2025,06-02-2002,360101001,1023600509393,28-10-2002,20202824001,20602424101,53151791,4210007,14,85.13,2014,75404,Муниципальное казенное учреждение,МКУ,2014,ДИРЕКТОР,Сотникова Ольга Владимировна,0,головная организация
Аннинский,МКОУ НАЩЁКИНСКАЯ СОШ,МУНИЦИПАЛЬНОЕ КАЗЕННОЕ ОБЩЕОБРАЗОВАТЕЛЬНОЕ УЧРЕЖДЕНИЕ НАЩЁКИНСКАЯ СРЕДНЯЯ ОБЩЕОБРАЗОВАТЕЛЬНАЯ ШКОЛА,общеобразовательная организация,3601006940,"396213, ВОРОНЕЖСКАЯ ОБЛАСТЬ, Р-Н АННИНСКИЙ, С. НАЩЕКИНО, УЛ. ШКОЛЬНАЯ, Д.20","51.3953874, 40.134137",действующая,12-02-2025,06-02-2002,360101001,1023600509767,30-10-2002,20202840001,20602440101,53153821,4210007,14,85.13,2014,75404,Муниципальное казенное учреждение,МКУ,2014,ДИРЕКТОР,Лобанок Людмила Викторовна,0,головная организация
Аннинский,МКОУ НИКОЛАЕВСКАЯ СОШ,МУНИЦИПАЛЬНОЕ КАЗЕННОЕ ОБЩЕОБРАЗОВАТЕЛЬНОЕ УЧРЕЖДЕНИЕ НИКОЛАЕВСКАЯ СРЕДНЯЯ ОБЩЕОБРАЗОВАТЕЛЬНАЯ ШКОЛА,общеобразовательная организация,3601006884,"396204, ВОРОНЕЖСКАЯ ОБЛАСТЬ, Р-Н АННИНСКИЙ, С НИКОЛАЕВКА, УЛ ЮБИЛЕЙНАЯ, ЗД. 23","51.5163884, 40.2739681",действующая,09-02-2025,06-02-2002,360101001,1023600509107,24-10-2002,20202844001,20602444101,53151868,4210007,14,85.13,2014,75404,Муниципальное казенное учреждение,МКУ,2014,ДИРЕКТОР,Солодовникова Вера Александровна,0,головная организация
Аннинский,МКОУ НОВОКУРЛАКСКАЯ ООШ,МУНИЦИПАЛЬНОЕ КАЗЕННОЕ ОБЩЕОБРАЗОВАТЕЛЬНОЕ УЧРЕЖДЕНИЕ НОВОКУРЛАКСКАЯ ОСНОВНАЯ ОБЩЕОБРАЗОВАТЕЛЬНАЯ ШКОЛА,общеобразовательная организация,3601003121,"396242, ВОРОНЕЖСКАЯ ОБЛАСТЬ, Р-Н АННИНСКИЙ, С НОВЫЙ КУРЛАК, УЛ СТЕПНАЯ, Д. 42А","51.4317509, 40.5554767",действующая,24-08-2025,01-02-2002,360101001,1023600513375,06-12-2002,20202856001,20602456101,41197701,4210007,14,85.13,2014,75404,Муниципальное казенное учреждение,МКУ,2014,ДИРЕКТОР,Подлесных Юлия Сергеевна,0,головная организация
Аннинский,МКОУ НОВОНАДЕЖДИНСКАЯ ООШ,МУНИЦИПАЛЬНОЕ КАЗЕННОЕ ОБЩЕОБРАЗОВАТЕЛЬНОЕ УЧРЕЖДЕНИЕ НОВОНАДЕЖДИНСКАЯ ОСНОВНАЯ ОБЩЕОБРАЗОВАТЕЛЬНАЯ ШКОЛА,общеобразовательная организация,3601007084,"396209, ВОРОНЕЖСКАЯ ОБЛАСТЬ, Р-Н АННИНСКИЙ, П. НОВОНАДЕЖДИНСКИЙ, ПЛ. МИРА, Д.10, -, -","51.4448623, 40.2208141",действующая,28-04-2025,06-02-2002,360101001,1023600512308,28-11-2002,20202822002,20602422106,53156268,4210007,14,85.13,2014,75404,Муниципальное казенное учреждение,МКУ,2014,ДИРЕКТОР,Ухина Елена Алексеевна,0,головная организация
Аннинский,МКОУ ПУГАЧЁВСКАЯ СОШ,МУНИЦИПАЛЬНОЕ КАЗЕННОЕ ОБЩЕОБРАЗОВАТЕЛЬНОЕ УЧРЕЖДЕНИЕ ПУГАЧЁВСКАЯ СРЕДНЯЯ ОБЩЕОБРАЗОВАТЕЛЬНАЯ ШКОЛА,общеобразовательная организация,3601007101,"396223, ВОРОНЕЖСКАЯ ОБЛАСТЬ, Р-Н АННИНСКИЙ, П. ЦЕНТРАЛЬНОЙ УСАДЬБЫ СВХ ПУГАЧЕВСКИЙ, УЛ. МИРА, Д.9","51.5651737, 40.6666194",действующая,04-02-2025,06-02-2002,360101001,1023600509624,30-10-2002,20202864001,20602464101,53156222,4210007,14,85.13,2014,75404,Муниципальное казенное учреждение,МКУ,2014,ДИРЕКТОР,Синельникова Ирина Алексеевна,0,головная организация
Аннинский,МКОУ САДОВСКАЯ СОШ №1,МУНИЦИПАЛЬНОЕ КАЗЕННОЕ ОБЩЕОБРАЗОВАТЕЛЬНОЕ УЧРЕЖДЕНИЕ САДОВСКАЯ СРЕДНЯЯ ОБЩЕОБРАЗОВАТЕЛЬНАЯ ШКОЛА №1,общеобразовательная организация,3601006860,"396220, ВОРОНЕЖСКАЯ ОБЛАСТЬ, Р-Н АННИНСКИЙ, С. САДОВОЕ, УЛ. КРАСНАЯ ПЛОЩАДЬ, Д.47","51.539659, 40.492202",действующая,26-08-2025,06-02-2002,360101001,1023600509151,25-10-2002,20202876001,20602476101,53153749,4210007,14,85.14,2014,75404,Муниципальное казенное учреждение,МКУ,2014,ДИРЕКТОР,Ярошенко Наталья Андреевна,0,головная организация
Аннинский,МКОУ ХЛЕБОРОДНЕНСКАЯ СОШ,МУНИЦИПАЛЬНОЕ КАЗЕННОЕ ОБЩЕОБРАЗОВАТЕЛЬНОЕ УЧРЕЖДЕНИЕ ХЛЕБОРОДНЕНСКАЯ СРЕДНЯЯ ОБЩЕОБРАЗОВАТЕЛЬНАЯ ШКОЛА,общеобразовательная организация,3601007126,"396246, ВОРОНЕЖСКАЯ ОБЛАСТЬ, Р-Н АННИНСКИЙ, С. ХЛЕБОРОДНОЕ, УЛ. ШКОЛЬНАЯ, Д.5, -, -","51.4644924, 40.6939767",действующая,10-02-2025,06-02-2002,360101001,1023600509460,29-10-2002,20202888001,20602488101,53156305,4210007,14,85.13,2014,75404,Муниципальное казенное учреждение,МКУ,2014,ДИРЕКТОР,Синчукова Ольга Анатольевна,0,головная организация
Аннинский,"МКУДО ""АННИНСКАЯ СШ""","МУНИЦИПАЛЬНОЕ КАЗЕННОЕ УЧРЕЖДЕНИЕ ДОПОЛНИТЕЛЬНОГО ОБРАЗОВАНИЯ ""АННИНСКАЯ СПОРТИВНАЯ ШКОЛА""",организация доп. образования,3601006683,"396250, ВОРОНЕЖСКАЯ ОБЛАСТЬ, Р-Н АННИНСКИЙ, ПГТ АННА, УЛ ЛЕНИНА, Д. 11","51.48407, 40.422896",действующая,09-02-2025,12-04-2000,360101001,1023600511230,20-11-2002,20202551000,20602151051,53140882,4210007,14,85.41,2014,75404,Муниципальное казенное учреждение,МКУ,2014,ДИРЕКТОР,Спицина Елена Николаевна,0,головная организация
Аннинский,ОТДЕЛ ОБРАЗОВАНИЯ АДМИНИСТРАЦИИ АННИНСКОГО МУНИЦИПАЛЬНОГО РАЙОНА ВОРОНЕЖСКОЙ ОБЛАСТИ,ОТДЕЛ ОБРАЗОВАНИЯ АДМИНИСТРАЦИИ АННИНСКОГО МУНИЦИПАЛЬНОГО РАЙОНА ВОРОНЕЖСКОЙ ОБЛАСТИ,отдел,3601002671,"396250, ВОРОНЕЖСКАЯ ОБЛАСТЬ, Р-Н АННИНСКИЙ, ПГТ АННА, УЛ ЛЕНИНА, Д. 28","51.485523, 40.426424",действующая,12-02-2025,24-12-1991,360101001,1023600513023,04-12-2002,20202551000,20602151051,02104620,3300100,14,84.11.3,2014,75404,Муниципальное казенное учреждение,МКУ,2014,РУКОВОДИТЕЛЬ ОТДЕЛА,Корнилова Наталья Олеговна,0,головная организация
Бобровский,"ГБ ПОУ ""ВОУК ИМ. СУВОРИНА""","ГОСУДАРСТВЕННОЕ БЮДЖЕТНОЕ ПРОФЕССИОНАЛЬНОЕ ОБРАЗОВАТЕЛЬНОЕ УЧРЕЖДЕНИЕ ""ВОРОНЕЖСКОЕ ОБЛАСТНОЕ УЧИЛИЩЕ КУЛЬТУРЫ ИМЕНИ А.С. СУВОРИНА""",профессиональная образовательная организация,3602002836,"397700, ВОРОНЕЖСКАЯ ОБЛАСТЬ, М.Р-Н БОБРОВСКИЙ, Г.П. ГОРОД БОБРОВ, Г БОБРОВ, УЛ ИМ.КИРОВА, ЗД. 57А","51.096648, 40.044634",действующая,14-02-2025,10-11-1996,360201001,1023600530733,31-10-2002,20204501000,20604101001,02176743,2300231,13,85.21,2014,75203,Государственное бюджетное учреждение субъекта Российской Федерации,ГБУ,2014,ДИРЕКТОР,Образцова Ольга Вячеславовна,0,головная организация
Бобровский,"ГБПОУ ВО ""БАИК ИМЕНИ М.Ф. ТИМАШОВОЙ""","ГОСУДАРСТВЕННОЕ БЮДЖЕТНОЕ ПРОФЕССИОНАЛЬНОЕ ОБРАЗОВАТЕЛЬНОЕ УЧРЕЖДЕНИЕ ВОРОНЕЖСКОЙ ОБЛАСТИ ""БОБРОВСКИЙ АГРАРНО-ИНДУСТРИАЛЬНЫЙ КОЛЛЕДЖ ИМЕНИ М.Ф. ТИМАШОВОЙ""",профессиональная образовательная организация,3602001631,"397702, ВОРОНЕЖСКАЯ ОБЛАСТЬ, М.Р-Н БОБРОВСКИЙ, Г.П. ГОРОД БОБРОВ, Г БОБРОВ, УЛ ПОЛЕВАЯ, ЗД. 2А","51.1092936, 40.0243471",действующая,25-11-2025,09-02-2001,360201001,1023600531030,13-11-2002,20204501000,20604101001,02509038,2300223,13,85.21,2014,75203,Государственное бюджетное учреждение субъекта Российской Федерации,ГБУ,2014,ДИРЕКТОР,Сорокин Николай Николаевич,1,головная организация
Бобровский,"ГБПОУ ВО ""ХЛК ИМ. Г.Ф. МОРОЗОВА""","ГОСУДАРСТВЕННОЕ БЮДЖЕТНОЕ ПРОФЕССИОНАЛЬНОЕ ОБРАЗОВАТЕЛЬНОЕ УЧРЕЖДЕНИЕ ВОРОНЕЖСКОЙ ОБЛАСТИ ""ХРЕНОВСКОЙ ЛЕСНОЙ КОЛЛЕДЖ ИМЕНИ Г.Ф. МОРОЗОВА""",профессиональная образовательная организация,3602001617,"397743, ВОРОНЕЖСКАЯ ОБЛАСТЬ, Р-Н БОБРОВСКИЙ, С СЛОБОДА, УЛ БОЛЬШАЯ, Д. 44","51.1446584, 40.2746005",действующая,23-07-2025,02-04-1996,360201001,1023600532251,11-12-2002,20204838001,20604438101,00990209,2300223,13,85.21,2014,75203,Государственное бюджетное учреждение субъекта Российской Федерации,ГБУ,2014,ИСПОЛНЯЮЩИЙ ОБЯЗАННОСТИ ДИРЕКТОРА,Волнов Игорь Васильевич,0,головная организация
Бобровский,"ГБПОУ ВО ""ХШН""","ГОСУДАРСТВЕННОЕ БЮДЖЕТНОЕ ПРОФЕССИОНАЛЬНОЕ ОБРАЗОВАТЕЛЬНОЕ УЧРЕЖДЕНИЕ ВОРОНЕЖСКОЙ ОБЛАСТИ ""ХРЕНОВСКАЯ ШКОЛА НАЕЗДНИКОВ""",профессиональная образовательная организация,3602001790,"397740, ВОРОНЕЖСКАЯ ОБЛАСТЬ, М.Р-Н БОБРОВСКИЙ, С.П. СЛОБОДСКОЕ, С СЛОБОДА, УЛ ЦЕНТРАЛЬНАЯ УСАДЬБА КОННОГО ЗАВОДА, Д. 15","51.1355905, 40.2935671",действующая,08-05-2025,14-02-2001,360201001,1023600530788,31-10-2002,20204838001,20604438101,02508694,2300223,13,85.21,2014,75203,Государственное бюджетное учреждение субъекта Российской Федерации,ГБУ,2014,ДИРЕКТОР,Сушкова Юлия Сергеевна,0,головная организация
Бобровский,"КОУ ВО ""БОБРОВСКАЯ ШИ""","КАЗЕННОЕ ОБЩЕОБРАЗОВАТЕЛЬНОЕ УЧРЕЖДЕНИЕ ВОРОНЕЖСКОЙ ОБЛАСТИ ""БОБРОВСКАЯ ШКОЛА-ИНТЕРНАТ ДЛЯ ОБУЧАЮЩИХСЯ С ОГРАНИЧЕННЫМИ ВОЗМОЖНОСТЯМИ ЗДОРОВЬЯ""",интернат,3602002240,"397702, ВОРОНЕЖСКАЯ ОБЛАСТЬ, Р-Н БОБРОВСКИЙ, Г. БОБРОВ, УЛ. КОМСОМОЛЬСКАЯ, Д.2","51.10351, 40.0362455",действующая,08-02-2025,30-01-2002,360201001,1023600532603,19-12-2002,20204501000,20604101001,02082953,2300223,13,85.14,2014,75204,Государственное казенное учреждение субъекта Российской Федерации,ГКУ,2014,ДИРЕКТОР,Маликова Ирина Васильевна,0,головная организация
Бобровский,"КОУ ВО ""БОБРОВСКАЯ ШКОЛА-ИНТЕРНАТ № 1 ДЛЯ ОБУЧАЮЩИХСЯ С ОВЗ ИМ. И.Я. ПИЧУГИНА""","КАЗЕННОЕ ОБЩЕОБРАЗОВАТЕЛЬНОЕ УЧРЕЖДЕНИЕ ВОРОНЕЖСКОЙ ОБЛАСТИ ""БОБРОВСКАЯ ШКОЛА-ИНТЕРНАТ № 1 ДЛЯ ОБУЧАЮЩИХСЯ С ОГРАНИЧЕННЫМИ ВОЗМОЖНОСТЯМИ ЗДОРОВЬЯ ИМЕНИ ГЕРОЯ СОВЕТСКОГО СОЮЗА ПИЧУГИНА ИВАНА ЯКОВЛЕВИЧА""",интернат,3602003685,"397700, ВОРОНЕЖСКАЯ ОБЛАСТЬ, Р-Н БОБРОВСКИЙ, Г. БОБРОВ, УЛ. ИМ.КИРОВА, Д. 32","51.09503, 40.047434",действующая,09-09-2025,11-06-1994,360201001,1023600531316,19-11-2002,20204501000,20604101001,05208248,2300223,13,85.13,2014,75204,Государственное казенное учреждение субъекта Российской Федерации,ГКУ,2014,ДИРЕКТОР,Брызгалина Валентина Викторовна,0,головная организация
Бобровский,"МБДОУ ""БОБРОВСКИЙ ДЕТСКИЙ САД №3 ""СОЛНЫШКО""","МУНИЦИПАЛЬНОЕ БЮДЖЕТНОЕ ДОШКОЛЬНОЕ ОБРАЗОВАТЕЛЬНОЕ УЧРЕЖДЕНИЕ ""БОБРОВСКИЙ ДЕТСКИЙ САД №3 ""СОЛНЫШКО""",дошкольное образование,3602012383,"397705, ВОРОНЕЖСКАЯ ОБЛАСТЬ, М.Р-Н БОБРОВСКИЙ, Г.П. ГОРОД БОБРОВ, Г БОБРОВ, ПЕР ЭНЕРГЕТИКОВ, Д. 13/4","51.0664987, 39.9893536",действующая,04-04-2025,06-08-2014,360201001,1143668038018,06-08-2014,20204501000,20604101001,31260195,4210007,14,85.11,2014,75403,Муниципальное бюджетное учреждение,МБУ,2014,ЗАВЕДУЮЩИЙ,Бидниченко Вера Николаевна,0,головная организация
Бобровский,"МБДОУ ""БОБРОВСКИЙ ДЕТСКИЙ САД №5 ""СКАЗКА""","МУНИЦИПАЛЬНОЕ БЮДЖЕТНОЕ ДОШКОЛЬНОЕ ОБРАЗОВАТЕЛЬНОЕ УЧРЕЖДЕНИЕ ""БОБРОВСКИЙ ДЕТСКИЙ САД №5 ""СКАЗКА""",дошкольное образование,3602008059,"397700, ВОРОНЕЖСКАЯ ОБЛАСТЬ, Р-Н БОБРОВСКИЙ, Г. БОБРОВ, УЛ. КРАСНОФЛОТСКАЯ, Д. 71","51.0989403, 40.0481751",действующая,02-02-2025,12-10-2004,360201001,1043684503763,12-10-2004,20204501000,20604101001,74339719,4210007,14,85.11,2014,75403,Муниципальное бюджетное учреждение,МБУ,2014,ЗАВЕДУЮЩИЙ,Чистякова Наталья Викторовна,0,головная организация
Бобровский,"МБДОУ ""СЛОБОДСКОЙ ДЕТСКИЙ САД ""ПРЯНИЧНЫЙ ДОМИК""","МУНИЦИПАЛЬНОЕ БЮДЖЕТНОЕ ДОШКОЛЬНОЕ ОБРАЗОВАТЕЛЬНОЕ УЧРЕЖДЕНИЕ ""СЛОБОДСКОЙ ДЕТСКИЙ САД ""ПРЯНИЧНЫЙ ДОМИК""",дошкольное образование,3602012457,"397740, ВОРОНЕЖСКАЯ ОБЛАСТЬ, Р-Н БОБРОВСКИЙ, С СЛОБОДА, УЛ РУБЕЖНАЯ, Д. 12","51.1357204, 40.3000156",действующая,08-05-2025,09-10-2014,360201001,1143668050723,09-10-2014,20204838001,20604438101,10633284,4210007,14,85.11,2014,75403,Муниципальное бюджетное учреждение,МБУ,2014,ЗАВЕДУЮЩИЙ,Митрофанова Людмила Васильевна,0,головная организация
Бобровский,МБОУ БОБРОВСКАЯ СОШ №1,МУНИЦИПАЛЬНОЕ БЮДЖЕТНОЕ ОБЩЕОБРАЗОВАТЕЛЬНОЕ УЧРЕЖДЕНИЕ БОБРОВСКАЯ СРЕДНЯЯ ОБЩЕОБРАЗОВАТЕЛЬНАЯ ШКОЛА №1,общеобразовательная организация,3602002709,"397706, ВОРОНЕЖСКАЯ ОБЛАСТЬ, Р-Н БОБРОВСКИЙ, Г. БОБРОВ, УЛ. ИМ.ЗОИ КОСМОДЕМЬЯНСКОЙ, Д. 150","51.0934271, 40.0252348",действующая,13-02-2025,08-11-2001,360201001,1023600531294,19-11-2002,20204501000,20604101001,41198741,4210007,14,85.14,2014,75403,Муниципальное бюджетное учреждение,МБУ,2014,директор,Кравченко Любовь Викторовна,0,головная организация
Бобровский,МБОУ БОБРОВСКАЯ СОШ №2,МУНИЦИПАЛЬНОЕ БЮДЖЕТНОЕ ОБЩЕОБРАЗОВАТЕЛЬНОЕ УЧРЕЖДЕНИЕ БОБРОВСКАЯ СРЕДНЯЯ ОБЩЕОБРАЗОВАТЕЛЬНАЯ ШКОЛА №2,общеобразовательная организация,3602006679,"397700, ВОРОНЕЖСКАЯ ОБЛАСТЬ, Р-Н БОБРОВСКИЙ, Г. БОБРОВ, УЛ. КРАСНАЯ ПЕЧАТЬ, Д. 22 А","51.0932427, 40.04526",действующая,05-02-2025,20-02-2002,360201001,1023600531382,19-11-2002,20204501000,20604101001,49757878,4210007,14,85.14,2014,75403,Муниципальное бюджетное учреждение,МБУ,2014,ДИРЕКТОР,Аникина Ольга Викторовна,0,головная организация
Бобровский,"МБОУ БОБРОВСКИЙ ОБРАЗОВАТЕЛЬНЫЙ ЦЕНТР ""ЛИДЕР"" ИМЕНИ А.В. ГОРДЕЕВА","МУНИЦИПАЛЬНОЕ БЮДЖЕТНОЕ ОБЩЕОБРАЗОВАТЕЛЬНОЕ УЧРЕЖДЕНИЕ БОБРОВСКИЙ ОБРАЗОВАТЕЛЬНЫЙ ЦЕНТР ""ЛИДЕР"" ИМЕНИ А.В. ГОРДЕЕВА",общеобразовательная организация,3602006206,"397702, ВОРОНЕЖСКАЯ ОБЛАСТЬ, Р-Н БОБРОВСКИЙ, Г. БОБРОВ, УЛ. ПОЛЕВАЯ, Д. 2А","51.1092936, 40.0243471",действующая,05-09-2025,13-11-2001,360201001,1023600531052,13-11-2002,20204501000,20604101001,42614348,4210007,14,85.14,2014,75403,Муниципальное бюджетное учреждение,МБУ,2014,ДИРЕКТОР,Меркушева Анна Владиславовна,0,головная организация
Бобровский,МБОУ КОРШЕВСКАЯ СОШ,МУНИЦИПАЛЬНОЕ БЮДЖЕТНОЕ ОБЩЕОБРАЗОВАТЕЛЬНОЕ УЧРЕЖДЕНИЕ КОРШЕВСКАЯ СРЕДНЯЯ ОБЩЕОБРАЗОВАТЕЛЬНАЯ ШКОЛА,общеобразовательная организация,3602004696,"397731, ВОРОНЕЖСКАЯ ОБЛАСТЬ, Р-Н БОБРОВСКИЙ, С. КОРШЕВО, УЛ. СОВЕТСКАЯ, Д.142, К.А","51.1877518, 40.1204867",действующая,18-02-2026,05-11-2001,360201001,1023600531283,19-11-2002,20204816001,20604416101,42614228,4210007,14,85.14,2014,75403,Муниципальное бюджетное учреждение,МБУ,2014,ДИРЕКТОР,Буйлова Ирина Васильевна,0,головная организация
Бобровский,МБОУ ХРЕНОВСКАЯ СОШ №1,МУНИЦИПАЛЬНОЕ БЮДЖЕТНОЕ ОБЩЕОБРАЗОВАТЕЛЬНОЕ УЧРЕЖДЕНИЕ ХРЕНОВСКАЯ СРЕДНЯЯ ОБЩЕОБРАЗОВАТЕЛЬНАЯ ШКОЛА №1,общеобразовательная организация,3602006171,"397740, ВОРОНЕЖСКАЯ ОБЛАСТЬ, Р-Н БОБРОВСКИЙ, С СЛОБОДА, УЛ БОЛЬШАЯ, Д. 1А","51.1302065, 40.2879179",действующая,05-08-2025,19-10-2001,360201001,1023600531459,21-11-2002,20204838001,20604438101,47803309,4210007,14,85.14,2014,75403,Муниципальное бюджетное учреждение,МБУ,2014,ДИРЕКТОР,Кадейкина Ольга Петровна,0,головная организация
Бобровский,МБОУ ШИШОВСКАЯ СОШ,МУНИЦИПАЛЬНОЕ БЮДЖЕТНОЕ ОБЩЕОБРАЗОВАТЕЛЬНОЕ УЧРЕЖДЕНИЕ ШИШОВСКАЯ СРЕДНЯЯ ОБЩЕОБРАЗОВАТЕЛЬНАЯ ШКОЛА,общеобразовательная организация,3602004713,"397732, ВОРОНЕЖСКАЯ ОБЛАСТЬ, Р-Н БОБРОВСКИЙ, С. ШИШОВКА, УЛ. ГАГАРИНА, Д.2","51.2422723, 40.1876467",действующая,31-07-2025,08-11-2001,360201001,1023600531217,19-11-2002,20204860001,20604460101,42614377,4210007,14,85.14,2014,75403,Муниципальное бюджетное учреждение,МБУ,2014,ДИРЕКТОР,Ковалев Александр Николаевич,0,головная организация
Бобровский,МБОУ ЯСЕНКОВСКАЯ СОШ,МУНИЦИПАЛЬНОЕ БЮДЖЕТНОЕ ОБЩЕОБРАЗОВАТЕЛЬНОЕ УЧРЕЖДЕНИЕ ЯСЕНКОВСКАЯ СРЕДНЯЯ ОБЩЕОБРАЗОВАТЕЛЬНАЯ ШКОЛА,общеобразовательная организация,3602004657,"397721, ВОРОНЕЖСКАЯ ОБЛАСТЬ, Р-Н БОБРОВСКИЙ, П. ЯСЕНКИ, МКР ЮБИЛЕЙНЫЙ, Д. 1 А","51.04677, 39.981856",действующая,14-11-2025,16-11-2001,360201001,1023600530436,11-10-2002,20204868001,20604468101,42614354,4210007,14,85.14,2014,75403,Муниципальное бюджетное учреждение,МБУ,2014,ДИРЕКТОР,Дегтярева Людмила Ивановна,0,головная организация
Бобровский,"МБУ ДО БОБРОВСКИЙ ДЮЦ ""РАДУГА""","МУНИЦИПАЛЬНОЕ БЮДЖЕТНОЕ УЧРЕЖДЕНИЕ ДОПОЛНИТЕЛЬНОГО ОБРАЗОВАНИЯ БОБРОВСКИЙ ДЕТСКО-ЮНОШЕСКИЙ ЦЕНТР ""РАДУГА""",организация доп. образования,3602004223,"397700, ВОРОНЕЖСКАЯ ОБЛАСТЬ, Р-Н БОБРОВСКИЙ, Г. БОБРОВ, УЛ. АВДЕЕВА, Д. 7, ПОМЕЩ. 7","51.0970022, 40.0339997",действующая,10-02-2025,26-01-2001,360201001,1023600531679,24-11-2002,20204501000,20604101001,42614331,4210007,14,85.41,2014,75403,Муниципальное бюджетное учреждение,МБУ,2014,ДИРЕКТОР,Рыбакова Наталия Юрьевна,0,головная организация
Бобровский,"МКДОУ ""ЦППМСП БОБРОВСКОГО МУНИЦИПАЛЬНОГО РАЙОНА - ДЕТСКИЙ САД №1""","МУНИЦИПАЛЬНОЕ КАЗЕННОЕ ДОШКОЛЬНОЕ ОБРАЗОВАТЕЛЬНОЕ УЧРЕЖДЕНИЕ ""ЦЕНТР ПСИХОЛОГО-ПЕДАГОГИЧЕСКОЙ, МЕДИЦИНСКОЙ, СОЦИАЛЬНОЙ ПОМОЩИ БОБРОВСКОГО МУНИЦИПАЛЬНОГО РАЙОНА - ДЕТСКИЙ САД №1""",дошкольное образование,3602003950,"397700, ВОРОНЕЖСКАЯ ОБЛАСТЬ, Р-Н БОБРОВСКИЙ, Г. БОБРОВ, УЛ. 3 ИНТЕРНАЦИОНАЛА, Д.28","51.099644, 40.0421059",действующая,12-01-2026,13-11-2001,360201001,1023600530623,28-10-2002,20204501000,20604101001,42611462,4210007,14,85.11,2014,75404,Муниципальное казенное учреждение,МКУ,2014,ЗАВЕДУЮЩИЙ,Буравцова Татьяна Николаевна,0,головная организация
Бобровский,МКДОУ БОБРОВСКИЙ Д/С №7 О.В.,МУНИЦИПАЛЬНОЕ КАЗЕННОЕ ДОШКОЛЬНОЕ ОБРАЗОВАТЕЛЬНОЕ УЧРЕЖДЕНИЕ БОБРОВСКИЙ ДЕТСКИЙ САД №7 ОБЩЕРАЗВИВАЮЩЕГО ВИДА,дошкольное образование,3602009398,"397705, ВОРОНЕЖСКАЯ ОБЛАСТЬ, Р-Н БОБРОВСКИЙ, Г. БОБРОВ, УЛ. ГОГОЛЯ, Д. 39","51.0654963, 39.9826445",ликвидируется,17-09-2025,16-10-2007,360201001,1073652001059,16-10-2007,20204501000,20604101001,83625559,4210007,14,85.11,2014,75404,Муниципальное казенное учреждение,МКУ,2014,ПРЕДСЕДАТЕЛЬ ЛИКВИДАЦИОННОЙ КОМИССИИ,Стеганцева Ольга Николаевна,0,головная организация
Бобровский,МКДОУ БОБРОВСКИЙ ДЕТСКИЙ САД №2 ОБЩЕРАЗВИВАЮЩЕГО ВИДА,МУНИЦИПАЛЬНОЕ КАЗЕННОЕ ДОШКОЛЬНОЕ ОБРАЗОВАТЕЛЬНОЕ УЧРЕЖДЕНИЕ БОБРОВСКИЙ ДЕТСКИЙ САД №2 ОБЩЕРАЗВИВАЮЩЕГО ВИДА,дошкольное образование,3602004664,"397700, ВОРОНЕЖСКАЯ ОБЛАСТЬ, Р-Н БОБРОВСКИЙ, Г. БОБРОВ, УЛ. АВДЕЕВА, Д. 54","51.0947594, 40.0386212",действующая,09-02-2025,20-11-2001,360201001,1023600531822,27-11-2002,20204501000,20604101001,42611479,4210007,14,85.11,2014,75404,Муниципальное казенное учреждение,МКУ,2014,ЗАВЕДУЮЩИЙ,Рощупкина Светлана Викторовна,0,головная организация
Бобровский,МКДОУ БОБРОВСКИЙ ДЕТСКИЙ САД №4 ОБЩЕРАЗВИВАЮЩЕГО ВИДА,МУНИЦИПАЛЬНОЕ КАЗЕННОЕ ДОШКОЛЬНОЕ ОБРАЗОВАТЕЛЬНОЕ УЧРЕЖДЕНИЕ БОБРОВСКИЙ ДЕТСКИЙ САД №4 ОБЩЕРАЗВИВАЮЩЕГО ВИДА,дошкольное образование,3602008299,"397706, ВОРОНЕЖСКАЯ ОБЛАСТЬ, М.Р-Н БОБРОВСКИЙ, Г.П. ГОРОД БОБРОВ, Г БОБРОВ, УЛ 22 ЯНВАРЯ, ЗД. 78А","51.099837, 40.0215412",действующая,10-02-2025,24-02-2005,360201001,1053684509207,24-02-2005,20204501000,20604101001,42614236,4210007,14,85.11,2014,75404,Муниципальное казенное учреждение,МКУ,2014,ЗАВЕДУЮЩИЙ,Болгова Кристина Олеговна,0,головная организация
Бобровский,МКОУ АННОВСКАЯ ООШ,МУНИЦИПАЛЬНОЕ КАЗЕННОЕ ОБЩЕОБРАЗОВАТЕЛЬНОЕ УЧРЕЖДЕНИЕ АННОВСКАЯ ОСНОВНАЯ ОБЩЕОБРАЗОВАТЕЛЬНАЯ ШКОЛА,общеобразовательная организация,3602001649,"397718, ВОРОНЕЖСКАЯ ОБЛАСТЬ, Р-Н БОБРОВСКИЙ, С. АННОВКА, УЛ. СОВЕТСКАЯ, Д.95, К.А","50.9870245, 40.3085548",действующая,01-08-2025,16-11-2001,360201001,1023600531503,21-11-2002,20204808001,20604408101,42611440,4210007,14,85.13,2014,75404,Муниципальное казенное учреждение,МКУ,2014,ДИРЕКТОР,Гладышева Татьяна Владимировна,0,головная организация
Бобровский,МКОУ ВЕРХНЕИКОРЕЦКАЯ СОШ,МУНИЦИПАЛЬНОЕ КАЗЕННОЕ ОБЩЕОБРАЗОВАТЕЛЬНОЕ УЧРЕЖДЕНИЕ ВЕРХНЕИКОРЕЦКАЯ СРЕДНЯЯ ОБЩЕОБРАЗОВАТЕЛЬНАЯ ШКОЛА,общеобразовательная организация,3602006710,"397737, ВОРОНЕЖСКАЯ ОБЛАСТЬ, Р-Н БОБРОВСКИЙ, С ВЕРХНИЙ ИКОРЕЦ, УЛ ЦЕНТРАЛЬНАЯ, Д. 8Б","51.18077, 39.7996681",действующая,06-02-2025,16-11-2001,360201001,1023600531844,27-11-2002,20204812001,20604412101,42614207,4210007,14,85.14,2014,75404,Муниципальное казенное учреждение,МКУ,2014,ДИРЕКТОР,Мухин Олег Владимирович,0,головная организация
Бобровский,МКОУ ЛИПОВСКАЯ СОШ,МУНИЦИПАЛЬНОЕ КАЗЕННОЕ ОБЩЕОБРАЗОВАТЕЛЬНОЕ УЧРЕЖДЕНИЕ ЛИПОВСКАЯ СРЕДНЯЯ ОБЩЕОБРАЗОВАТЕЛЬНАЯ ШКОЛА,общеобразовательная организация,3602006213,"397724, ВОРОНЕЖСКАЯ ОБЛАСТЬ, Р-Н БОБРОВСКИЙ, С. ЛИПОВКА, ПЛ. ПОБЕДЫ, Д.2","50.8611479, 40.0244862",действующая,07-10-2025,19-11-2001,360201001,1023600531492,21-11-2002,20204820001,20604420101,47803284,4210007,14,85.14,2014,75404,Муниципальное казенное учреждение,МКУ,2014,ДИРЕКТОР,Баранова Ирина Викторовна,0,головная организация
Бобровский,МКОУ МЕЧЁТСКАЯ СОШ,МУНИЦИПАЛЬНОЕ КАЗЕННОЕ ОБЩЕОБРАЗОВАТЕЛЬНОЕ УЧРЕЖДЕНИЕ МЕЧЁТСКАЯ СРЕДНЯЯ ОБЩЕОБРАЗОВАТЕЛЬНАЯ ШКОЛА,общеобразовательная организация,3602004632,"397715, ВОРОНЕЖСКАЯ ОБЛАСТЬ, Р-Н БОБРОВСКИЙ, С. МЕЧЕТКА, УЛ. ЛЕНИНСКАЯ, Д. 79","50.9159194, 40.0792343",действующая,29-07-2025,05-11-2001,360201001,1023600531536,21-11-2002,20204824001,20604424101,42614259,4210007,14,85.14,2014,75404,Муниципальное казенное учреждение,МКУ,2014,ДИРЕКТОР,Шатилов Сергей Юрьевич,0,головная организация
Бобровский,МКОУ НИКОЛЬСКАЯ СОШ,МУНИЦИПАЛЬНОЕ КАЗЕННОЕ ОБЩЕОБРАЗОВАТЕЛЬНОЕ УЧРЕЖДЕНИЕ НИКОЛЬСКАЯ СРЕДНЯЯ ОБЩЕОБРАЗОВАТЕЛЬНАЯ ШКОЛА,общеобразовательная организация,3602004745,"397752, ВОРОНЕЖСКАЯ ОБЛАСТЬ, Р-Н БОБРОВСКИЙ, С. НИКОЛЬСКОЕ 2-Е, УЛ. ШКОЛЬНАЯ, Д.1, К.А","51.1203067, 39.8199992",действующая,03-02-2025,16-11-2001,360201001,1023600531481,21-11-2002,20204826001,20604426101,42614271,4210007,14,85.14,2014,75404,Муниципальное казенное учреждение,МКУ,2014,ДИРЕКТОР,Вышлова Ольга Ивановна,0,головная организация
Бобровский,МКОУ ОКТЯБРЬСКАЯ СОШ,МУНИЦИПАЛЬНОЕ КАЗЕННОЕ ОБЩЕОБРАЗОВАТЕЛЬНОЕ УЧРЕЖДЕНИЕ ОКТЯБРЬСКАЯ СРЕДНЯЯ ОБЩЕОБРАЗОВАТЕЛЬНАЯ ШКОЛА,общеобразовательная организация,3602004449,"397716, ВОРОНЕЖСКАЯ ОБЛАСТЬ, Р-Н БОБРОВСКИЙ, П. КРАСНЫЙ, УЛ. ЦЕНТРАЛЬНАЯ, Д.103","50.9014069, 40.2180512",действующая,29-07-2025,05-10-2001,360201001,1023600531350,19-11-2002,20204828001,20604428101,41198830,4210007,14,85.14,2014,75404,Муниципальное казенное учреждение,МКУ,2014,ДИРЕКТОР,Скворцова Людмила Алексеевна,0,головная организация
Бобровский,МКОУ ПЕСКОВАТСКАЯ ООШ,МУНИЦИПАЛЬНОЕ КАЗЕННОЕ ОБЩЕОБРАЗОВАТЕЛЬНОЕ УЧРЕЖДЕНИЕ ПЕСКОВАТСКАЯ ОСНОВНАЯ ОБЩЕОБРАЗОВАТЕЛЬНАЯ ШКОЛА,общеобразовательная организация,3602004706,"397735, ВОРОНЕЖСКАЯ ОБЛАСТЬ, Р-Н БОБРОВСКИЙ, С ПЕСКОВАТКА, УЛ ЦЕНТРАЛЬНАЯ, ЗД. 40","51.2564885, 39.9478131",действующая,02-02-2025,29-04-2002,360201001,1023600531460,21-11-2002,20204864006,20604464126,42614294,4210007,14,85.13,2014,75404,Муниципальное казенное учреждение,МКУ,2014,Директор,Гусева Светлана Ивановна,0,головная организация
Бобровский,МКОУ ПЧЕЛИНОВСКАЯ СОШ,МУНИЦИПАЛЬНОЕ КАЗЕННОЕ ОБЩЕОБРАЗОВАТЕЛЬНОЕ УЧРЕЖДЕНИЕ ПЧЕЛИНОВСКАЯ СРЕДНЯЯ ОБЩЕОБРАЗОВАТЕЛЬНАЯ ШКОЛА,общеобразовательная организация,3602006189,"397723, ВОРОНЕЖСКАЯ ОБЛАСТЬ, Р-Н БОБРОВСКИЙ, С. ПЧЕЛИНОВКА, УЛ. ШКОЛЬНАЯ, Д.1","50.9418047, 40.0007284",действующая,09-02-2025,08-11-2001,360201001,1023600532020,06-12-2002,20204832001,20604432101,47803315,4210007,14,85.14,2014,75404,Муниципальное казенное учреждение,МКУ,2014,ДИРЕКТОР,Курапова Светлана Владимировна,0,головная организация
Бобровский,МКОУ СЕМЕНО-АЛЕКСАНДРОВСКАЯ СОШ,МУНИЦИПАЛЬНОЕ КАЗЕННОЕ ОБЩЕОБРАЗОВАТЕЛЬНОЕ УЧРЕЖДЕНИЕ СЕМЕНО-АЛЕКСАНДРОВСКАЯ СРЕДНЯЯ ОБЩЕОБРАЗОВАТЕЛЬНАЯ ШКОЛА,общеобразовательная организация,3602002674,"397713, ВОРОНЕЖСКАЯ ОБЛАСТЬ, Р-Н БОБРОВСКИЙ, С СЕМЁНО-АЛЕКСАНДРОВКА, УЛ ПРОСПЕКТ РЕВОЛЮЦИИ, Д. 2, К. А","51.045246, 40.199869",действующая,08-10-2025,13-11-2001,360201001,1023600531228,19-11-2002,20204836001,20604436101,42614319,4210007,14,85.14,2014,75404,Муниципальное казенное учреждение,МКУ,2014,ДИРЕКТОР,Голубев Александр Анатольевич,0,головная организация
Бобровский,МКОУ СУХО-БЕРЕЗОВСКАЯ СОШ,МУНИЦИПАЛЬНОЕ КАЗЕННОЕ ОБЩЕОБРАЗОВАТЕЛЬНОЕ УЧРЕЖДЕНИЕ СУХО-БЕРЕЗОВСКАЯ СРЕДНЯЯ ОБЩЕОБРАЗОВАТЕЛЬНАЯ ШКОЛА,общеобразовательная организация,3602006220,"397730, ВОРОНЕЖСКАЯ ОБЛАСТЬ, М.Р-Н БОБРОВСКИЙ, С.П. СУХО-БЕРЁЗОВСКОЕ, С СУХАЯ БЕРЁЗОВКА, УЛ КАРЛА МАРКСА, Д. 6А","51.1786758, 39.9945264",действующая,12-02-2025,01-02-2002,360201001,1023600531470,21-11-2002,20204840001,20604440101,49744692,4210007,14,85.14,2014,75404,Муниципальное казенное учреждение,МКУ,2014,ДИРЕКТОР,Самохина Светлана Дмитриевна,0,головная организация
Бобровский,МКОУ ХРЕНОВСКАЯ СОШ №2 ИМ. ЛЕВАКОВА,МУНИЦИПАЛЬНОЕ КАЗЕННОЕ ОБЩЕОБРАЗОВАТЕЛЬНОЕ УЧРЕЖДЕНИЕ ХРЕНОВСКАЯ СРЕДНЯЯ ОБЩЕОБРАЗОВАТЕЛЬНАЯ ШКОЛА №2 ИМ. ЛЕВАКОВА,общеобразовательная организация,3602004671,"397740, ВОРОНЕЖСКАЯ ОБЛАСТЬ, Р-Н БОБРОВСКИЙ, С ХРЕНОВОЕ, УЛ САХАРНОГО ЗАВОДА, ЗД. 9","51.1131198, 40.262652",действующая,23-01-2026,21-11-2001,360201001,1023600530535,21-10-2002,20204848001,20604448101,42614383,4210007,14,85.14,2014,75404,Муниципальное казенное учреждение,МКУ,2014,ДИРЕКТОР,Мирошниченко Елена Сергеевна,0,головная организация
Бобровский,МКОУ ЧЕСМЕНСКАЯ СОШ,МУНИЦИПАЛЬНОЕ КАЗЕННОЕ ОБЩЕОБРАЗОВАТЕЛЬНОЕ УЧРЕЖДЕНИЕ ЧЕСМЕНСКАЯ СРЕДНЯЯ ОБЩЕОБРАЗОВАТЕЛЬНАЯ ШКОЛА,общеобразовательная организация,3602006196,"397733, ВОРОНЕЖСКАЯ ОБЛАСТЬ, Р-Н БОБРОВСКИЙ, С. ЧЕСМЕНКА, УЛ. СОВЕТСКАЯ, Д.66","51.2901034, 40.1676448",действующая,05-12-2025,05-11-2001,360201001,1023600530370,04-10-2002,20204852001,20604452101,47803290,4210007,14,85.14,2014,75404,Муниципальное казенное учреждение,МКУ,2014,ДИРЕКТОР,Кулешова Анна Александровна,0,головная организация
Бобровский,МКОУ ШЕСТАКОВСКАЯ СОШ,МУНИЦИПАЛЬНОЕ КАЗЕННОЕ ОБЩЕОБРАЗОВАТЕЛЬНОЕ УЧРЕЖДЕНИЕ ШЕСТАКОВСКАЯ СРЕДНЯЯ ОБЩЕОБРАЗОВАТЕЛЬНАЯ ШКОЛА,общеобразовательная организация,3602002410,"397725, ВОРОНЕЖСКАЯ ОБЛАСТЬ, Р-Н БОБРОВСКИЙ, С ШЕСТАКОВО, УЛ СОВЕТСКАЯ, Д. 46","50.796564, 40.051361",действующая,08-05-2025,08-11-2001,360201001,1023600531118,13-11-2002,20204856001,20604456101,42614325,4210007,14,85.14,2014,75404,Муниципальное казенное учреждение,МКУ,2014,ДИРЕКТОР,Саввина Ирина Владимировна,0,головная организация
Бобровский,МКОУ ЮДАНОВСКАЯ СОШ,МУНИЦИПАЛЬНОЕ КАЗЕННОЕ ОБЩЕОБРАЗОВАТЕЛЬНОЕ УЧРЕЖДЕНИЕ ЮДАНОВСКАЯ СРЕДНЯЯ ОБЩЕОБРАЗОВАТЕЛЬНАЯ ШКОЛА,общеобразовательная организация,3602002681,"397736, ВОРОНЕЖСКАЯ ОБЛАСТЬ, Р-Н БОБРОВСКИЙ, С. ЮДАНОВКА, УЛ. СОВЕТСКАЯ, Д.11, ""Б""","51.2704578, 39.83331",действующая,11-02-2025,18-10-2001,360201001,1023600531393,19-11-2002,20204864001,20604464101,42614360,4210007,14,85.14,2014,75404,Муниципальное казенное учреждение,МКУ,2014,ДИРЕКТОР,Спесивцева Наталья Николаевна,0,головная организация
Бобровский,"МКУ ДО ""БОБРОВСКАЯ ДШИ""","МУНИЦИПАЛЬНОЕ КАЗЕННОЕ УЧРЕЖДЕНИЕ ДОПОЛНИТЕЛЬНОГО ОБРАЗОВАНИЯ ""БОБРОВСКАЯ ДЕТСКАЯ ШКОЛА ИСКУССТВ""",организация доп. образования,3602004777,"397700, ВОРОНЕЖСКАЯ ОБЛАСТЬ, Р-Н БОБРОВСКИЙ, Г. БОБРОВ, УЛ. ИМ.КИРОВА, Д. 35","51.098212, 40.038337",действующая,10-02-2025,07-06-2002,360201001,1023600530062,28-08-2002,20204501000,20604101001,05186883,4210007,14,85.41,2014,75404,Муниципальное казенное учреждение,МКУ,2014,ДИРЕКТОР,Трезинский Владимир Викторович,0,головная организация
Бобровский,"МКУ ДО ""СЛОБОДСКАЯ ДШИ ИМ. А.Г. ЯКОВЛЕВА""","МУНИЦИПАЛЬНОЕ КАЗЕННОЕ УЧРЕЖДЕНИЕ ДОПОЛНИТЕЛЬНОГО ОБРАЗОВАНИЯ ""СЛОБОДСКАЯ ДЕТСКАЯ ШКОЛА ИСКУССТВ ИМЕНИ АЛЕКСАНДРА ГРИГОРЬЕВИЧА ЯКОВЛЕВА""",организация доп. образования,3602007320,"397740, ВОРОНЕЖСКАЯ ОБЛАСТЬ, Р-Н БОБРОВСКИЙ, С СЛОБОДА, УЛ РУБЕЖНАЯ, Д. 8","51.1355511, 40.2888789",действующая,08-05-2025,04-02-2002,360201001,1023600530326,02-10-2002,20204838001,20604438101,05329696,4210007,14,85.41,2014,75404,Муниципальное казенное учреждение,МКУ,2014,ДИРЕКТОР,Самороковская Светлана Валентиновна,0,головная организация
Бобровский,"МКУ ДО БОБРОВСКАЯ СШ ""ЛЕДОВЫЙ ДВОРЕЦ ИМЕНИ ВЯЧЕСЛАВА ФЕТИСОВА""","МУНИЦИПАЛЬНОЕ КАЗЕННОЕ УЧРЕЖДЕНИЕ ДОПОЛНИТЕЛЬНОГО ОБРАЗОВАНИЯ БОБРОВСКАЯ СПОРТИВНАЯ ШКОЛА ""ЛЕДОВЫЙ ДВОРЕЦ ИМЕНИ ВЯЧЕСЛАВА ФЕТИСОВА""",организация доп. образования,3602011260,"397702, ВОРОНЕЖСКАЯ ОБЛАСТЬ, Р-Н БОБРОВСКИЙ, Г. БОБРОВ, УЛ. 22 ЯНВАРЯ, Д.2/2","51.1065636, 40.0065848",действующая,28-04-2025,11-03-2010,360201001,1103652000187,11-03-2010,20204501000,20604101001,65632975,4210007,14,85.41,2014,75404,Муниципальное казенное учреждение,МКУ,2014,ДИРЕКТОР,Уразанов Владимир Валерьевич,0,головная организация
Бобровский,МКУ ДО БОБРОВСКАЯ СШ ИМ. В.Л. ПАТКИНА,МУНИЦИПАЛЬНОЕ КАЗЕННОЕ УЧРЕЖДЕНИЕ ДОПОЛНИТЕЛЬНОГО ОБРАЗОВАНИЯ БОБРОВСКАЯ СПОРТИВНАЯ ШКОЛА ИМЕНИ ВЛАДИМИРА ЛЕОНИДОВИЧА ПАТКИНА,организация доп. образования,3602004784,"397700, ВОРОНЕЖСКАЯ ОБЛАСТЬ, Р-Н БОБРОВСКИЙ, Г. БОБРОВ, УЛ. ПАРИЖСКОЙ КОММУНЫ, Д. 59А","51.097642, 40.0373",действующая,02-02-2025,15-01-2001,360201001,1023600531680,24-11-2002,20204501000,20604101001,45954100,4210007,14,85.41,2014,75404,Муниципальное казенное учреждение,МКУ,2014,ДИРЕКТОР,Маделин Григорий Владимирович,0,головная организация
Бобровский,МКУ ДО БОБРОВСКАЯ СЮН,МУНИЦИПАЛЬНОЕ КАЗЕННОЕ УЧРЕЖДЕНИЕ ДОПОЛНИТЕЛЬНОГО ОБРАЗОВАНИЯ БОБРОВСКАЯ СТАНЦИЯ ЮНЫХ НАТУРАЛИСТОВ,организация доп. образования,3602007680,"397700, ВОРОНЕЖСКАЯ ОБЛАСТЬ, Р-Н БОБРОВСКИЙ, Г. БОБРОВ, УЛ. АЛЕКСЕЕВСКОГО, Д.15","51.0982085, 40.046759",действующая,11-02-2026,16-05-2003,360201001,1033687000434,16-05-2003,20204501000,20604101001,14351269,4210007,14,85.41,2014,75404,Муниципальное казенное учреждение,МКУ,2014,ДИРЕКТОР,Губарева Наталья Олеговна,0,головная организация
Бобровский,"МКУК ""БОБРОВСКИЙ РАЙОННЫЙ ИСТОРИКО-КРАЕВЕДЧЕСКИЙ МУЗЕЙ""","МУНИЦИПАЛЬНОЕ КАЗЕННОЕ УЧРЕЖДЕНИЕ КУЛЬТУРЫ ""БОБРОВСКИЙ РАЙОННЫЙ ИСТОРИКО-КРАЕВЕДЧЕСКИЙ МУЗЕЙ""",организация доп. образования,3652903681,"397700, ВОРОНЕЖСКАЯ ОБЛАСТЬ, М.Р-Н БОБРОВСКИЙ, Г.П. ГОРОД БОБРОВ, Г БОБРОВ, УЛ ИМ.КИРОВА, Д. 26","51.0959625, 40.044669",действующая,06-02-2025,19-07-2024,365201001,1243600011401,19-07-2024,20204501000,20604101001,82024480,4210007,14,91.02,2014,75404,Муниципальное казенное учреждение,МКУ,2014,ДИРЕКТОР,Степанова Елена Дмитриевна,0,головная организация
Бобровский,МКУК ЦБС БМР,"МУНИЦИПАЛЬНОЕ КАЗЕННОЕ УЧРЕЖДЕНИЕ КУЛЬТУРЫ ""ЦЕНТРАЛИЗОВАННАЯ БИБЛИОТЕЧНАЯ СИСТЕМА БОБРОВСКОГО МУНИЦИПАЛЬНОГО РАЙОНА""",организация доп. образования,3602007545,"397700, ВОРОНЕЖСКАЯ ОБЛАСТЬ, Р-Н БОБРОВСКИЙ, Г. БОБРОВ, УЛ. 22 ЯНВАРЯ, Д.136, ОФИС 2","51.0972992, 40.0344162",действующая,09-02-2025,25-11-2002,360201001,1023600531734,25-11-2002,20204501000,20604101001,59566205,4210007,14,91.01,2014,75404,Муниципальное казенное учреждение,МКУ,2014,ДИРЕКТОР,Малеева Надежда Юрьевна,0,головная организация
Бобровский,МКУК ЦДНТИК БМР,"МУНИЦИПАЛЬНОЕ КАЗЕННОЕ УЧРЕЖДЕНИЕ КУЛЬТУРЫ ""ЦЕНТР ДОСУГА, НАРОДНОГО ТВОРЧЕСТВА И КРАЕВЕДЕНИЯ БОБРОВСКОГО МУНИЦИПАЛЬНОГО РАЙОНА""",организация доп. образования,3602008556,"397700, ВОРОНЕЖСКАЯ ОБЛАСТЬ, Р-Н БОБРОВСКИЙ, Г. БОБРОВ, УЛ. 22 ЯНВАРЯ, Д.136, -, -","51.0972992, 40.0344162",действующая,05-02-2025,17-01-2006,360201001,1063652000477,17-01-2006,20204501000,20604101001,79274999,4210007,14,90.04.3,2014,75404,Муниципальное казенное учреждение,МКУ,2014,ДИРЕКТОР,Ширкин Артём Валерьевич,0,головная организация
Бобровский,ОТДЕЛ ОБРАЗОВАНИЯ,ОТДЕЛ ОБРАЗОВАНИЯ АДМИНИСТРАЦИИ БОБРОВСКОГО МУНИЦИПАЛЬНОГО РАЙОНА ВОРОНЕЖСКОЙ ОБЛАСТИ,отдел,3602001783,"397700, ВОРОНЕЖСКАЯ ОБЛАСТЬ, Р-Н БОБРОВСКИЙ, Г. БОБРОВ, УЛ. ИМ.КИРОВА, Д. 32, СТР. А, ОФИС 29","51.0950469, 40.0453597",действующая,04-02-2025,20-02-2002,360201001,1023600530480,17-10-2002,20204501000,20604101001,02104637,3300100,14,84.11.3,2014,75404,Муниципальное казенное учреждение,МКУ,2014,РУКОВОДИТЕЛЬ ОТДЕЛА ОБРАЗОВАНИЯ АДМИНИСТРАЦИИ БОБРОВСКОГО МУНИЦИПАЛЬНОГО РАЙОНА,Шашкин Юрий Александрович,0,головная организация
Богучарский,"ГБПОУ ВО ""БМК ИМ. М.А. ШОЛОХОВА""","ГОСУДАРСТВЕННОЕ БЮДЖЕТНОЕ ПРОФЕССИОНАЛЬНОЕ ОБРАЗОВАТЕЛЬНОЕ УЧРЕЖДЕНИЕ ВОРОНЕЖСКОЙ ОБЛАСТИ ""БОГУЧАРСКИЙ МНОГОПРОФИЛЬНЫЙ КОЛЛЕДЖ ИМ. М.А. ШОЛОХОВА""",профессиональная образовательная организация,3603008855,"396790, ВОРОНЕЖСКАЯ ОБЛАСТЬ, Р-Н БОГУЧАРСКИЙ, Г. БОГУЧАР, УЛ. ШОЛОХОВА, Д. 4","49.933813, 40.560723",действующая,29-08-2025,07-08-2019,360301001,1193668029851,07-08-2019,20205501000,20605101001,41062042,2300223,13,85.21,2014,75203,Государственное бюджетное учреждение субъекта Российской Федерации,ГБУ,2014,ДИРЕКТОР,Пугаченко Людмила Ильинична,0,головная организация
Богучарский,"МКДОУ ""БОГУЧАРСКИЙ ДЕТСКИЙ САД КОМБИНИРОВАННОГО ВИДА ""РОДНИЧОК""","МУНИЦИПАЛЬНОЕ КАЗЕННОЕ ДОШКОЛЬНОЕ ОБРАЗОВАТЕЛЬНОЕ УЧРЕЖДЕНИЕ ""БОГУЧАРСКИЙ ДЕТСКИЙ САД КОМБИНИРОВАННОГО ВИДА ""РОДНИЧОК""",дошкольное образование,3603006456,"396790, ВОРОНЕЖСКАЯ ОБЛАСТЬ, Р-Н БОГУЧАРСКИЙ, Г. БОГУЧАР, УЛ. ДЗЕРЖИНСКОГО, Д.40, ---, --","49.933031, 40.550166",действующая,03-02-2025,22-08-2001,360301001,1023601075486,14-12-2002,20205501000,20605101001,56447061,4210007,14,85.11,2014,75404,Муниципальное казенное учреждение,МКУ,2014,ЗАВЕДУЮЩАЯ,Аусева Надежда Григорьевна,0,головная организация
Богучарский,"МКДОУ ""БОГУЧАРСКИЙ ДЕТСКИЙ САД КОМБИНИРОВАННОГО ВИДА ""ТЕРЕМОК""","МУНИЦИПАЛЬНОЕ КАЗЕННОЕ ДОШКОЛЬНОЕ ОБРАЗОВАТЕЛЬНОЕ УЧРЕЖДЕНИЕ ""БОГУЧАРСКИЙ ДЕТСКИЙ САД КОМБИНИРОВАННОГО ВИДА ""ТЕРЕМОК""",дошкольное образование,3603010068,"396790, ВОРОНЕЖСКАЯ ОБЛАСТЬ, Р-Н БОГУЧАРСКИЙ, Г. БОГУЧАР, НП. ВОЕННЫЙ ГОРОДОК, Д.50","49.9389895, 40.532899",действующая,13-02-2026,06-06-2013,360301001,1133668027195,06-06-2013,20205501000,20605101001,10613519,4210007,14,85.11,2014,75404,Муниципальное казенное учреждение,МКУ,2014,заведующий,Скорик Наталья Викторовна,0,головная организация
Богучарский,"МКДОУ ""ЦППМСП"" - ДЕТСКИЙ САД ""СКАЗКА""","МУНИЦИПАЛЬНОЕ КАЗЕННОЕ ДОШКОЛЬНОЕ ОБРАЗОВАТЕЛЬНОЕ УЧРЕЖДЕНИЕ ""ЦЕНТР ПСИХОЛО-ПЕДАГОГИЧЕСКОЙ МЕДИЦИНСКОЙ И СОЦИАЛЬНОЙ ПОМОЩИ БОГУЧАРСКОГО МУНИЦИПАЛЬНОГО РАЙОНА"" - ДЕТСКИЙ САД ""СКАЗКА""",дошкольное образование,3603004177,"396792, ВОРОНЕЖСКАЯ ОБЛАСТЬ, Р-Н БОГУЧАРСКИЙ, Г. БОГУЧАР, НП. ВОЕННЫЙ ГОРОДОК, Д.51","49.9389895, 40.532899",действующая,13-02-2026,27-11-2012,360301001,1123620000635,27-11-2012,20205501000,20605101001,10634606,4210007,14,85.11,2014,75404,Муниципальное казенное учреждение,МКУ,2014,ЗАВЕДУЮЩИЙ,Крикуха Елена Анатольевна,0,головная организация
Богучарский,"МКОУ ""БОГУЧАРСКАЯ СОШ № 2 ИМЕНИ ГЕРОЯ СОВЕТСКОГО СОЮЗА Я.М. КОТОВА""","МУНИЦИПАЛЬНОЕ КАЗЕННОЕ ОБЩЕОБРАЗОВАТЕЛЬНОЕ УЧРЕЖДЕНИЕ ""БОГУЧАРСКАЯ СРЕДНЯЯ ОБЩЕОБРАЗОВАТЕЛЬНАЯ ШКОЛА № 2 ИМЕНИ ГЕРОЯ СОВЕТСКОГО СОЮЗА КОТОВА ЯКОВА МИХАЙЛОВИЧА""",общеобразовательная организация,3603006248,"396792, ВОРОНЕЖСКАЯ ОБЛАСТЬ, Р-Н БОГУЧАРСКИЙ, Г. БОГУЧАР, НП ВОЕННЫЙ ГОРОДОК, Д. 54","49.9389895, 40.532899",действующая,06-03-2025,28-11-2000,360301001,1023601077092,24-12-2002,20205501000,20605101001,54692997,4210007,14,85.14,2014,75404,Муниципальное казенное учреждение,МКУ,2014,ДИРЕКТОР,Булах Ирина Петровна,2,головная организация
Богучарский,"МКОУ ""БОГУЧАРСКАЯ СОШ №1 ИМЕНИ ГЕРОЯ СОВЕТСКОГО СОЮЗА Д.И. БОНДАРЕВА""","МУНИЦИПАЛЬНОЕ КАЗЕННОЕ ОБЩЕОБРАЗОВАТЕЛЬНОЕ УЧРЕЖДЕНИЕ ""БОГУЧАРСКАЯ СРЕДНЯЯ ОБЩЕОБРАЗОВАТЕЛЬНАЯ ШКОЛА № 1 ИМЕНИ ГЕРОЯ СОВЕТСКОГО СОЮЗА БОНДАРЕВА ДМИТРИЯ ИВАНОВИЧА""",общеобразовательная организация,3603005886,"396790, ВОРОНЕЖСКАЯ ОБЛАСТЬ, Р-Н БОГУЧАРСКИЙ, Г. БОГУЧАР, УЛ. КАРЛА МАРКСА, Д.3, ---------, ---------","49.9346254, 40.5562642",действующая,08-02-2025,07-06-2000,360301001,1023601072109,18-11-2002,20205501000,20605101001,53143490,4210007,14,85.14,2014,75404,Муниципальное казенное учреждение,МКУ,2014,ДИРЕКТОР,Алабина Галина Юрьевна,0,головная организация
Богучарский,"МКОУ ""БОГУЧАРСКИЙ ЛИЦЕЙ""","МУНИЦИПАЛЬНОЕ КАЗЕННОЕ ОБЩЕОБРАЗОВАТЕЛЬНОЕ УЧРЕЖДЕНИЕ ""БОГУЧАРСКИЙ ЛИЦЕЙ""",общеобразовательная организация,3603006128,"396790, ВОРОНЕЖСКАЯ ОБЛАСТЬ, Р-Н БОГУЧАРСКИЙ, Г. БОГУЧАР, НП. ВОЕННЫЙ ГОРОДОК, Д.54, ----------, -------------","49.9389895, 40.532899",действующая,13-11-2025,28-06-2002,360301001,1023601076916,23-12-2002,20205501000,20605101001,53156558,4210007,14,85.13,2014,75404,Муниципальное казенное учреждение,МКУ,2014,ДИРЕКТОР,Хиценко Елена Вячеславовна,0,головная организация
Богучарский,"МКОУ ""ДАНЦЕВСКАЯ ООШ ИМЕНИ ГЕРОЯ СОВЕТСКОГО СОЮЗА И.Ф. МАСЛОВСКОГО""","МУНИЦИПАЛЬНОЕ КАЗЕННОЕ ОБЩЕОБРАЗОВАТЕЛЬНОЕ УЧРЕЖДЕНИЕ ""ДАНЦЕВСКАЯ ОСНОВНАЯ ОБЩЕОБРАЗОВАТЕЛЬНАЯ ШКОЛА ИМЕНИ ГЕРОЯ СОВЕТСКОГО СОЮЗА МАСЛОВСКОГО ИВАНА ФЁДОРОВИЧА""",общеобразовательная организация,3603005935,"396755, ВОРОНЕЖСКАЯ ОБЛАСТЬ, Р-Н БОГУЧАРСКИЙ, С ДАНЦЕВКА, УЛ 1 МАЯ, ЗД. 15, ------","49.9073907, 40.2517419",действующая,25-02-2026,07-06-2002,360301001,1023601071867,14-11-2002,20205816002,20605416106,53151420,4210007,14,85.13,2014,75404,Муниципальное казенное учреждение,МКУ,2014,ИСПОЛНЯЮЩИЙ ОБЯЗАННОСТИ ДИРЕКТОРА,Епифанова Наталья Сергеевна,0,головная организация
Богучарский,"МКОУ ""ДЬЯЧЕНКОВСКАЯ СОШ ИМЕНИ ГЕРОЯ СОВЕТСКОГО СОЮЗА Я.С. ВИНОГРАДОВА""","МУНИЦИПАЛЬНОЕ КАЗЕННОЕ ОБЩЕОБРАЗОВАТЕЛЬНОЕ УЧРЕЖДЕНИЕ ""ДЬЯЧЕНКОВСКАЯ СРЕДНЯЯ ОБЩЕОБРАЗОВАТЕЛЬНАЯ ШКОЛА ИМЕНИ ГЕРОЯ СОВЕТСКОГО СОЮЗА ВИНОГРАДОВА ЯКОВА САВЕЛЬЕВИЧА""",общеобразовательная организация,3603006079,"396770, ВОРОНЕЖСКАЯ ОБЛАСТЬ, Р-Н БОГУЧАРСКИЙ, С. ДЬЯЧЕНКОВО, УЛ. ШКОЛЬНАЯ, Д.27, -------, --------","49.9094259, 40.6032333",действующая,13-02-2026,05-09-2000,360301001,1023601071350,11-11-2002,20205804001,20605404101,53155412,4210007,14,85.14,2014,75404,Муниципальное казенное учреждение,МКУ,2014,ДИРЕКТОР,Захарова Елена Ивановна,0,головная организация
Богучарский,"МКОУ ""ЗАЛИМАНСКАЯ ООШ""","МУНИЦИПАЛЬНОЕ КАЗЕННОЕ ОБЩЕОБРАЗОВАТЕЛЬНОЕ УЧРЕЖДЕНИЕ ""ЗАЛИМАНСКАЯ ОСНОВНАЯ ОБЩЕОБРАЗОВАТЕЛЬНАЯ ШКОЛА""",общеобразовательная организация,3603004829,"396784, ВОРОНЕЖСКАЯ ОБЛАСТЬ, Р-Н БОГУЧАРСКИЙ, С ЗАЛИМАН, УЛ МАЛАХОВСКОГО, ЗД. 61А, ------","49.9461872, 40.5777362",действующая,08-05-2025,11-04-2000,360301001,1023601073088,23-11-2002,20205808001,20605408101,41202520,4210007,14,85.13,2014,75404,Муниципальное казенное учреждение,МКУ,2014,ДИРЕКТОР,Турчанинова Татьяна Дмитриевна,0,головная организация
Богучарский,"МКОУ ""КУПЯНСКАЯ ООШ""","МУНИЦИПАЛЬНОЕ КАЗЕННОЕ ОБЩЕОБРАЗОВАТЕЛЬНОЕ УЧРЕЖДЕНИЕ ""КУПЯНСКАЯ ОСНОВНАЯ ОБЩЕОБРАЗОВАТЕЛЬНАЯ ШКОЛА""",общеобразовательная организация,3603006142,"396756, ВОРОНЕЖСКАЯ ОБЛАСТЬ, Р-Н БОГУЧАРСКИЙ, С КУПЯНКА, УЛ ОКТЯБРЬСКАЯ, ЗД. 1А, ------","49.8966745, 40.5455844",действующая,07-12-2025,19-06-2002,360301001,1023601076993,24-12-2002,20205836003,20605436116,53156570,4210007,14,85.13,2014,75404,Муниципальное казенное учреждение,МКУ,2014,ДИРЕКТОР,Анохина Оксана Юрьевна,0,головная организация
Богучарский,"МКОУ ""ЛЕБЕДИНСКАЯ СОШ ИМЕНИ ГЕРОЯ СОВЕТСКОГО СОЮЗА А.М.КОВАЛЁВА""","МУНИЦИПАЛЬНОЕ КАЗЕННОЕ ОБЩЕОБРАЗОВАТЕЛЬНОЕ УЧРЕЖДЕНИЕ ""ЛЕБЕДИНСКАЯ СРЕДНЯЯ ОБЩЕОБРАЗОВАТЕЛЬНАЯ ШКОЛА ИМЕНИ ГЕРОЯ СОВЕТСКОГО СОЮЗА КОВАЛЁВА АНДРЕЯ МАТВЕЕВИЧА""",общеобразовательная организация,3603006135,"396763, ВОРОНЕЖСКАЯ ОБЛАСТЬ, Р-Н БОГУЧАРСКИЙ, С. ЛЕБЕДИНКА, УЛ. САДОВАЯ, Д.1","49.6531824, 40.4296137",действующая,31-07-2025,07-06-2002,360301001,1023601071834,14-11-2002,20205828001,20605428101,53156564,4210007,14,85.14,2014,75404,Муниципальное казенное учреждение,МКУ,2014,ДИРЕКТОР ШКОЛЫ,Туз Наталья Петровна,0,головная организация
Богучарский,"МКОУ ""ЛОФИЦКАЯ ООШ""","МУНИЦИПАЛЬНОЕ КАЗЕННОЕ ОБЩЕОБРАЗОВАТЕЛЬНОЕ УЧРЕЖДЕНИЕ ""ЛОФИЦКАЯ ОСНОВНАЯ ОБЩЕОБРАЗОВАТЕЛЬНАЯ ШКОЛА""",общеобразовательная организация,3603006103,"396779, ВОРОНЕЖСКАЯ ОБЛАСТЬ, Р-Н БОГУЧАРСКИЙ, С. ЛОФИЦКОЕ, УЛ. ЛЕНИНА, Д.65","49.9118312, 40.456095",действующая,09-02-2025,19-06-2002,360301001,1023601076575,21-12-2002,20205836004,20605436111,53143478,4210007,14,85.13,2014,75404,Муниципальное казенное учреждение,МКУ,2014,ДИРЕКТОР,Талыкова Наталья Ивановна,0,головная организация
Богучарский,"МКОУ ""ЛУГОВСКАЯ СОШ""","МУНИЦИПАЛЬНОЕ КАЗЕННОЕ ОБЩЕОБРАЗОВАТЕЛЬНОЕ УЧРЕЖДЕНИЕ ""ЛУГОВСКАЯ СРЕДНЯЯ ОБЩЕОБРАЗОВАТЕЛЬНАЯ ШКОЛА""",общеобразовательная организация,3603005974,"396752, ВОРОНЕЖСКАЯ ОБЛАСТЬ, Р-Н БОГУЧАРСКИЙ, С. ЛУГОВОЕ, УЛ. МИРА, Д.18","49.9107886, 40.331316",действующая,10-12-2025,30-05-2000,360301001,1023601071768,14-11-2002,20205816001,20605416101,53151437,4210007,14,85.14,2014,75404,Муниципальное казенное учреждение,МКУ,2014,ДИРЕКТОР,Мухопадова Галина Николаевна,0,головная организация
Богучарский,"МКОУ ""МОНАСТЫРЩИНСКАЯ СОШ""","МУНИЦИПАЛЬНОЕ КАЗЕННОЕ ОБЩЕОБРАЗОВАТЕЛЬНОЕ УЧРЕЖДЕНИЕ ""МОНАСТЫРЩИНСКАЯ СРЕДНЯЯ ОБЩЕОБРАЗОВАТЕЛЬНАЯ ШКОЛА""",общеобразовательная организация,3603006008,"396772, ВОРОНЕЖСКАЯ ОБЛАСТЬ, Р-Н БОГУЧАРСКИЙ, С МОНАСТЫРЩИНА, УЛ ШКОЛЬНАЯ, ЗД. 13","49.8225017, 40.9087636",действующая,13-02-2026,07-06-2000,360301001,1023601073099,23-11-2002,20205824001,20605424101,53155381,4210007,14,85.14,2014,75404,Муниципальное казенное учреждение,МКУ,2014,ДИРЕКТОР,Сывороткина Светлана Николаевна,0,головная организация
Богучарский,"МКОУ ""ПОДКОЛОДНОВСКАЯ СОШ ИМЕНИ ГЕРОЯ СОВЕТСКОГО СОЮЗА Н.Т. РУБЦОВА""","МУНИЦИПАЛЬНОЕ КАЗЕННОЕ ОБЩЕОБРАЗОВАТЕЛЬНОЕ УЧРЕЖДЕНИЕ ""ПОДКОЛОДНОВСКАЯ СРЕДНЯЯ ОБЩЕОБРАЗОВАТЕЛЬНАЯ ШКОЛА ИМЕНИ ГЕРОЯ СОВЕТСКОГО СОЮЗА РУБЦОВА НИКАНОРА ТРОФИМОВИЧА""",общеобразовательная организация,3603006061,"396788, ВОРОНЕЖСКАЯ ОБЛАСТЬ, Р-Н БОГУЧАРСКИЙ, С. ПОДКОЛОДНОВКА, УЛ. МИРА, Д.21А, ------, ----","49.9991156, 40.6638227",действующая,06-06-2025,29-05-2000,360301001,1023601073418,28-11-2002,20205832001,20605432101,53155406,4210007,14,85.14,2014,75404,Муниципальное казенное учреждение,МКУ,2014,ДИРЕКТОР,Зелепухина Алла Анатольевна,1,головная организация
Богучарский,"МКОУ ""ПОЛТАВСКАЯ ООШ""","МУНИЦИПАЛЬНОЕ КАЗЕННОЕ ОБЩЕОБРАЗОВАТЕЛЬНОЕ УЧРЕЖДЕНИЕ ""ПОЛТАВСКАЯ ОСНОВНАЯ ОБЩЕОБРАЗОВАТЕЛЬНАЯ ШКОЛА""",общеобразовательная организация,3603005967,"396757, ВОРОНЕЖСКАЯ ОБЛАСТЬ, Р-Н БОГУЧАРСКИЙ, С. ПОЛТАВКА, УЛ. МИРА, Д.60, ------, ------","49.8824208, 40.5546002",действующая,03-09-2025,29-05-2000,360301001,1023601071856,14-11-2002,20205804004,20605404116,53151453,4210007,14,85.13,2014,75404,Муниципальное казенное учреждение,МКУ,2014,ДИРЕКТОР,Рыбянцева Ульяна Владимировна,0,головная организация
Богучарский,"МКОУ ""РАДЧЕНСКАЯ СОШ""","МУНИЦИПАЛЬНОЕ КАЗЕННОЕ ОБЩЕОБРАЗОВАТЕЛЬНОЕ УЧРЕЖДЕНИЕ ""РАДЧЕНСКАЯ СРЕДНЯЯ ОБЩЕОБРАЗОВАТЕЛЬНАЯ ШКОЛА""",общеобразовательная организация,3603004924,"396758, ВОРОНЕЖСКАЯ ОБЛАСТЬ, Р-Н БОГУЧАРСКИЙ, С. РАДЧЕНСКОЕ, УЛ. ВОРОБЬЕВА, Д. 77","49.8069108, 40.5056584",действующая,13-02-2026,27-06-2002,360301001,1023601071845,14-11-2002,20205840001,20605440101,42611812,4210007,14,85.14,2014,75404,Муниципальное казенное учреждение,МКУ,2014,ДИРЕКТОР,Ткачев Роман Александрович,3,головная организация
Богучарский,"МКОУ ""СУХОДОНЕЦКАЯ ООШ ИМЕНИ ГЕРОЕВ СОВЕТСКОГО СОЮЗА И.П. АПЛЁТОВА И Т.И. БРАГОНИНА""","МУНИЦИПАЛЬНОЕ КАЗЕННОЕ ОБЩЕОБРАЗОВАТЕЛЬНОЕ УЧРЕЖДЕНИЕ ""СУХОДОНЕЦКАЯ ОСНОВНАЯ ОБЩЕОБРАЗОВАТЕЛЬНАЯ ШКОЛА ИМЕНИ ГЕРОЕВ СОВЕТСКОГО СОЮЗА И.П. АПЛЁТОВА И Т.И. БРАГОНИНА""",общеобразовательная организация,3603005950,"396773, ВОРОНЕЖСКАЯ ОБЛАСТЬ, Р-Н БОГУЧАРСКИЙ, С. СУХОЙ ДОНЕЦ, УЛ. ЦЕНТРАЛЬНАЯ, Д.30, ------, -----","49.8117586, 40.9216071",действующая,08-02-2025,07-06-2000,360301001,1023601073253,26-11-2002,20205844001,20605444101,53151489,4210007,14,85.13,2014,75404,Муниципальное казенное учреждение,МКУ,2014,ДИРЕКТОР,Алехина Татьяна Петровна,0,головная организация
Богучарский,"МКОУ ""ТВЕРДОХЛЕБОВСКАЯ ООШ""","МУНИЦИПАЛЬНОЕ КАЗЕННОЕ ОБЩЕОБРАЗОВАТЕЛЬНОЕ УЧРЕЖДЕНИЕ ""ТВЕРДОХЛЕБОВСКАЯ ОСНОВНАЯ ОБЩЕОБРАЗОВАТЕЛЬНАЯ ШКОЛА""",общеобразовательная организация,3603006030,"396753, ВОРОНЕЖСКАЯ ОБЛАСТЬ, Р-Н БОГУЧАРСКИЙ, С ТВЕРДОХЛЕБОВКА, УЛ КАЛИНИНА, ЗД. 60, ------","49.9350162, 40.3534751",действующая,08-02-2025,09-06-2000,360301001,1023601074200,05-12-2002,20205848001,20605448101,53155398,4210007,14,85.13,2014,75404,Муниципальное казенное учреждение,МКУ,2014,ДИРЕКТОР,Смоляков Евгений Юрьевич,0,головная организация
Богучарский,"МКОУ ""ТЕРЕШКОВСКАЯ ООШ ИМЕНИ М.И. КАПУСТИНА""","МУНИЦИПАЛЬНОЕ КАЗЕННОЕ ОБЩЕОБРАЗОВАТЕЛЬНОЕ УЧРЕЖДЕНИЕ ""ТЕРЕШКОВСКАЯ ОСНОВНАЯ ОБЩЕОБРАЗОВАТЕЛЬНАЯ ШКОЛА ИМЕНИ КАПУСТИНА МИХАИЛА ИВАНОВИЧА""",общеобразовательная организация,3603005928,"396776, ВОРОНЕЖСКАЯ ОБЛАСТЬ, Р-Н БОГУЧАРСКИЙ, С. ТЕРЕШКОВО, УЛ. ЛЕНИНА, Д.27, К.А, ----","49.9189362, 40.66469",действующая,29-07-2025,29-05-2000,360301001,1023601074826,07-12-2002,20205804005,20605404121,53151443,4210007,14,85.13,2014,75404,Муниципальное казенное учреждение,МКУ,2014,ДИРЕКТОР,Удовина Светлана Ивановна,0,головная организация
Богучарский,"МКУ ""ЦОДСО""","МУНИЦИПАЛЬНОЕ КАЗЕННОЕ УЧРЕЖДЕНИЕ ""ЦЕНТР ОБЕСПЕЧЕНИЯ ДЕЯТЕЛЬНОСТИ СИСТЕМЫ ОБРАЗОВАНИЯ БОГУЧАРСКОГО МУНИЦИПАЛЬНОГО РАЙОНА ВОРОНЕЖСКОЙ ОБЛАСТИ""",отдел,3603003159,"396790, ВОРОНЕЖСКАЯ ОБЛАСТЬ, Р-Н БОГУЧАРСКИЙ, Г. БОГУЧАР, УЛ. ДЗЕРЖИНСКОГО, Д. 237""А""","49.9255863, 40.5231147",действующая,13-02-2025,26-09-2012,360301001,1123620000525,26-09-2012,20205501000,20605101001,02104643,4210007,14,70.22,2014,75404,Муниципальное казенное учреждение,МКУ,2014,РУКОВОДИТЕЛЬ,Павловская Ирина Николаевна,0,головная организация
Богучарский,"МКУ ДО ""БОГУЧАРСКАЯ СШ""","МУНИЦИПАЛЬНОЕ КАЗЕННОЕ УЧРЕЖДЕНИЕ ДОПОЛНИТЕЛЬНОГО ОБРАЗОВАНИЯ ""БОГУЧАРСКАЯ СПОРТИВНАЯ ШКОЛА""",организация доп. образования,3603006181,"396790, ВОРОНЕЖСКАЯ ОБЛАСТЬ, Р-Н БОГУЧАРСКИЙ, Г БОГУЧАР, УЛ ДЗЕРЖИНСКОГО, ЗД. 21В","49.932852, 40.554076",действующая,28-04-2025,31-07-2000,360301001,1023601074793,07-12-2002,20205501000,20605101001,53156630,4210007,14,85.41,2014,75404,Муниципальное казенное учреждение,МКУ,2014,ДИРЕКТОР,Хаустова Светлана Владимировна,0,головная организация
Богучарский,"МКУ ДО ""БОГУЧАРСКИЙ РЦДТ""","МУНИЦИПАЛЬНОЕ КАЗЕННОЕ УЧРЕЖДЕНИЕ ДОПОЛНИТЕЛЬНОГО ОБРАЗОВАНИЯ ""БОГУЧАРСКИЙ РАЙОННЫЙ ЦЕНТР ДЕТСКОГО ТВОРЧЕСТВА""",организация доп. образования,3603005981,"396790, ВОРОНЕЖСКАЯ ОБЛАСТЬ, Р-Н БОГУЧАРСКИЙ, Г. БОГУЧАР, ПЛ. МАЛАХОВСКОГО, Д. 2","49.935267, 40.558194",действующая,12-02-2025,31-05-2000,360301001,1023601074067,01-12-2002,20205501000,20605101001,53151466,4210007,14,85.41,2014,75404,Муниципальное казенное учреждение,МКУ,2014,ДИРЕКТОР,Решетникова Таисия Ивановна,0,головная организация
Богучарский,"ОТДЕЛ ПО ОБРАЗОВАНИЮ, ОПЕКЕ И ПОПЕЧИТЕЛЬСТВУ","ОТДЕЛ ПО ОБРАЗОВАНИЮ, ОПЕКЕ И ПОПЕЧИТЕЛЬСТВУ АДМИНИСТРАЦИИ БОГУЧАРСКОГО МУНИЦИПАЛЬНОГО РАЙОНА ВОРОНЕЖСКОЙ ОБЛАСТИ",отдел,3603008943,"396790, ВОРОНЕЖСКАЯ ОБЛАСТЬ, М.Р-Н БОГУЧАРСКИЙ, Г.П. ГОРОД БОГУЧАР, Г БОГУЧАР, УЛ ДЗЕРЖИНСКОГО, Д. 237А","49.9255863, 40.5231147",действующая,06-02-2025,11-03-2021,360301001,1213600009270,11-03-2021,20205501000,20605101001,47491821,3300100,14,84.11.3,2014,75404,Муниципальное казенное учреждение,МКУ,2014,РУКОВОДИТЕЛЬ,Андросова Елена Васильевна,0,головная организация
Борисоглебский,АДМИНИСТРАЦИЯ ГОРОДСКОГО ОКРУГА,АДМИНИСТРАЦИЯ БОРИСОГЛЕБСКОГО ГОРОДСКОГО ОКРУГА ВОРОНЕЖСКОЙ ОБЛАСТИ,отдел,3604004606,"397160, ВОРОНЕЖСКАЯ ОБЛАСТЬ, Г.О. БОРИСОГЛЕБСКИЙ, Г БОРИСОГЛЕБСК, УЛ СВОБОДЫ, ЗД. 207","51.366392, 42.074075",действующая,09-02-2026,28-02-1996,360401001,1023600608338,14-10-2002,20410000000,20710000001,04025793,3300200,14,84.11.35,2014,75404,Муниципальное казенное учреждение,МКУ,2014,ГЛАВА АДМИНИСТРАЦИИ,Леонов Александр Анатольевич,0,головная организация
Борисоглебский,"БПОУ ВО ""БОРИСОГЛЕБСКМЕДКОЛЛЕДЖ""","БЮДЖЕТНОЕ ПРОФЕССИОНАЛЬНОЕ ОБРАЗОВАТЕЛЬНОЕ УЧРЕЖДЕНИЕ ВОРОНЕЖСКОЙ ОБЛАСТИ ""БОРИСОГЛЕБСКИЙ МЕДИЦИНСКИЙ КОЛЛЕДЖ""",профессиональная образовательная организация,3604005840,"397160, ВОРОНЕЖСКАЯ ОБЛАСТЬ, Р-Н БОРИСОГЛЕБСКИЙ, Г. БОРИСОГЛЕБСК, УЛ. ТРЕТЬЯКОВСКАЯ, Д.8","51.3659022, 42.0780047",действующая,09-02-2025,20-12-1994,360401001,1023600608965,18-10-2002,20410000000,20710000001,01964355,2300229,13,85.21,2014,75203,Государственное бюджетное учреждение субъекта Российской Федерации,ГБУ,2014,ДИРЕКТОР,Михеева Любовь Валентиновна,0,головная организация
Борисоглебский,"ГБ ПОУ ""БМУ""","ГОСУДАРСТВЕННОЕ БЮДЖЕТНОЕ ПРОФЕССИОНАЛЬНОЕ ОБРАЗОВАТЕЛЬНОЕ УЧРЕЖДЕНИЕ ""БОРИСОГЛЕБСКОЕ МУЗЫКАЛЬНОЕ УЧИЛИЩЕ""",профессиональная образовательная организация,3604008368,"397160, ВОРОНЕЖСКАЯ ОБЛАСТЬ, Р-Н БОРИСОГЛЕБСКИЙ, Г. БОРИСОГЛЕБСК, УЛ. СОВЕТСКАЯ, Д.28, -, -","51.3675803, 42.0742542",действующая,12-02-2025,08-08-1996,360401001,1023600610516,30-10-2002,20410000000,20710000001,02176737,2300231,13,85.21,2014,75203,Государственное бюджетное учреждение субъекта Российской Федерации,ГБУ,2014,ДИРЕКТОР,Феклисова Елена Николаевна,0,головная организация
Борисоглебский,"ГБ ПОУ ""БМУ""","ГОСУДАРСТВЕННОЕ БЮДЖЕТНОЕ ПРОФЕССИОНАЛЬНОЕ ОБРАЗОВАТЕЛЬНОЕ УЧРЕЖДЕНИЕ ""БОРИСОГЛЕБСКОЕ МУЗЫКАЛЬНОЕ УЧИЛИЩЕ""",профессиональная образовательная организация,3604008368,"397160, ВОРОНЕЖСКАЯ ОБЛАСТЬ, Р-Н БОРИСОГЛЕБСКИЙ, Г. БОРИСОГЛЕБСК, УЛ. СОВЕТСКАЯ, Д.28, -, -","51.3675803, 42.0742542",действующая,12-02-2025,08-08-1996,360401001,1023600610516,30-10-2002,20410000000,20710000001,02176737,2300231,13,85.21,2014,75203,Государственное бюджетное учреждение субъекта Российской Федерации,ГБУ,2014,ДИРЕКТОР,Феклисова Елена Николаевна,0,головная организация
Борисоглебский,"ГБПОУ ВО ""БДТ""","ГОСУДАРСТВЕННОЕ БЮДЖЕТНОЕ ПРОФЕССИОНАЛЬНОЕ ОБРАЗОВАТЕЛЬНОЕ УЧРЕЖДЕНИЕ ВОРОНЕЖСКОЙ ОБЛАСТИ ""БОРИСОГЛЕБСКИЙ ДОРОЖНЫЙ ТЕХНИКУМ""",профессиональная образовательная организация,3604005399,"397171, ВОРОНЕЖСКАЯ ОБЛАСТЬ, Р-Н БОРИСОГЛЕБСКИЙ, Г БОРИСОГЛЕБСК, УЛ СОВЕТСКАЯ, ЗД. 123","51.3703, 42.114162",действующая,03-12-2025,19-07-1999,360401001,1023600610054,29-10-2002,20410000000,20710000001,03442684,2300223,13,85.21,2014,75203,Государственное бюджетное учреждение субъекта Российской Федерации,ГБУ,2014,ДИРЕКТОР,Бледных Светлана Ростиславовна,0,головная организация
Борисоглебский,"ГБПОУ ВО ""БСХТ""","ГОСУДАРСТВЕННОЕ БЮДЖЕТНОЕ ПРОФЕССИОНАЛЬНОЕ ОБРАЗОВАТЕЛЬНОЕ УЧРЕЖДЕНИЕ ВОРОНЕЖСКОЙ ОБЛАСТИ ""БОРИСОГЛЕБСКИЙ СЕЛЬСКОХОЗЯЙСТВЕННЫЙ ТЕХНИКУМ""",профессиональная образовательная организация,3604002246,"397160, ВОРОНЕЖСКАЯ ОБЛАСТЬ, Р-Н БОРИСОГЛЕБСКИЙ, Г. БОРИСОГЛЕБСК, УЛ. СОВЕТСКАЯ, Д.13","51.367744, 42.068779",действующая,07-02-2025,28-01-1994,360401001,1023600611781,05-11-2002,20410000000,20710000001,00666176,2300223,13,85.21,2014,75203,Государственное бюджетное учреждение субъекта Российской Федерации,ГБУ,2014,ДИРЕКТОР,Мураев Александр Николаевич,1,головная организация
Борисоглебский,"ГБПОУ ВО ""БТПИТ""","ГОСУДАРСТВЕННОЕ БЮДЖЕТНОЕ ПРОФЕССИОНАЛЬНОЕ ОБРАЗОВАТЕЛЬНОЕ УЧРЕЖДЕНИЕ ВОРОНЕЖСКОЙ ОБЛАСТИ ""БОРИСОГЛЕБСКИЙ ТЕХНИКУМ ПРОМЫШЛЕННЫХ И ИНФОРМАЦИОННЫХ ТЕХНОЛОГИЙ""",профессиональная образовательная организация,3604019948,"397160, ВОРОНЕЖСКАЯ ОБЛАСТЬ, Р-Н БОРИСОГЛЕБСКИЙ, Г БОРИСОГЛЕБСК, УЛ ТРЕТЬЯКОВСКАЯ, ЗД. 14","51.3660832, 42.0811389",действующая,11-02-2026,11-09-2015,360401001,1153668049028,11-09-2015,20410000000,20710000001,41208847,2300223,13,85.21,2014,75203,Государственное бюджетное учреждение субъекта Российской Федерации,ГБУ,2014,ДИРЕКТОР,Сердюк Марина Альбертовна,0,головная организация
Борисоглебский,"КОУ ВО ""БОРИСОГЛЕБСКАЯ ШКОЛА-ИНТЕРНАТ""","КАЗЕННОЕ ОБЩЕОБРАЗОВАТЕЛЬНОЕ УЧРЕЖДЕНИЕ ВОРОНЕЖСКОЙ ОБЛАСТИ ""БОРИСОГЛЕБСКАЯ ШКОЛА-ИНТЕРНАТ ДЛЯ ОБУЧАЮЩИХСЯ С ОГРАНИЧЕННЫМИ ВОЗМОЖНОСТЯМИ ЗДОРОВЬЯ""",интернат,3604008209,"397160, ВОРОНЕЖСКАЯ ОБЛАСТЬ, Р-Н БОРИСОГЛЕБСКИЙ, Г. БОРИСОГЛЕБСК, УЛ. ЛЕНИНСКАЯ, Д.70","51.3649596, 42.0701987",действующая,01-07-2025,02-03-1995,360401001,1023600610219,29-10-2002,20410000000,20710000001,01508226,2300223,13,85.13,2014,75204,Государственное казенное учреждение субъекта Российской Федерации,ГКУ,2014,ДИРЕКТОР,Лебедев Николай Валерьевич,0,головная организация
Борисоглебский,"КОУ ВО ""БОРИСОГЛЕБСКИЙ КАДЕТСКИЙ КОРПУС""","КАЗЕННОЕ ОБЩЕОБРАЗОВАТЕЛЬНОЕ УЧРЕЖДЕНИЕ ВОРОНЕЖСКОЙ ОБЛАСТИ ""БОРИСОГЛЕБСКИЙ КАДЕТСКИЙ КОРПУС ИМЕНИ ГЕНЕРАЛ-МАЙОРА АВИАЦИИ А.И. МОРОЗОВА""",интернат,3604005470,"397164, ВОРОНЕЖСКАЯ ОБЛАСТЬ, Р-Н БОРИСОГЛЕБСКИЙ, Г. БОРИСОГЛЕБСК, УЛ. РУБЕЖНАЯ, Д.24","51.353594, 42.1102948",действующая,31-03-2025,14-02-1995,360401001,1023600614950,06-12-2002,20410000000,20710000001,01508249,2300223,13,85.13,2014,75204,Государственное казенное учреждение субъекта Российской Федерации,ГКУ,2014,ДИРЕКТОР,Щербаков Алексей Михайлович,0,головная организация
Борисоглебский,"МБОУ БГО ""БОРИСОГЛЕБСКАЯ ГИМНАЗИЯ №1""","МУНИЦИПАЛЬНОЕ БЮДЖЕТНОЕ ОБЩЕОБРАЗОВАТЕЛЬНОЕ УЧРЕЖДЕНИЕ БОРИСОГЛЕБСКОГО ГОРОДСКОГО ОКРУГА ""БОРИСОГЛЕБСКАЯ ГИМНАЗИЯ №1""",общеобразовательная организация,3604011233,"397160, ВОРОНЕЖСКАЯ ОБЛАСТЬ, Р-Н БОРИСОГЛЕБСКИЙ, Г. БОРИСОГЛЕБСК, ПЕР. СУРОВИКИНА, Д.1/48, -, -","51.3667275, 42.0679435",действующая,28-04-2025,15-02-1999,360401001,1023600614124,29-11-2002,20410000000,20710000001,49749991,4210007,14,85.13,2014,75403,Муниципальное бюджетное учреждение,МБУ,2014,ДИРЕКТОР,Рязанова Ирина Сергеевна,0,головная организация
Борисоглебский,МБОУ БГО ООШ №11,МУНИЦИПАЛЬНОЕ БЮДЖЕТНОЕ ОБЩЕОБРАЗОВАТЕЛЬНОЕ УЧРЕЖДЕНИЕ БОРИСОГЛЕБСКОГО ГОРОДСКОГО ОКРУГА БОРИСОГЛЕБСКАЯ ОСНОВНАЯ ОБЩЕОБРАЗОВАТЕЛЬНАЯ ШКОЛА №11,общеобразовательная организация,3604011201,"397160, ВОРОНЕЖСКАЯ ОБЛАСТЬ, Р-Н БОРИСОГЛЕБСКИЙ, Г. БОРИСОГЛЕБСК, УЛ. БЛАНСКАЯ, Д.117, -, -","51.3805824, 42.0773288",действующая,05-02-2025,05-02-1999,360401001,1023600609306,22-10-2002,20410000000,20710000001,49749956,4210007,14,85.13,2014,75403,Муниципальное бюджетное учреждение,МБУ,2014,ДИРЕКТОР,Дегтярева Лариса Ивановна,0,головная организация
Борисоглебский,МБОУ БГО СОШ № 10,МУНИЦИПАЛЬНОЕ БЮДЖЕТНОЕ ОБЩЕОБРАЗОВАТЕЛЬНОЕ УЧРЕЖДЕНИЕ БОРИСОГЛЕБСКОГО ГОРОДСКОГО ОКРУГА БОРИСОГЛЕБСКАЯ СРЕДНЯЯ ОБЩЕОБРАЗОВАТЕЛЬНАЯ ШКОЛА № 10,общеобразовательная организация,3604011138,"397171, ВОРОНЕЖСКАЯ ОБЛАСТЬ, Р-Н БОРИСОГЛЕБСКИЙ, Г. БОРИСОГЛЕБСК, УЛ. АЭРОДРОМНАЯ, Д.15, К.А, -","51.37179, 42.10902",действующая,13-05-2025,19-02-2002,360401001,1023600614927,06-12-2002,20410000000,20710000001,49749896,4210007,14,85.14,2014,75403,Муниципальное бюджетное учреждение,МБУ,2014,ДИРЕКТОР,Митрофанова Ольга Витальевна,0,головная организация
Борисоглебский,МБОУ БГО СОШ № 12,МУНИЦИПАЛЬНОЕ БЮДЖЕТНОЕ ОБЩЕОБРАЗОВАТЕЛЬНОЕ УЧРЕЖДЕНИЕ БОРИСОГЛЕБСКОГО ГОРОДСКОГО ОКРУГА БОРИСОГЛЕБСКАЯ СРЕДНЯЯ ОБЩЕОБРАЗОВАТЕЛЬНАЯ ШКОЛА № 12,общеобразовательная организация,3604011272,"397160, ВОРОНЕЖСКАЯ ОБЛАСТЬ, Р-Н БОРИСОГЛЕБСКИЙ, Г БОРИСОГЛЕБСК, УЛ ПЕРВОМАЙСКАЯ, ЗД. 67А","51.3583282, 42.1026287",действующая,24-03-2025,17-02-1999,360401001,1023600609108,21-10-2002,20410000000,20710000001,49750014,4210007,14,85.14,2014,75403,Муниципальное бюджетное учреждение,МБУ,2014,ДИРЕКТОР,Чернова Юлия Анатольевна,1,головная организация
Борисоглебский,МБОУ БГО СОШ № 13,МУНИЦИПАЛЬНОЕ БЮДЖЕТНОЕ ОБЩЕОБРАЗОВАТЕЛЬНОЕ УЧРЕЖДЕНИЕ БОРИСОГЛЕБСКОГО ГОРОДСКОГО ОКРУГА БОРИСОГЛЕБСКАЯ СРЕДНЯЯ ОБЩЕОБРАЗОВАТЕЛЬНАЯ ШКОЛА № 13,общеобразовательная организация,3604011280,"397164, ВОРОНЕЖСКАЯ ОБЛАСТЬ, Р-Н БОРИСОГЛЕБСКИЙ, Г. БОРИСОГЛЕБСК, ПЕР. КУЙБЫШЕВА, Д. 1","51.3514107, 42.102821",действующая,11-02-2025,16-02-1999,360401001,1023600609163,21-10-2002,20410000000,20710000001,49750020,4210007,14,85.14,2014,75403,Муниципальное бюджетное учреждение,МБУ,2014,ДИРЕКТОР,Титова Анастасия Александровна,0,головная организация
Борисоглебский,МБОУ БГО СОШ № 3,МУНИЦИПАЛЬНОЕ БЮДЖЕТНОЕ ОБЩЕОБРАЗОВАТЕЛЬНОЕ УЧРЕЖДЕНИЕ БОРИСОГЛЕБСКОГО ГОРОДСКОГО ОКРУГА БОРИСОГЛЕБСКАЯ СРЕДНЯЯ ОБЩЕОБРАЗОВАТЕЛЬНАЯ ШКОЛА № 3,общеобразовательная организация,3604011258,"397172, ВОРОНЕЖСКАЯ ОБЛАСТЬ, Г.О. БОРИСОГЛЕБСКИЙ, Г БОРИСОГЛЕБСК, МКР. ЮГО-ВОСТОЧНЫЙ, ЗД. 19","51.3474535, 42.129516",действующая,11-06-2025,15-02-1999,360401001,1023600609647,24-10-2002,20410000000,20710000001,49750008,4210007,14,85.14,2014,75403,Муниципальное бюджетное учреждение,МБУ,2014,ДИРЕКТОР,Ледовских Светлана Николаевна,2,головная организация
Борисоглебский,МБОУ БГО СОШ № 4,МУНИЦИПАЛЬНОЕ БЮДЖЕТНОЕ ОБЩЕОБРАЗОВАТЕЛЬНОЕ УЧРЕЖДЕНИЕ БОРИСОГЛЕБСКОГО ГОРОДСКОГО ОКРУГА БОРИСОГЛЕБСКАЯ СРЕДНЯЯ ОБЩЕОБРАЗОВАТЕЛЬНАЯ ШКОЛА № 4,общеобразовательная организация,3604011219,"397165, ВОРОНЕЖСКАЯ ОБЛАСТЬ, Г.О. БОРИСОГЛЕБСКИЙ, Г БОРИСОГЛЕБСК, УЛ ОБЪЕЗДНАЯ, ЗД. 12","51.364025, 42.126949",действующая,02-02-2025,05-02-1999,360401001,1023600608624,16-10-2002,20410000000,20710000001,49749979,4210007,14,85.14,2014,75403,Муниципальное бюджетное учреждение,МБУ,2014,ДИРЕКТОР,Пимонов Андрей Владимирович,0,головная организация
Борисоглебский,МБОУ БГО СОШ № 5,МУНИЦИПАЛЬНОЕ БЮДЖЕТНОЕ ОБЩЕОБРАЗОВАТЕЛЬНОЕ УЧРЕЖДЕНИЕ БОРИСОГЛЕБСКОГО ГОРОДСКОГО ОКРУГА БОРИСОГЛЕБСКАЯ СРЕДНЯЯ ОБЩЕОБРАЗОВАТЕЛЬНАЯ ШКОЛА № 5,общеобразовательная организация,3604011265,"397160, ВОРОНЕЖСКАЯ ОБЛАСТЬ, Р-Н БОРИСОГЛЕБСКИЙ, Г. БОРИСОГЛЕБСК, УЛ. СВОБОДЫ, Д.192, -, -","51.371975, 42.07555",действующая,11-02-2025,01-03-2002,360401001,1023600608680,17-10-2002,20410000000,20710000001,49750043,4210007,14,85.14,2014,75403,Муниципальное бюджетное учреждение,МБУ,2014,ДИРЕКТОР,Грудинина Юлия Сергеевна,0,головная организация
Борисоглебский,МБОУ БГО СОШ № 6,МУНИЦИПАЛЬНОЕ БЮДЖЕТНОЕ ОБЩЕОБРАЗОВАТЕЛЬНОЕ УЧРЕЖДЕНИЕ БОРИСОГЛЕБСКОГО ГОРОДСКОГО ОКРУГА БОРИСОГЛЕБСКАЯ СРЕДНЯЯ ОБЩЕОБРАЗОВАТЕЛЬНАЯ ШКОЛА № 6,общеобразовательная организация,3604011240,"397166, ВОРОНЕЖСКАЯ ОБЛАСТЬ, Р-Н БОРИСОГЛЕБСКИЙ, Г. БОРИСОГЛЕБСК, ПЕР. ГРАЖДАНСКИЙ, Д.9, -, -","51.3487669, 42.0751967",действующая,21-08-2025,03-02-1999,360401001,1023600609636,24-10-2002,20410000000,20710000001,49749943,4210007,14,85.14,2014,75403,Муниципальное бюджетное учреждение,МБУ,2014,ДИРЕКТОР,Каверин Владислав Владимирович,1,головная организация
Борисоглебский,"МБУДО ""БДООЦ ""ДРУЖБА""","МУНИЦИПАЛЬНОЕ БЮДЖЕТНОЕ УЧРЕЖДЕНИЕ ДОПОЛНИТЕЛЬНОГО ОБРАЗОВАНИЯ ""БОРИСОГЛЕБСКИЙ ДЕТСКИЙ ОЗДОРОВИТЕЛЬНО-ОБРАЗОВАТЕЛЬНЫЙ ЦЕНТР ""ДРУЖБА""",организация доп. образования,3604012004,"397160, ВОРОНЕЖСКАЯ ОБЛАСТЬ, Р-Н БОРИСОГЛЕБСКИЙ, Г. БОРИСОГЛЕБСК, УЛ. СВОБОДЫ, Д.213, 28","51.3669618, 42.0743376",действующая,29-04-2025,04-05-2000,360401001,1023600609361,23-10-2002,20410000000,20710000001,54694981,4210007,14,85.41.91,2014,75403,Муниципальное бюджетное учреждение,МБУ,2014,ДИРЕКТОР,Масликова Екатерина Сергеевна,0,головная организация
Борисоглебский,"МБУДО БГО ""ДЕТСКАЯ ШКОЛА ИСКУССТВ №1 ИМЕНИ В.П.ВИШНЕВЕЦКОГО""","МУНИЦИПАЛЬНОЕ БЮДЖЕТНОЕ УЧРЕЖДЕНИЕ ДОПОЛНИТЕЛЬНОГО ОБРАЗОВАНИЯ БОРИСОГЛЕБСКОГО ГОРОДСКОГО ОКРУГА ""ДЕТСКАЯ ШКОЛА ИСКУССТВ №1 ИМЕНИ В.П.ВИШНЕВЕЦКОГО""",организация доп. образования,3604010825,"397160, ВОРОНЕЖСКАЯ ОБЛАСТЬ, Р-Н БОРИСОГЛЕБСКИЙ, Г. БОРИСОГЛЕБСК, УЛ. СОВЕТСКАЯ, Д.14","51.3673807, 42.0704119",действующая,21-02-2025,12-10-1995,360401001,1023600607755,08-10-2002,20410000000,20710000001,47785474,4210007,14,85.41,2014,75403,Муниципальное бюджетное учреждение,МБУ,2014,ДИРЕКТОР,Полянская Екатерина Вячеславовна,0,головная организация
Борисоглебский,"МБУДО БГО ""ДХШ""","МУНИЦИПАЛЬНОЕ БЮДЖЕТНОЕ УЧРЕЖДЕНИЕ ДОПОЛНИТЕЛЬНОГО ОБРАЗОВАНИЯ БОРИСОГЛЕБСКОГО ГОРОДСКОГО ОКРУГА ""ДЕТСКАЯ ХУДОЖЕСТВЕННАЯ ШКОЛА ИМЕНИ А.П. РЯБУШКИНА""",организация доп. образования,3604010832,"397163, ВОРОНЕЖСКАЯ ОБЛАСТЬ, Р-Н БОРИСОГЛЕБСКИЙ, Г. БОРИСОГЛЕБСК, МКР. СЕВЕРНЫЙ, Д.30","51.3778826, 42.0782198",действующая,06-02-2025,12-10-1995,360401001,1023600607843,08-10-2002,20410000000,20710000001,47785451,4210007,14,85.41,2014,75403,Муниципальное бюджетное учреждение,МБУ,2014,ДИРЕКТОР,Бокунов Сергей Юрьевич,0,головная организация
Борисоглебский,"МБУДО БГО ""ДШИ №2""","МУНИЦИПАЛЬНОЕ БЮДЖЕТНОЕ УЧРЕЖДЕНИЕ ДОПОЛНИТЕЛЬНОГО ОБРАЗОВАНИЯ БОРИСОГЛЕБСКОГО ГОРОДСКОГО ОКРУГА ""ДЕТСКАЯ ШКОЛА ИСКУССТВ №2""",организация доп. образования,3604010840,"397172, ВОРОНЕЖСКАЯ ОБЛАСТЬ, Р-Н БОРИСОГЛЕБСКИЙ, Г. БОРИСОГЛЕБСК, МКР. ЮГО-ВОСТОЧНЫЙ, Д.20","51.3488675, 42.1291275",действующая,03-10-2025,12-10-1995,360401001,1023600607414,03-10-2002,20410000000,20710000001,47785468,4210007,14,85.41,2014,75403,Муниципальное бюджетное учреждение,МБУ,2014,ДИРЕКТОР,Мишукова Любовь Федоровна,0,головная организация
Борисоглебский,"МБУДО БГО ВО ""БСШ""","МУНИЦИПАЛЬНОЕ БЮДЖЕТНОЕ УЧРЕЖДЕНИЕ ДОПОЛНИТЕЛЬНОГО ОБРАЗОВАНИЯ БОРИСОГЛЕБСКОГО ГОРОДСКОГО ОКРУГА ВОРОНЕЖСКОЙ ОБЛАСТИ ""БОРИСОГЛЕБСКАЯ СПОРТИВНАЯ ШКОЛА""",организация доп. образования,3604012815,"397171, ВОРОНЕЖСКАЯ ОБЛАСТЬ, Г.О. БОРИСОГЛЕБСКИЙ, Г БОРИСОГЛЕБСК, УЛ ОБЪЕЗДНАЯ, ЗД. 21","51.366752, 42.128909",действующая,03-12-2025,15-05-1996,360401001,1023600616467,20-12-2002,20410000000,20710000001,56456172,4210007,14,85.41,2014,75403,Муниципальное бюджетное учреждение,МБУ,2014,ДИРЕКТОР,Федюнин Сергей Владимирович,0,головная организация
Борисоглебский,"МБУДО БГО Ц ""САМ""","МУНИЦИПАЛЬНОЕ БЮДЖЕТНОЕ УЧРЕЖДЕНИЕ ДОПОЛНИТЕЛЬНОГО ОБРАЗОВАНИЯ БОРИСОГЛЕБСКОГО ГОРОДСКОГО ОКРУГА ЦЕНТР ""СОЦИАЛЬНАЯ АДАПТАЦИЯ МОЛОДЁЖИ""",организация доп. образования,3604010166,"397163, ВОРОНЕЖСКАЯ ОБЛАСТЬ, Р-Н БОРИСОГЛЕБСКИЙ, Г. БОРИСОГЛЕБСК, МКР. СЕВЕРНЫЙ, Д. 10","51.3767917, 42.0832745",действующая,27-05-2025,15-05-1996,360401001,1023600610263,29-10-2002,20410000000,20710000001,42620490,4210007,14,85.41,2014,75403,Муниципальное бюджетное учреждение,МБУ,2014,ДИРЕКТОР,Иванкович Светлана Владимировна,0,головная организация
Борисоглебский,МБУДО БЦВР БГО,МУНИЦИПАЛЬНОЕ БЮДЖЕТНОЕ УЧРЕЖДЕНИЕ ДОПОЛНИТЕЛЬНОГО ОБРАЗОВАНИЯ БОРИСОГЛЕБСКИЙ ЦЕНТР ВНЕШКОЛЬНОЙ РАБОТЫ БОРИСОГЛЕБСКОГО ГОРОДСКОГО ОКРУГА,организация доп. образования,3604011314,"397160, ВОРОНЕЖСКАЯ ОБЛАСТЬ, Р-Н БОРИСОГЛЕБСКИЙ, Г. БОРИСОГЛЕБСК, УЛ. СВОБОДЫ, Д.199, -, -","51.3652815, 42.074463",действующая,07-02-2025,06-04-2001,360401001,1023600608943,18-10-2002,20410000000,20710000001,49750054,4210007,14,85.41,2014,75403,Муниципальное бюджетное учреждение,МБУ,2014,директор,Ларина Елена Владимировна,0,головная организация
Борисоглебский,"МКДОУ БГО ВО ""ЦППМСП - ДЕТСКИЙ САД №19""","МУНИЦИПАЛЬНОЕ КАЗЕННОЕ ДОШКОЛЬНОЕ ОБРАЗОВАТЕЛЬНОЕ УЧРЕЖДЕНИЕ БОРИСОГЛЕБСКОГО ГОРОДСКОГО ОКРУГА ВОРОНЕЖСКОЙ ОБЛАСТИ ""ЦЕНТР ПСИХОЛОГО-ПЕДАГОГИЧЕСКОЙ, МЕДИЦИНСКОЙ И СОЦИАЛЬНОЙ ПОМОЩИ - ДЕТСКИЙ САД №19""",дошкольное образование,3604012117,"397163, ВОРОНЕЖСКАЯ ОБЛАСТЬ, Р-Н БОРИСОГЛЕБСКИЙ, Г. БОРИСОГЛЕБСК, МКР. СЕВЕРНЫЙ, Д. 18, К. А","51.3775367, 42.0825408",действующая,13-02-2026,18-07-2000,360401001,1023600608833,18-10-2002,20410000000,20710000001,53154460,4210007,14,85.11,2014,75404,Муниципальное казенное учреждение,МКУ,2014,ЗАВЕДУЮЩАЯ,Калинина Ольга Васильевна,0,головная организация
Борисоглебский,МКДОУ БГО ДЕТСКИЙ САД № 1 КОМБИНИРОВАННОГО ВИДА,МУНИЦИПАЛЬНОЕ КАЗЕННОЕ ДОШКОЛЬНОЕ ОБРАЗОВАТЕЛЬНОЕ УЧРЕЖДЕНИЕ БОРИСОГЛЕБСКОГО ГОРОДСКОГО ОКРУГА ДЕТСКИЙ САД № 1 КОМБИНИРОВАННОГО ВИДА,дошкольное образование,3604012090,"397160, ВОРОНЕЖСКАЯ ОБЛАСТЬ, Г.О. БОРИСОГЛЕБСКИЙ, Г БОРИСОГЛЕБСК, УЛ НАРОДНАЯ, ЗД. 47","51.3649405, 42.0809889",действующая,03-02-2025,18-07-2000,360401001,1023600611110,01-11-2002,20410000000,20710000001,53154513,4210007,14,85.11,2014,75404,Муниципальное казенное учреждение,МКУ,2014,ЗАВЕДУЮЩАЯ,Пензякова Лариса Михайловна,0,головная организация
Борисоглебский,МКДОУ БГО ДЕТСКИЙ САД № 12 ОБЩЕРАЗВИВАЮЩЕГО ВИДА,МУНИЦИПАЛЬНОЕ КАЗЕННОЕ ДОШКОЛЬНОЕ ОБРАЗОВАТЕЛЬНОЕ УЧРЕЖДЕНИЕ БОРИСОГЛЕБСКОГО ГОРОДСКОГО ОКРУГА ДЕТСКИЙ САД № 12 ОБЩЕРАЗВИВАЮЩЕГО ВИДА,дошкольное образование,3604012170,"397160, ВОРОНЕЖСКАЯ ОБЛАСТЬ, Р-Н БОРИСОГЛЕБСКИЙ, Г. БОРИСОГЛЕБСК, ПР-Д ПОВОРИНСКИЙ, Д.2А, -, -","51.3605729, 42.0913278",действующая,13-02-2025,18-07-2000,360401001,1023600609086,21-10-2002,20410000000,20710000001,53154482,4210007,14,85.11,2014,75404,Муниципальное казенное учреждение,МКУ,2014,ЗАВЕДУЮЩАЯ,Пулина Лариса Юрьевна,0,головная организация
Борисоглебский,МКДОУ БГО ДЕТСКИЙ САД № 20 КОМБИНИРОВАННОГО ВИДА,МУНИЦИПАЛЬНОЕ КАЗЕННОЕ ДОШКОЛЬНОЕ ОБРАЗОВАТЕЛЬНОЕ УЧРЕЖДЕНИЕ БОРИСОГЛЕБСКОГО ГОРОДСКОГО ОКРУГА ДЕТСКИЙ САД № 20 КОМБИНИРОВАННОГО ВИДА,дошкольное образование,3604012163,"397172, ВОРОНЕЖСКАЯ ОБЛАСТЬ, Р-Н БОРИСОГЛЕБСКИЙ, Г. БОРИСОГЛЕБСК, МКР. ЮГО-ВОСТОЧНЫЙ, Д. 4-А","51.3476622, 42.1333779",действующая,09-02-2025,18-07-2000,360401001,1023600609075,21-10-2002,20410000000,20710000001,53154447,4210007,14,85.11,2014,75404,Муниципальное казенное учреждение,МКУ,2014,ЗАВЕДУЮЩАЯ,Метлина Татьяна Александровна,0,головная организация
Борисоглебский,МКДОУ БГО ДЕТСКИЙ САД № 7 КОМБИНИРОВАННОГО ВИДА,МУНИЦИПАЛЬНОЕ КАЗЕННОЕ ДОШКОЛЬНОЕ ОБРАЗОВАТЕЛЬНОЕ УЧРЕЖДЕНИЕ БОРИСОГЛЕБСКОГО ГОРОДСКОГО ОКРУГА ДЕТСКИЙ САД № 7 КОМБИНИРОВАННОГО ВИДА,дошкольное образование,3604012156,"397160, ВОРОНЕЖСКАЯ ОБЛАСТЬ, Р-Н БОРИСОГЛЕБСКИЙ, Г. БОРИСОГЛЕБСК, УЛ. К.МАРКСА, Д.95, -, -","51.365726, 42.0720827",действующая,11-02-2025,18-07-2000,360401001,1023600608899,18-10-2002,20410000000,20710000001,53154499,4210007,14,85.11,2014,75404,Муниципальное казенное учреждение,МКУ,2014,ЗАВЕДУЮЩАЯ,Усова Марина Станиславовна,0,головная организация
Борисоглебский,МКДОУ БГО ДЕТСКИЙ САД №21 КОМБИНИРОВАННОГО ВИДА,МУНИЦИПАЛЬНОЕ КАЗЕННОЕ ДОШКОЛЬНОЕ ОБРАЗОВАТЕЛЬНОЕ УЧРЕЖДЕНИЕ БОРИСОГЛЕБСКОГО ГОРОДСКОГО ОКРУГА ДЕТСКИЙ САД №21 КОМБИНИРОВАННОГО ВИДА,дошкольное образование,3604012100,"397171, ВОРОНЕЖСКАЯ ОБЛАСТЬ, Р-Н БОРИСОГЛЕБСКИЙ, Г. БОРИСОГЛЕБСК, УЛ. АЭРОДРОМНАЯ, Д.9, К.А, -","51.370933, 42.111703",действующая,07-02-2025,18-07-2000,360401001,1023600609141,21-10-2002,20410000000,20710000001,53154453,4210007,14,85.11,2014,75404,Муниципальное казенное учреждение,МКУ,2014,ЗАВЕДУЮЩАЯ,Леонова Лариса Валерьевна,0,головная организация
Борисоглебский,МКДОУ БГО ЦЕНТР РАЗВИТИЯ РЕБЕНКА-ДЕТСКИЙ САД №11,МУНИЦИПАЛЬНОЕ КАЗЕННОЕ ДОШКОЛЬНОЕ ОБРАЗОВАТЕЛЬНОЕ УЧРЕЖДЕНИЕ БОРИСОГЛЕБСКОГО ГОРОДСКОГО ОКРУГА ЦЕНТР РАЗВИТИЯ РЕБЕНКА-ДЕТСКИЙ САД №11,дошкольное образование,3604012212,"397160, ВОРОНЕЖСКАЯ ОБЛАСТЬ, Р-Н БОРИСОГЛЕБСКИЙ, Г. БОРИСОГЛЕБСК, УЛ. ПРОЛЕТАРСКАЯ, Д.9, -, -","51.36314, 42.0782837",действующая,09-02-2025,18-07-2000,360401001,1023600613596,25-11-2002,20410000000,20710000001,53154559,4210007,14,85.11,2014,75404,Муниципальное казенное учреждение,МКУ,2014,ЗАВЕДУЮЩАЯ,Никульшина Татьяна Николаевна,0,головная организация
Борисоглебский,МКОУ БГО ТАНЦЫРЕЙСКАЯ СОШ,МУНИЦИПАЛЬНОЕ КАЗЕННОЕ ОБЩЕОБРАЗОВАТЕЛЬНОЕ УЧРЕЖДЕНИЕ БОРИСОГЛЕБСКОГО ГОРОДСКОГО ОКРУГА ТАНЦЫРЕЙСКАЯ СРЕДНЯЯ ОБЩЕОБРАЗОВАТЕЛЬНАЯ ШКОЛА,общеобразовательная организация,3604008590,"397155, ВОРОНЕЖСКАЯ ОБЛАСТЬ, Р-Н БОРИСОГЛЕБСКИЙ, С ТАНЦЫРЕЙ, УЛ МОСКОВСКАЯ, ЗД. 4","51.3289155, 42.3708078",действующая,10-02-2025,29-01-1993,360401001,1023600608932,18-10-2002,20410000019,20710000191,22786426,4210007,14,85.14,2014,75404,Муниципальное казенное учреждение,МКУ,2014,Директор,Тарасов Сергей Витальевич,0,головная организация
Борисоглебский,МКОУ БГО ТРЕТЬЯКОВСКАЯ СОШ,МУНИЦИПАЛЬНОЕ КАЗЕННОЕ ОБЩЕОБРАЗОВАТЕЛЬНОЕ УЧРЕЖДЕНИЕ БОРИСОГЛЕБСКОГО ГОРОДСКОГО ОКРУГА ТРЕТЬЯКОВСКАЯ СРЕДНЯЯ ОБЩЕОБРАЗОВАТЕЛЬНАЯ ШКОЛА,общеобразовательная организация,3604011459,"397156, ВОРОНЕЖСКАЯ ОБЛАСТЬ, Р-Н БОРИСОГЛЕБСКИЙ, С. ТРЕТЬЯКИ, УЛ. СВОБОДЫ, Д. 5","51.3555536, 42.4744532",действующая,18-06-2025,07-06-1999,360401001,1023600608756,17-10-2002,20410000020,20710000196,51701916,4210007,14,85.14,2014,75404,Муниципальное казенное учреждение,МКУ,2014,Директор,Бородулин Юрий Евгеньевич,0,головная организация
Борисоглебский,МКОУ БГО ЧИГОРАКСКАЯ СОШ,МУНИЦИПАЛЬНОЕ КАЗЕННОЕ ОБЩЕОБРАЗОВАТЕЛЬНОЕ УЧРЕЖДЕНИЕ БОРИСОГЛЕБСКОГО ГОРОДСКОГО ОКРУГА ЧИГОРАКСКАЯ СРЕДНЯЯ ОБЩЕОБРАЗОВАТЕЛЬНАЯ ШКОЛА,общеобразовательная организация,3604011554,"397150, ВОРОНЕЖСКАЯ ОБЛАСТЬ, Р-Н БОРИСОГЛЕБСКИЙ, С. ЧИГОРАК, ПЕР. ПЕРВОМАЙСКИЙ, Д.7","51.4357508, 42.1420648",действующая,07-05-2025,30-06-1999,360401001,1023600608976,18-10-2002,20410000024,20710000216,51702005,4210007,14,85.14,2014,75404,Муниципальное казенное учреждение,МКУ,2014,ДИРЕКТОР,Окунева Ирина Владимировна,3,головная организация
Бутурлиновский,"БПОУ ВО ""БМК""","БЮДЖЕТНОЕ ПРОФЕССИОНАЛЬНОЕ ОБРАЗОВАТЕЛЬНОЕ УЧРЕЖДЕНИЕ ВОРОНЕЖСКОЙ ОБЛАСТИ ""БУТУРЛИНОВСКИЙ МЕДИЦИНСКИЙ КОЛЛЕДЖ""",профессиональная образовательная организация,3605002168,"397500, ВОРОНЕЖСКАЯ ОБЛАСТЬ, М.Р-Н БУТУРЛИНОВСКИЙ, Г.П. БУТУРЛИНОВСКОЕ, Г БУТУРЛИНОВКА, УЛ КОММУНИСТИЧЕСКАЯ, Д. 5","50.8383281, 40.5900541",действующая,29-04-2025,28-06-2002,360501001,1023600645375,06-11-2002,20208501000,20608101001,01964349,2300229,13,85.21,2014,75203,Государственное бюджетное учреждение субъекта Российской Федерации,ГБУ,2014,Директор,Христенко Людмила Алексеевна,0,головная организация
Бутурлиновский,"ГБПОУ ВО ""БМТК""","ГОСУДАРСТВЕННОЕ БЮДЖЕТНОЕ ПРОФЕССИОНАЛЬНОЕ ОБРАЗОВАТЕЛЬНОЕ УЧРЕЖДЕНИЕ ВОРОНЕЖСКОЙ ОБЛАСТИ ""БУТУРЛИНОВСКИЙ МЕХАНИКО-ТЕХНОЛОГИЧЕСКИЙ КОЛЛЕДЖ""",профессиональная образовательная организация,3605000770,"397500, ВОРОНЕЖСКАЯ ОБЛАСТЬ, Р-Н БУТУРЛИНОВСКИЙ, Г. БУТУРЛИНОВКА, УЛ. БЛИНОВА, Д.2","50.825338, 40.584759",действующая,07-02-2025,28-06-2002,360501001,1023600646398,10-12-2002,20208501000,20608101001,00949678,2300223,13,85.21,2014,75203,Государственное бюджетное учреждение субъекта Российской Федерации,ГБУ,2014,ДИРЕКТОР,Чернобрывенко Галина Николаевна,0,головная организация
Бутурлиновский,"КОУ ВО ""БУТУРЛИНОВСКАЯ ШКОЛА-ИНТЕРНАТ ДЛЯ ОБУЧАЮЩИХСЯ С ОВЗ""","КАЗЕННОЕ ОБЩЕОБРАЗОВАТЕЛЬНОЕ УЧРЕЖДЕНИЕ ВОРОНЕЖСКОЙ ОБЛАСТИ ""БУТУРЛИНОВСКАЯ ШКОЛА-ИНТЕРНАТ ДЛЯ ОБУЧАЮЩИХСЯ С ОГРАНИЧЕННЫМИ ВОЗМОЖНОСТЯМИ ЗДОРОВЬЯ""",интернат,3605003161,"397500, ВОРОНЕЖСКАЯ ОБЛАСТЬ, Р-Н БУТУРЛИНОВСКИЙ, Г. БУТУРЛИНОВКА, УЛ. КРАСНАЯ, Д.72","50.8313174, 40.5724196",действующая,10-06-2025,28-06-2002,360501001,1023600644792,21-10-2002,20208501000,20608101001,02083007,2300223,13,85.12,2014,75204,Государственное казенное учреждение субъекта Российской Федерации,ГКУ,2014,ДИРЕКТОР,Подповетная Любовь Павловна,0,головная организация
Бутурлиновский,"МКДОУ ""ЦЕНТР ПСИХОЛОГО-ПЕДАГОГИЧЕСКОЙ, МЕДИЦИНСКОЙ И СОЦИАЛЬНОЙ ПОМОЩИ - ДЕТСКИЙ САД №10""","МУНИЦИПАЛЬНОЕ КАЗЕННОЕ ДОШКОЛЬНОЕ ОБРАЗОВАТЕЛЬНОЕ УЧРЕЖДЕНИЕ ""ЦЕНТР ПСИХОЛОГО-ПЕДАГОГИЧЕСКОЙ, МЕДИЦИНСКОЙ И СОЦИАЛЬНОЙ ПОМОЩИ - ДЕТСКИЙ САД №10"" БУТУРЛИНОВСКОГО МУНИЦИПАЛЬНОГО РАЙОНА ВОРОНЕЖСКОЙ ОБЛАСТИ",дошкольное образование,3605005480,"397504, ВОРОНЕЖСКАЯ ОБЛАСТЬ, Р-Н БУТУРЛИНОВСКИЙ, Г. БУТУРЛИНОВКА, УЛ. ЗАВОДСКАЯ, Д.62","50.8096364, 40.642818",действующая,29-12-2025,22-10-2002,360501001,1023600644880,22-10-2002,20208501000,20608101001,59557778,4210007,14,85.11,2014,75404,Муниципальное казенное учреждение,МКУ,2014,ЗАВЕДУЮЩАЯ,Конькова Людмила Николаевна,0,головная организация
Бутурлиновский,"МКДОУ ""ЦЕНТР РАЗВИТИЯ РЕБЕНКА-ДЕТСКИЙ САД №9""","МУНИЦИПАЛЬНОЕ КАЗЕННОЕ ДОШКОЛЬНОЕ ОБРАЗОВАТЕЛЬНОЕ УЧРЕЖДЕНИЕ ""ЦЕНТР РАЗВИТИЯ РЕБЕНКА-ДЕТСКИЙ САД №9"" БУТУРЛИНОВСКОГО МУНИЦИПАЛЬНОГО РАЙОНА ВОРОНЕЖСКОЙ ОБЛАСТИ",дошкольное образование,3605005472,"397500, ВОРОНЕЖСКАЯ ОБЛАСТЬ, Р-Н БУТУРЛИНОВСКИЙ, Г. БУТУРЛИНОВКА, УЛ. ЛЕНИНА, Д.283","50.824465, 40.6197489",действующая,28-04-2025,09-10-2002,360501001,1023600644430,09-10-2002,20208501000,20608101001,59557755,4210007,14,85.11,2014,75404,Муниципальное казенное учреждение,МКУ,2014,ЗАВЕДУЮЩИЙ,Буркова Надежда Николаевна,0,головная организация
Бутурлиновский,"МКДОУ БУТУРЛИНОВСКИЙ ДЕТСКИЙ САД ""ЛЕСНАЯ СКАЗКА""","МУНИЦИПАЛЬНОЕ КАЗЕННОЕ ДОШКОЛЬНОЕ ОБРАЗОВАТЕЛЬНОЕ УЧРЕЖДЕНИЕ БУТУРЛИНОВСКИЙ ДЕТСКИЙ САД ""ЛЕСНАЯ СКАЗКА"" БУТУРЛИНОВСКОГО МУНИЦИПАЛЬНОГО РАЙОНА ВОРОНЕЖСКОЙ ОБЛАСТИ",дошкольное образование,3605009195,"397505, ВОРОНЕЖСКАЯ ОБЛАСТЬ, Р-Н БУТУРЛИНОВСКИЙ, Г. БУТУРЛИНОВКА, УЛ. НОВАТОРОВ, Д. 2","50.8312775, 40.5977424",действующая,04-02-2025,07-06-2019,360501001,1193668022459,07-06-2019,20208501000,20608101001,39951504,4210007,14,85.11,2014,75404,Муниципальное казенное учреждение,МКУ,2014,ЗАВЕДУЮЩИЙ,Сушкова Елена Николаевна,0,головная организация
Бутурлиновский,МКДОУ БУТУРЛИНОВСКИЙ ДЕТСКИЙ САД №5,МУНИЦИПАЛЬНОЕ КАЗЕННОЕ ДОШКОЛЬНОЕ ОБРАЗОВАТЕЛЬНОЕ УЧРЕЖДЕНИЕ БУТУРЛИНОВСКИЙ ДЕТСКИЙ САД №5 БУТУРЛИНОВСКОГО МУНИЦИПАЛЬНОГО РАЙОНА ВОРОНЕЖСКОЙ ОБЛАСТИ,дошкольное образование,3605005592,"397500, ВОРОНЕЖСКАЯ ОБЛАСТЬ, Р-Н БУТУРЛИНОВСКИЙ, Г. БУТУРЛИНОВКА, ПЛ. ВОЛИ, Д. 19","50.835471, 40.5848055",действующая,02-02-2025,02-12-2002,360501001,1023600646222,02-12-2002,20208501000,20608101001,59566027,4210007,14,85.11,2014,75404,Муниципальное казенное учреждение,МКУ,2014,ЗАВЕДУЮЩИЙ,Попова Надежда Ивановна,0,головная организация
Бутурлиновский,МКОУ БУТУРЛИНОВСКАЯ ООШ №1,МУНИЦИПАЛЬНОЕ КАЗЕННОЕ ОБЩЕОБРАЗОВАТЕЛЬНОЕ УЧРЕЖДЕНИЕ БУТУРЛИНОВСКАЯ ОСНОВНАЯ ОБЩЕОБРАЗОВАТЕЛЬНАЯ ШКОЛА №1 БУТУРЛИНОВСКОГО МУНИЦИПАЛЬНОГО РАЙОНА ВОРОНЕЖСКОЙ ОБЛАСТИ,общеобразовательная организация,3605005602,"397500, ВОРОНЕЖСКАЯ ОБЛАСТЬ, Р-Н БУТУРЛИНОВСКИЙ, Г. БУТУРЛИНОВКА, УЛ. ЛЕНИНА, Д. 12","50.836577, 40.58637",действующая,09-02-2025,04-12-2002,360501001,1023600646299,04-12-2002,20208501000,20608101001,59566033,4210007,14,85.13,2014,75404,Муниципальное казенное учреждение,МКУ,2014,ДИРЕКТОР,Полунина Наталья Васильевна,0,головная организация
Бутурлиновский,МКОУ БУТУРЛИНОВСКАЯ ООШ №7,МУНИЦИПАЛЬНОЕ КАЗЕННОЕ ОБЩЕОБРАЗОВАТЕЛЬНОЕ УЧРЕЖДЕНИЕ БУТУРЛИНОВСКАЯ ОСНОВНАЯ ОБЩЕОБРАЗОВАТЕЛЬНАЯ ШКОЛА №7 БУТУРЛИНОВСКОГО МУНИЦИПАЛЬНОГО РАЙОНА ВОРОНЕЖСКОЙ ОБЛАСТИ,общеобразовательная организация,3605005835,"397502, ВОРОНЕЖСКАЯ ОБЛАСТЬ, Р-Н БУТУРЛИНОВСКИЙ, Г. БУТУРЛИНОВКА, УЛ. КРАСНАЯ, Д. 216","50.8313174, 40.5724196",действующая,05-02-2025,03-02-2003,360501001,1033688000235,03-02-2003,20208501000,20608101001,59566091,4210007,14,85.13,2014,75404,Муниципальное казенное учреждение,МКУ,2014,ДИРЕКТОР,Заболотняя Ольга Владимировна,0,головная организация
Бутурлиновский,МКОУ БУТУРЛИНОВСКАЯ ООШ №9,МУНИЦИПАЛЬНОЕ КАЗЕННОЕ ОБЩЕОБРАЗОВАТЕЛЬНОЕ УЧРЕЖДЕНИЕ БУТУРЛИНОВСКАЯ ОСНОВНАЯ ОБЩЕОБРАЗОВАТЕЛЬНАЯ ШКОЛА №9 БУТУРЛИНОВСКОГО МУНИЦИПАЛЬНОГО РАЙОНА ВОРОНЕЖСКОЙ ОБЛАСТИ,общеобразовательная организация,3605005754,"397507, ВОРОНЕЖСКАЯ ОБЛАСТЬ, Р-Н БУТУРЛИНОВСКИЙ, Г. БУТУРЛИНОВКА, УЛ. КИРОВА, Д.11","50.8564069, 40.5766318",действующая,24-03-2025,09-01-2003,360501001,1033688000092,09-01-2003,20208501000,20608101001,13495256,4210007,14,85.13,2014,75404,Муниципальное казенное учреждение,МКУ,2014,ДИРЕКТОР,Филатов Виктор Николаевич,0,головная организация
Бутурлиновский,МКОУ БУТУРЛИНОВСКАЯ ООШ№4 ИМ.ЕВГЕНИЯ РОЖЕНКО,МУНИЦИПАЛЬНОЕ КАЗЕННОЕ ОБЩЕОБРАЗОВАТЕЛЬНОЕ УЧРЕЖДЕНИЕ БУТУРЛИНОВСКАЯ ОСНОВНАЯ ОБЩЕОБРАЗОВАТЕЛЬНАЯ ШКОЛА №4 ИМЕНИ ЕВГЕНИЯ РОЖЕНКО БУТУРЛИНОВСКОГО МУНИЦИПАЛЬНОГО РАЙОНА ВОРОНЕЖСКОЙ ОБЛАСТИ,общеобразовательная организация,3605005641,"397501, ВОРОНЕЖСКАЯ ОБЛАСТЬ, Р-Н БУТУРЛИНОВСКИЙ, Г. БУТУРЛИНОВКА, УЛ. ПОБЕДЫ, Д. 76","50.8194465, 40.640574",действующая,22-05-2025,18-12-2002,360501001,1023600646585,18-12-2002,20208501000,20608101001,59566108,4210007,14,85.13,2014,75404,Муниципальное казенное учреждение,МКУ,2014,ДИРЕКТОР,Балакирева Ольга Сергеевна,0,головная организация
Бутурлиновский,МКОУ БУТУРЛИНОВСКАЯ СОШ,МУНИЦИПАЛЬНОЕ КАЗЕННОЕ ОБЩЕОБРАЗОВАТЕЛЬНОЕ УЧРЕЖДЕНИЕ БУТУРЛИНОВСКАЯ СРЕДНЯЯ ОБЩЕОБРАЗОВАТЕЛЬНАЯ ШКОЛА БУТУРЛИНОВСКОГО МУНИЦИПАЛЬНОГО РАЙОНА ВОРОНЕЖСКОЙ ОБЛАСТИ,общеобразовательная организация,3605042330,"397505, ВОРОНЕЖСКАЯ ОБЛАСТЬ, Р-Н БУТУРЛИНОВСКИЙ, Г. БУТУРЛИНОВКА, УЛ. ДОРОЖНАЯ, Д. 71","50.816216, 40.607201",действующая,29-12-2025,21-07-2014,360501001,1143668034773,21-07-2014,20208501000,20608101001,31255225,4210007,14,85.14,2014,75404,Муниципальное казенное учреждение,МКУ,2014,ДИРЕКТОР,Штельцер Игорь Евгеньевич,0,головная организация
Бутурлиновский,МКОУ ВЕЛИКОАРХАНГЕЛЬСКАЯ СОШ,МУНИЦИПАЛЬНОЕ КАЗЕННОЕ ОБЩЕОБРАЗОВАТЕЛЬНОЕ УЧРЕЖДЕНИЕ ВЕЛИКОАРХАНГЕЛЬСКАЯ СРЕДНЯЯ ОБЩЕОБРАЗОВАТЕЛЬНАЯ ШКОЛА БУТУРЛИНОВСКОГО МУНИЦИПАЛЬНОГО РАЙОНА ВОРОНЕЖСКОЙ ОБЛАСТИ,общеобразовательная организация,3605005634,"397543, ВОРОНЕЖСКАЯ ОБЛАСТЬ, Р-Н БУТУРЛИНОВСКИЙ, С. ВЕЛИКОАРХАНГЕЛЬСКОЕ, УЛ. ОКТЯБРЬСКАЯ, Д.63","50.8516719, 40.7701416",действующая,10-02-2025,11-12-2002,360501001,1023600646453,11-12-2002,20208816001,20608416101,59566043,4210007,14,85.14,2014,75404,Муниципальное казенное учреждение,МКУ,2014,ДИРЕКТОР,Бойко Наталья Александровна,0,головная организация
Бутурлиновский,МКОУ ГВАЗДЕНСКАЯ СОШ,МУНИЦИПАЛЬНОЕ КАЗЕННОЕ ОБЩЕОБРАЗОВАТЕЛЬНОЕ УЧРЕЖДЕНИЕ ГВАЗДЕНСКАЯ СРЕДНЯЯ ОБЩЕОБРАЗОВАТЕЛЬНАЯ ШКОЛА БУТУРЛИНОВСКОГО МУНИЦИПАЛЬНОГО РАЙОНА ВОРОНЕЖСКОЙ ОБЛАСТИ,общеобразовательная организация,3605005793,"397523, ВОРОНЕЖСКАЯ ОБЛАСТЬ, Р-Н БУТУРЛИНОВСКИЙ, С. ГВАЗДА, УЛ. ИВАНА БОЧАРНИКОВА, Д.41","50.73608, 40.482021",действующая,02-04-2025,10-01-2003,360501001,1033688000147,10-01-2003,20208828001,20608428101,59566174,4210007,14,85.14,2014,75404,Муниципальное казенное учреждение,МКУ,2014,ДИРЕКТОР,Кривоносов Сергей Петрович,0,головная организация
Бутурлиновский,МКОУ ДО БУТУРЛИНОВСКАЯ СШ,МУНИЦИПАЛЬНОЕ КАЗЕННОЕ ОБРАЗОВАТЕЛЬНОЕ УЧРЕЖДЕНИЕ ДОПОЛНИТЕЛЬНОГО ОБРАЗОВАНИЯ БУТУРЛИНОВСКАЯ СПОРТИВНАЯ ШКОЛА БУТУРЛИНОВСКОГО МУНИЦИПАЛЬНОГО РАЙОНА ВОРОНЕЖСКОЙ ОБЛАСТИ,организация доп. образования,3605005970,"397505, ВОРОНЕЖСКАЯ ОБЛАСТЬ, Р-Н БУТУРЛИНОВСКИЙ, Г. БУТУРЛИНОВКА, УЛ. ДОРОЖНАЯ, Д. 71","50.816216, 40.607201",действующая,29-12-2025,19-02-2003,360501001,1033688000444,19-02-2003,20208501000,20608101001,14350599,4210007,14,85.41,2014,75404,Муниципальное казенное учреждение,МКУ,2014,ДИРЕКТОР,Сафонов Владимир Иванович,0,головная организация
Бутурлиновский,МКОУ ДО БУТУРЛИНОВСКИЙ ДДТ,МУНИЦИПАЛЬНОЕ КАЗЕННОЕ ОБРАЗОВАТЕЛЬНОЕ УЧРЕЖДЕНИЕ ДОПОЛНИТЕЛЬНОГО ОБРАЗОВАНИЯ БУТУРЛИНОВСКИЙ ДОМ ДЕТСКОГО ТВОРЧЕСТВА БУТУРЛИНОВСКОГО МУНИЦИПАЛЬНОГО РАЙОНА ВОРОНЕЖСКОЙ ОБЛАСТИ,организация доп. образования,3605006003,"397505, ВОРОНЕЖСКАЯ ОБЛАСТЬ, Р-Н БУТУРЛИНОВСКИЙ, Г. БУТУРЛИНОВКА, УЛ. ДОРОЖНАЯ, Д. 71","50.816216, 40.607201",действующая,30-12-2025,04-03-2003,360501001,1033688000488,04-03-2003,20208501000,20608101001,14350637,4210007,14,85.41,2014,75404,Муниципальное казенное учреждение,МКУ,2014,ДИРЕКТОР,Махаева Елена Николаевна,0,головная организация
Бутурлиновский,МКОУ ЗЕЛЕНОПОСЕЛКОВАЯ ООШ,МУНИЦИПАЛЬНОЕ КАЗЕННОЕ ОБЩЕОБРАЗОВАТЕЛЬНОЕ УЧРЕЖДЕНИЕ ЗЕЛЕНОПОСЕЛКОВАЯ ОСНОВНАЯ ОБЩЕОБРАЗОВАТЕЛЬНАЯ ШКОЛА БУТУРЛИНОВСКОГО МУНИЦИПАЛЬНОГО РАЙОНА ВОРОНЕЖСКОЙ ОБЛАСТИ,общеобразовательная организация,3605005828,"397542, ВОРОНЕЖСКАЯ ОБЛАСТЬ, Р-Н БУТУРЛИНОВСКИЙ, П. ЗЕЛЁНЫЙ, УЛ. ЛЕНИНА, Д.4","50.8033909, 40.6608554",действующая,10-02-2025,20-01-2003,360501001,1033688000180,20-01-2003,20208804001,20608404101,13495316,4210007,14,85.13,2014,75404,Муниципальное казенное учреждение,МКУ,2014,ДИРЕКТОР,Плющева Галина Юрьевна,0,головная организация
Бутурлиновский,МКОУ КЛЕПОВСКАЯ СОШ,МУНИЦИПАЛЬНОЕ КАЗЕННОЕ ОБЩЕОБРАЗОВАТЕЛЬНОЕ УЧРЕЖДЕНИЕ КЛЕПОВСКАЯ СРЕДНЯЯ ОБЩЕОБРАЗОВАТЕЛЬНАЯ ШКОЛА БУТУРЛИНОВСКОГО МУНИЦИПАЛЬНОГО РАЙОНА ВОРОНЕЖСКОЙ ОБЛАСТИ,общеобразовательная организация,3605005842,"397524, ВОРОНЕЖСКАЯ ОБЛАСТЬ, Р-Н БУТУРЛИНОВСКИЙ, С КЛЁПОВКА, УЛ ЛЕНИНСКАЯ, Д. 100А","50.7050694, 40.4386747",действующая,02-04-2025,04-02-2003,360501001,1033688000246,04-02-2003,20208844001,20608444101,13495322,4210007,14,85.14,2014,75404,Муниципальное казенное учреждение,МКУ,2014,ДИРЕКТОР,Илларионова Наталья Александровна,0,головная организация
Бутурлиновский,МКОУ КОЗЛОВСКАЯ СОШ,МУНИЦИПАЛЬНОЕ КАЗЕННОЕ ОБЩЕОБРАЗОВАТЕЛЬНОЕ УЧРЕЖДЕНИЕ КОЗЛОВСКАЯ СРЕДНЯЯ ОБЩЕОБРАЗОВАТЕЛЬНАЯ ШКОЛА БУТУРЛИНОВСКОГО МУНИЦИПАЛЬНОГО РАЙОНА ВОРОНЕЖСКОЙ ОБЛАСТИ,общеобразовательная организация,3605005730,"397531, ВОРОНЕЖСКАЯ ОБЛАСТЬ, Р-Н БУТУРЛИНОВСКИЙ, С. КОЗЛОВКА, УЛ. ОКТЯБРЬСКАЯ, Д.21","50.857138, 40.459738",действующая,09-02-2025,09-01-2003,360501001,1033688000070,09-01-2003,20208848001,20608448101,59566145,4210007,14,85.14,2014,75404,Муниципальное казенное учреждение,МКУ,2014,ДИРЕКТОР,Аникина Ольга Николаевна,0,головная организация
Бутурлиновский,МКОУ КУЧЕРЯЕВСКАЯ ООШ,МУНИЦИПАЛЬНОЕ КАЗЕННОЕ ОБЩЕОБРАЗОВАТЕЛЬНОЕ УЧРЕЖДЕНИЕ КУЧЕРЯЕВСКАЯ ОСНОВНАЯ ОБЩЕОБРАЗОВАТЕЛЬНАЯ ШКОЛА БУТУРЛИНОВСКОГО МУНИЦИПАЛЬНОГО РАЙОНА ВОРОНЕЖСКОЙ ОБЛАСТИ,общеобразовательная организация,3605005962,"397544, ВОРОНЕЖСКАЯ ОБЛАСТЬ, Р-Н БУТУРЛИНОВСКИЙ, С. КУЧЕРЯЕВКА, УЛ. ЛЕНИНА, Д.93","50.8813856, 40.9205049",действующая,11-02-2025,19-02-2003,360501001,1033688000433,19-02-2003,20208856001,20608456101,14350608,4210007,14,85.13,2014,75404,Муниципальное казенное учреждение,МКУ,2014,ДИРЕКТОР,Солодунова Вера Владимировна,0,головная организация
Бутурлиновский,МКОУ НИЖНЕКИСЛЯЙСКАЯ СОШ ИМ.ПОЛЯКОВА,МУНИЦИПАЛЬНОЕ КАЗЕННОЕ ОБЩЕОБРАЗОВАТЕЛЬНОЕ УЧРЕЖДЕНИЕ НИЖНЕКИСЛЯЙСКАЯ СРЕДНЯЯ ОБЩЕОБРАЗОВАТЕЛЬНАЯ ШКОЛА ИМ.ПОЛЯКОВА БУТУРЛИНОВСКОГО МУНИЦИПАЛЬНОГО РАЙОНА ВОРОНЕЖСКОЙ ОБЛАСТИ,общеобразовательная организация,3605005659,"397535, ВОРОНЕЖСКАЯ ОБЛАСТЬ, Р-Н БУТУРЛИНОВСКИЙ, РП. НИЖНИЙ КИСЛЯЙ, УЛ. ШКОЛЬНАЯ, Д.14","50.853337, 40.16222",действующая,24-11-2025,20-12-2002,360501001,1023600646629,20-12-2002,20208560000,20608160051,59566079,4210007,14,85.14,2014,75404,Муниципальное казенное учреждение,МКУ,2014,ДИРЕКТОР,Лапина Ирина Николаевна,0,головная организация
Бутурлиновский,МКОУ ПУЗЕВСКАЯ СОШ,МУНИЦИПАЛЬНОЕ КАЗЕННОЕ ОБЩЕОБРАЗОВАТЕЛЬНОЕ УЧРЕЖДЕНИЕ ПУЗЕВСКАЯ СРЕДНЯЯ ОБЩЕОБРАЗОВАТЕЛЬНАЯ ШКОЛА БУТУРЛИНОВСКОГО МУНИЦИПАЛЬНОГО РАЙОНА ВОРОНЕЖСКОЙ ОБЛАСТИ,общеобразовательная организация,3605005786,"397525, ВОРОНЕЖСКАЯ ОБЛАСТЬ, Р-Н БУТУРЛИНОВСКИЙ, С. ПУЗЕВО, УЛ. ЛЕНИНА, Д.103","50.6704329, 40.3899938",действующая,04-08-2025,10-01-2003,360501001,1033688000125,10-01-2003,20208868001,20608468101,13495279,4210007,14,85.14,2014,75404,Муниципальное казенное учреждение,МКУ,2014,ДИРЕКТОР,Горлова Татьяна Петровна,0,головная организация
Бутурлиновский,ОТДЕЛ ПО ОБРАЗОВАНИЮ И МОЛОДЕЖНОЙ ПОЛИТИКЕ,ОТДЕЛ ПО ОБРАЗОВАНИЮ И МОЛОДЕЖНОЙ ПОЛИТИКЕ АДМИНИСТРАЦИИ БУТУРЛИНОВСКОГО МУНИЦИПАЛЬНОГО РАЙОНА ВОРОНЕЖСКОЙ ОБЛАСТИ,отдел,3605001118,"397500, ВОРОНЕЖСКАЯ ОБЛАСТЬ, Р-Н БУТУРЛИНОВСКИЙ, Г. БУТУРЛИНОВКА, ПЛ. ВОЛИ, Д. 9","50.835471, 40.5848055",действующая,10-02-2025,28-06-2002,360501001,1023600646321,04-12-2002,20208501000,20608101001,02104666,3300100,14,84.11.3,2014,75404,Муниципальное казенное учреждение,МКУ,2014,РУКОВОДИТЕЛЬ ОТДЕЛА ПО ОБРАЗОВАНИЮ,Подповетная Лариса Павловна,0,головная организация
Верхнемамонский,"КОУ ВО ""ВЕРХНЕМАМОНСКАЯ ШКОЛА-ИНТЕРНАТ""","КАЗЕННОЕ ОБЩЕОБРАЗОВАТЕЛЬНОЕ УЧРЕЖДЕНИЕ ВОРОНЕЖСКОЙ ОБЛАСТИ ""ВЕРХНЕМАМОНСКАЯ ШКОЛА-ИНТЕРНАТ ДЛЯ ОБУЧАЮЩИХСЯ С ОГРАНИЧЕННЫМИ ВОЗМОЖНОСТЯМИ ЗДОРОВЬЯ""",интернат,3606002001,"396460, ВОРОНЕЖСКАЯ ОБЛАСТЬ, Р-Н ВЕРХНЕМАМОНСКИЙ, С ВЕРХНИЙ МАМОН, УЛ ВАСИЛЕВСКОГО, Д. 47","50.165127, 40.386184",действующая,10-12-2025,09-01-1996,360601001,1023601069689,04-10-2002,20210804001,20610404101,05208254,2300223,13,85.13,2014,75204,Государственное казенное учреждение субъекта Российской Федерации,ГКУ,2014,ДИРЕКТОР,Лактионов Олег Николаевич,0,головная организация
Верхнемамонский,"КОУ ВО ""ВЕРХНЕМАМОНСКИЙ КАЗАЧИЙ КАДЕТСКИЙ КОРПУС""","КАЗЕННОЕ ОБЩЕОБРАЗОВАТЕЛЬНОЕ УЧРЕЖДЕНИЕ ВОРОНЕЖСКОЙ ОБЛАСТИ ""ВЕРХНЕМАМОНСКИЙ МАТВЕЯ ПЛАТОВА КАЗАЧИЙ КАДЕТСКИЙ КОРПУС""",интернат,3606005588,"396467, ВОРОНЕЖСКАЯ ОБЛАСТЬ, Р-Н ВЕРХНЕМАМОНСКИЙ, С ГОРОХОВКА, УЛ ВЕРОВА, Д. 18А","50.1078751, 40.1908083",действующая,09-04-2025,30-08-2007,360601001,1073620000475,30-08-2007,20210808001,20610408101,81946740,2300223,13,85.14,2014,75204,Государственное казенное учреждение субъекта Российской Федерации,ГКУ,2014,ДИРЕКТОР,Сорокин Виктор Владимирович,0,головная организация
Верхнемамонский,"МБОО ""ЛИЦЕЙ СЕЛА ВЕРХНИЙ МАМОН""","МУНИЦИПАЛЬНАЯ БЮДЖЕТНАЯ ОБЩЕОБРАЗОВАТЕЛЬНАЯ ОРГАНИЗАЦИЯ ""ЛИЦЕЙ СЕЛА ВЕРХНИЙ МАМОН ВЕРХНЕМАМОНСКОГО МУНИЦИПАЛЬНОГО РАЙОНА ВОРОНЕЖСКОЙ ОБЛАСТИ""",общеобразовательная организация,3606002442,"396460, ВОРОНЕЖСКАЯ ОБЛАСТЬ, Р-Н ВЕРХНЕМАМОНСКИЙ, С. ВЕРХНИЙ МАМОН, УЛ. ШКОЛЬНАЯ, Д.7, ---, ---","50.1725784, 40.3985858",действующая,26-03-2025,15-04-2002,360601001,1023601070877,06-11-2002,20210804001,20610404101,34019471,4210007,14,85.14,2014,75403,Муниципальное бюджетное учреждение,МБУ,2014,ДИРЕКТОР,Ткачев Игорь Викторович,0,головная организация
Верхнемамонский,"МКДОУ ""ВЕРХНЕМАМОНСКИЙ ДЕТСКИЙ САД №2""","МУНИЦИПАЛЬНОЕ КАЗЕННОЕ ДОШКОЛЬНОЕ ОБРАЗОВАТЕЛЬНОЕ УЧРЕЖДЕНИЕ ""ВЕРХНЕМАМОНСКИЙ ДЕТСКИЙ САД №2 ВЕРХНЕМАМОНСКОГО МУНИЦИПАЛЬНОГО РАЙОНА ВОРОНЕЖСКОЙ ОБЛАСТИ""",дошкольное образование,3606004143,"396461, ВОРОНЕЖСКАЯ ОБЛАСТЬ, Р-Н ВЕРХНЕМАМОНСКИЙ, С. ВЕРХНИЙ МАМОН, УЛ. БРАТСКАЯ ПЛОЩАДЬ, Д.14А","50.156031, 40.371079",действующая,11-02-2025,30-07-2001,360601001,1023601071493,12-11-2002,20210804001,20610404101,57710490,4210007,14,85.11,2014,75404,Муниципальное казенное учреждение,МКУ,2014,ЗАВЕДУЮЩАЯ,Зеленина Ольга Николаевна,0,головная организация
Верхнемамонский,"МКДОУ ""НИЖНЕМАМОНСКИЙ ДЕТСКИЙ САД №3""","МУНИЦИПАЛЬНОЕ КАЗЕННОЕ ДОШКОЛЬНОЕ ОБРАЗОВАТЕЛЬНОЕ УЧРЕЖДЕНИЕ ""НИЖНЕМАМОНСКИЙ ДЕТСКИЙ САД №3 ВЕРХНЕМАМОНСКОГО МУНИЦИПАЛЬНОГО РАЙОНА ВОРОНЕЖСКОЙ ОБЛАСТИ""",дошкольное образование,3606004182,"396472, ВОРОНЕЖСКАЯ ОБЛАСТЬ, Р-Н ВЕРХНЕМАМОНСКИЙ, С. НИЖНИЙ МАМОН, УЛ. 40 ЛЕТ ПОБЕДЫ, Д.3","50.1918689, 40.5048729",действующая,19-04-2025,22-08-2001,360601001,1023601076730,23-12-2002,20210828001,20610428101,57710537,4210007,14,85.11,2014,75404,Муниципальное казенное учреждение,МКУ,2014,ЗАВЕДУЮЩИЙ,Семенова Анна Леонидовна,0,головная организация
Верхнемамонский,"МКДОУ ""НИЖНЕМАМОНСКИЙ ДЕТСКИЙ САД №8""","МУНИЦИПАЛЬНОЕ КАЗЕННОЕ ДОШКОЛЬНОЕ ОБРАЗОВАТЕЛЬНОЕ УЧРЕЖДЕНИЕ ""НИЖНЕМАМОНСКИЙ ДЕТСКИЙ САД №8 ВЕРХНЕМАМОНСКОГО МУНИЦИПАЛЬНОГО РАЙОНА ВОРОНЕЖСКОЙ ОБЛАСТИ""",дошкольное образование,3606004190,"396472, ВОРОНЕЖСКАЯ ОБЛАСТЬ, Р-Н ВЕРХНЕМАМОНСКИЙ, С. НИЖНИЙ МАМОН, УЛ. ПЕРВОМАЙСКАЯ, Д.39А","50.1555706, 40.5177204",действующая,08-02-2025,22-08-2001,360601001,1023601077004,24-12-2002,20210828001,20610428101,57710543,4210007,14,85.11,2014,75404,Муниципальное казенное учреждение,МКУ,2014,ЗАВЕДУЮЩИЙ,Жердева Анна Павловна,0,головная организация
Верхнемамонский,"МКДОУ ""ЦЕНТР - ВЕРХНЕМАМОНСКИЙ ДЕТСКИЙ САД № 1""","МУНИЦИПАЛЬНОЕ КАЗЕННОЕ ДОШКОЛЬНОЕ ОБРАЗОВАТЕЛЬНОЕ УЧРЕЖДЕНИЕ ""ЦЕНТР ПСИХОЛОГО - ПЕДАГОГИЧЕСКОЙ, МЕДИЦИНСКОЙ И СОЦИАЛЬНОЙ ПОМОЩИ - ВЕРХНЕМАМОНСКИЙ ДЕТСКИЙ САД № 1 ВЕРХНЕМАМОНСКОГО МУНИЦИПАЛЬНОГО РАЙОНА ВОРОНЕЖСКОЙ ОБЛАСТИ""",дошкольное образование,3606004200,"396460, ВОРОНЕЖСКАЯ ОБЛАСТЬ, Р-Н ВЕРХНЕМАМОНСКИЙ, С. ВЕРХНИЙ МАМОН, УЛ. 60 ЛЕТ ОКТЯБРЯ, Д.7/4, ---, ---","50.1704347, 40.4047318",действующая,21-01-2026,06-08-2001,360601001,1023601070481,02-11-2002,20210804001,20610404101,57710520,4210007,14,85.11,2014,75404,Муниципальное казенное учреждение,МКУ,2014,ЗАВЕДУЮЩИЙ,Грязева Татьяна Сергеевна,0,головная организация
Верхнемамонский,"МКОУ ""ВЕРХНЕМАМОНСКАЯ ООШ""","МУНИЦИПАЛЬНОЕ КАЗЕННОЕ ОБЩЕОБРАЗОВАТЕЛЬНОЕ УЧРЕЖДЕНИЕ ""ВЕРХНЕМАМОНСКАЯ ОСНОВНАЯ ОБЩЕОБРАЗОВАТЕЛЬНАЯ ШКОЛА ВЕРХНЕМАМОНСКОГО МУНИЦИПАЛЬНОГО РАЙОНА ВОРОНЕЖСКОЙ ОБЛАСТИ""",общеобразовательная организация,3606004009,"396461, ВОРОНЕЖСКАЯ ОБЛАСТЬ, Р-Н ВЕРХНЕМАМОНСКИЙ, С. ВЕРХНИЙ МАМОН, УЛ. ПЕРВОМАЙСКАЯ, Д.3, К.1, -------","50.1471602, 40.3651222",действующая,21-03-2025,14-02-2002,360601001,1023601072010,15-11-2002,20210804001,20610404101,57710388,4210007,14,85.13,2014,75404,Муниципальное казенное учреждение,МКУ,2014,ДИРЕКТОР,Морозов Борис Николаевич,0,головная организация
Верхнемамонский,"МКОУ ""ГОРОХОВСКАЯ СОШ""","МУНИЦИПАЛЬНОЕ КАЗЕННОЕ ОБЩЕОБРАЗОВАТЕЛЬНОЕ УЧРЕЖДЕНИЕ ""ГОРОХОВСКАЯ СРЕДНЯЯ ОБЩЕОБРАЗОВАТЕЛЬНАЯ ШКОЛА ВЕРХНЕМАМОНСКОГО МУНИЦИПАЛЬНОГО РАЙОНА ВОРОНЕЖСКОЙ ОБЛАСТИ""",общеобразовательная организация,3606004030,"396467, ВОРОНЕЖСКАЯ ОБЛАСТЬ, Р-Н ВЕРХНЕМАМОНСКИЙ, С ГОРОХОВКА, УЛ ВЕРОВА, Д. 18","50.1078751, 40.1908083",действующая,07-02-2025,13-02-2002,360601001,1023601070855,06-11-2002,20210808001,20610408101,57710402,4210007,14,85.14,2014,75404,Муниципальное казенное учреждение,МКУ,2014,ДИРЕКТОР,Мирошников Роман Сергеевич,0,головная организация
Верхнемамонский,"МКОУ ""ДЕРЕЗОВСКАЯ ООШ ИМЕНИ ГЕРОЯ СОВЕТСКОГО СОЮЗА ВАСИЛИЯ ПРОКАТОВА""","МУНИЦИПАЛЬНОЕ КАЗЕННОЕ ОБЩЕОБРАЗОВАТЕЛЬНОЕ УЧРЕЖДЕНИЕ ""ДЕРЕЗОВСКАЯ ОСНОВНАЯ ОБЩЕОБРАЗОВАТЕЛЬНАЯ ШКОЛА ВЕРХНЕМАМОНСКОГО МУНИЦИПАЛЬНОГО РАЙОНА ВОРОНЕЖСКОЙ ОБЛАСТИ ИМЕНИ ГЕРОЯ СОВЕТСКОГО СОЮЗА ВАСИЛИЯ ПРОКАТОВА""",общеобразовательная организация,3606004062,"396485, ВОРОНЕЖСКАЯ ОБЛАСТЬ, Р-Н ВЕРХНЕМАМОНСКИЙ, С. ДЕРЕЗОВКА, УЛ. ПЕРВОМАЙСКАЯ, Д.78, ---, ----","50.0800896, 40.2995109",действующая,25-11-2025,14-02-2002,360601001,1023601071163,09-11-2002,20210812001,20610412101,57710394,4210007,14,85.13,2014,75404,Муниципальное казенное учреждение,МКУ,2014,ДИРЕКТОР,Некрасов Владимир Васильевич,0,головная организация
Верхнемамонский,"МКОУ ""ЛОЗОВСКАЯ СОШ""","МУНИЦИПАЛЬНОЕ КАЗЕННОЕ ОБЩЕОБРАЗОВАТЕЛЬНОЕ УЧРЕЖДЕНИЕ ""ЛОЗОВСКАЯ СРЕДНЯЯ ОБЩЕОБРАЗОВАТЕЛЬНАЯ ШКОЛА ВЕРХНЕМАМОНСКОГО МУНИЦИПАЛЬНОГО РАЙОНА ВОРОНЕЖСКОЙ ОБЛАСТИ""",общеобразовательная организация,3606004094,"396465, ВОРОНЕЖСКАЯ ОБЛАСТЬ, Р-Н ВЕРХНЕМАМОНСКИЙ, С. ЛОЗОВОЕ, УЛ. ПЕРВОМАЙСКАЯ, Д. 15","50.2647008, 40.3519101",действующая,22-05-2025,28-02-2002,360601001,1023601077081,25-12-2002,20210816001,20610416101,57710454,4210007,14,85.14,2014,75404,Муниципальное казенное учреждение,МКУ,2014,ДИРЕКТОР,Полупанова Людмила Александровна,0,головная организация
Верхнемамонский,"МКОУ ""МАМОНОВСКАЯ ООШ""","МУНИЦИПАЛЬНОЕ КАЗЕННОЕ ОБЩЕОБРАЗОВАТЕЛЬНОЕ УЧРЕЖДЕНИЕ ""МАМОНОВСКАЯ ОСНОВНАЯ ОБЩЕОБРАЗОВАТЕЛЬНАЯ ШКОЛА ВЕРХНЕМАМОНСКОГО МУНИЦИПАЛЬНОГО РАЙОНА ВОРОНЕЖСКОЙ ОБЛАСТИ""",общеобразовательная организация,3606004023,"396483, ВОРОНЕЖСКАЯ ОБЛАСТЬ, Р-Н ВЕРХНЕМАМОНСКИЙ, С. МАМОНОВКА, УЛ. ПЕРВОМАЙСКАЯ, Д.1/2","50.3935599, 40.505583",действующая,06-02-2025,15-02-2002,360601001,1023601073011,23-11-2002,20210824001,20610424101,57710365,4210007,14,85.13,2014,75404,Муниципальное казенное учреждение,МКУ,2014,ДИРЕКТОР,Черных Алла Александровна,0,головная организация
Верхнемамонский,"МКОУ ""НИЖНЕМАМОНСКАЯ ООШ""","МУНИЦИПАЛЬНОЕ КАЗЕННОЕ ОБЩЕОБРАЗОВАТЕЛЬНОЕ УЧРЕЖДЕНИЕ ""НИЖНЕМАМОНСКАЯ ОСНОВНАЯ ОБЩЕОБРАЗОВАТЕЛЬНАЯ ШКОЛА ВЕРХНЕМАМОНСКОГО МУНИЦИПАЛЬНОГО РАЙОНА ВОРОНЕЖСКОЙ ОБЛАСТИ""",общеобразовательная организация,3606003975,"396473, ВОРОНЕЖСКАЯ ОБЛАСТЬ, Р-Н ВЕРХНЕМАМОНСКИЙ, С. НИЖНИЙ МАМОН, УЛ. ПЕРВОМАЙСКАЯ, Д. 39","50.1546452, 40.5184231",действующая,18-05-2025,13-02-2002,360601001,1023601071471,12-11-2002,20210828001,20610428101,56461305,4210007,14,85.13,2014,75404,Муниципальное казенное учреждение,МКУ,2014,ДИРЕКТОР,Полунин Юрий Иванович,0,головная организация
Верхнемамонский,"МКОУ ""НИЖНЕМАМОНСКАЯ СОШ №1""","МУНИЦИПАЛЬНОЕ КАЗЕННОЕ ОБЩЕОБРАЗОВАТЕЛЬНОЕ УЧРЕЖДЕНИЕ ""НИЖНЕМАМОНСКАЯ СРЕДНЯЯ ОБЩЕОБРАЗОВАТЕЛЬНАЯ ШКОЛА №1 ВЕРХНЕМАМОНСКОГО МУНИЦИПАЛЬНОГО РАЙОНА ВОРОНЕЖСКОЙ ОБЛАСТИ""",общеобразовательная организация,3606003943,"396472, ВОРОНЕЖСКАЯ ОБЛАСТЬ, Р-Н ВЕРХНЕМАМОНСКИЙ, С. НИЖНИЙ МАМОН, УЛ. 40 ЛЕТ ПОБЕДЫ, Д.22, ----, ----","50.1951958, 40.5091636",действующая,31-07-2025,31-01-2002,360601001,1023601070866,06-11-2002,20210828001,20610428101,56461262,4210007,14,85.14,2014,75404,Муниципальное казенное учреждение,МКУ,2014,ДИРЕКТОР,Полунин Владимир Иванович,0,головная организация
Верхнемамонский,"МКОУ ""ОЛЬХОВАТСКАЯ ООШ""","МУНИЦИПАЛЬНОЕ КАЗЕННОЕ ОБЩЕОБРАЗОВАТЕЛЬНОЕ УЧРЕЖДЕНИЕ ""ОЛЬХОВАТСКАЯ ОСНОВНАЯ ОБЩЕОБРАЗОВАТЕЛЬНАЯ ШКОЛА ВЕРХНЕМАМОНСКОГО МУНИЦИПАЛЬНОГО РАЙОНА ВОРОНЕЖСКОЙ ОБЛАСТИ""",общеобразовательная организация,3606004168,"396468, ВОРОНЕЖСКАЯ ОБЛАСТЬ, Р-Н ВЕРХНЕМАМОНСКИЙ, С. ОЛЬХОВАТКА, УЛ. ДЬЯЧКОВА, Д.20, ------, ------","50.1700301, 40.0958939",действующая,12-11-2025,05-02-2002,360601001,1023601070888,06-11-2002,20210836001,20610436101,57710508,4210007,14,85.13,2014,75404,Муниципальное казенное учреждение,МКУ,2014,ДИРЕКТОР,Мозгунова Светлана Анатольевна,0,головная организация
Верхнемамонский,"МКОУ ""РУССКОЖУРАВСКАЯ СОШ""","МУНИЦИПАЛЬНОЕ КАЗЕННОЕ ОБЩЕОБРАЗОВАТЕЛЬНОЕ УЧРЕЖДЕНИЕ ""РУССКОЖУРАВСКАЯ СРЕДНЯЯ ОБЩЕОБРАЗОВАТЕЛЬНАЯ ШКОЛА ВЕРХНЕМАМОНСКОГО МУНИЦИПАЛЬНОГО РАЙОНА ВОРОНЕЖСКОЙ ОБЛАСТИ""",общеобразовательная организация,3606003911,"396482, ВОРОНЕЖСКАЯ ОБЛАСТЬ, Р-Н ВЕРХНЕМАМОНСКИЙ, С РУССКАЯ ЖУРАВКА, УЛ ЦЕНТРАЛЬНАЯ, ЗД. 100/1","50.361408, 40.557601",действующая,17-02-2025,11-02-2002,360601001,1023601072670,23-11-2002,20210844001,20610444101,56461240,4210007,14,85.14,2014,75404,Муниципальное казенное учреждение,МКУ,2014,ДИРЕКТОР,Иноземцева Ольга Васильевна,0,головная организация
Верхнемамонский,МКУ ДО ДДИЮ,"МУНИЦИПАЛЬНОЕ КАЗЕННОЕ УЧРЕЖДЕНИЕ ДОПОЛНИТЕЛЬНОГО ОБРАЗОВАНИЯ ""ДВОРЕЦ ДЕТЕЙ И ЮНОШЕСТВА ВЕРХНЕМАМОНСКОГО МУНИЦИПАЛЬНОГО РАЙОНА ВОРОНЕЖСКОЙ ОБЛАСТИ""",организация доп. образования,3606004070,"396460, ВОРОНЕЖСКАЯ ОБЛАСТЬ, Р-Н ВЕРХНЕМАМОНСКИЙ, С. ВЕРХНИЙ МАМОН, УЛ. 60 ЛЕТ ОКТЯБРЯ, Д. 11/1","50.169268, 40.401802",действующая,12-02-2025,25-07-2001,360601001,1023601070558,02-11-2002,20210804001,20610404101,57710425,4210007,14,85.41,2014,75404,Муниципальное казенное учреждение,МКУ,2014,ДИРЕКТОР,Мурзина Наталья Ивановна,0,головная организация
Верхнемамонский,"МКУДО ""ВЕРХНЕМАМОНСКАЯ ДЮСШ""","МУНИЦИПАЛЬНОЕ КАЗЕННОЕ УЧРЕЖДЕНИЕ ДОПОЛНИТЕЛЬНОГО ОБРАЗОВАНИЯ ""ВЕРХНЕМАМОНСКАЯ ДЕТСКО-ЮНОШЕСКАЯ СПОРТИВНАЯ ШКОЛА ВЕРХНЕМАМОНСКОГО МУНИЦИПАЛЬНОГО РАЙОНА ВОРОНЕЖСКОЙ ОБЛАСТИ""",организация доп. образования,3606004224,"396460, ВОРОНЕЖСКАЯ ОБЛАСТЬ, Р-Н ВЕРХНЕМАМОНСКИЙ, С. ВЕРХНИЙ МАМОН, УЛ. 60 ЛЕТ ОКТЯБРЯ, Д. 11А","50.170052, 40.401074",действующая,12-02-2025,27-09-2001,360601001,1023601077796,30-12-2002,20210804001,20610404101,57710566,4210007,14,85.41,2014,75404,Муниципальное казенное учреждение,МКУ,2014,ДИРЕКТОР,Лазарев Валерий Владимирович,0,головная организация
Верхнемамонский,ОТДЕЛ ПО ОБРАЗОВАНИЮ,ОТДЕЛ ПО ОБРАЗОВАНИЮ АДМИНИСТРАЦИИ ВЕРХНЕМАМОНСКОГО МУНИЦИПАЛЬНОГО РАЙОНА ВОРОНЕЖСКОЙ ОБЛАСТИ,отдел,3606001953,"396460, ВОРОНЕЖСКАЯ ОБЛАСТЬ, Р-Н ВЕРХНЕМАМОНСКИЙ, С. ВЕРХНИЙ МАМОН, ПЛ. ЛЕНИНА, Д. 1","50.1713564, 40.400787",действующая,21-01-2026,29-11-1999,360601001,1023601071647,13-11-2002,20210804001,20610404101,02104672,3300100,14,84.11.3,2014,75404,Муниципальное казенное учреждение,МКУ,2014,ИСПОЛНЯЮЩИЙ ОБЯЗАННОСТИ РУКОВОДИТЕЛЯ,Батищева Светлана Николаевна,0,головная организация
Верхнехавский,"МБУ ДО ""ВЕРХНЕХАВСКИЙ ДТДИМ""","МУНИЦИПАЛЬНОЕ БЮДЖЕТНОЕ УЧРЕЖДЕНИЕ ДОПОЛНИТЕЛЬНОГО ОБРАЗОВАНИЯ ""ВЕРХНЕХАВСКИЙ ДОМ ТВОРЧЕСТВА ДЕТЕЙ И МОЛОДЕЖИ""",организация доп. образования,3607001378,"396110, ВОРОНЕЖСКАЯ ОБЛАСТЬ, Р-Н ВЕРХНЕХАВСКИЙ, С. ВЕРХНЯЯ ХАВА, УЛ. 50 ЛЕТ ОКТЯБРЯ, Д. 12","51.844252, 39.938208",действующая,12-02-2025,20-02-2002,360701001,1023600936809,19-12-2002,20211824001,20611424101,41211714,4210007,14,85.41,2014,75403,Муниципальное бюджетное учреждение,МБУ,2014,ДИРЕКТОР,Зацепин Анатолий Александрович,0,головная организация
Верхнехавский,"МКДОУ ""ДЕТСКИЙ САД ОВ №1 - ЦППМСП"" ВЕРХНЕХАВСКОГО МУНИЦИПАЛЬНОГО РАЙОНА","МУНИЦИПАЛЬНОЕ КАЗЕННОЕ ДОШКОЛЬНОЕ ОБРАЗОВАТЕЛЬНОЕ УЧРЕЖДЕНИЕ ""ДЕТСКИЙ САД ОБЩЕРАЗВИВАЮЩЕГО ВИДА №1 - ЦЕНТР ПСИХОЛОГО-ПЕДАГОГИЧЕСКОЙ, МЕДИЦИНСКОЙ И СОЦИАЛЬНОЙ ПОМОЩИ"" ВЕРХНЕХАВСКОГО МУНИЦИПАЛЬНОГО РАЙОНА ВОРОНЕЖСКОЙ ОБЛАСТИ",дошкольное образование,3607002283,"396110, ВОРОНЕЖСКАЯ ОБЛАСТЬ, Р-Н ВЕРХНЕХАВСКИЙ, С. ВЕРХНЯЯ ХАВА, УЛ. 50 ЛЕТ ОКТЯБРЯ, Д. 33","51.8437661, 39.9389409",действующая,27-01-2026,06-06-2000,360701001,1023600937425,24-12-2002,20211824001,20611424101,42625642,4210007,14,85.11,2014,75404,Муниципальное казенное учреждение,МКУ,2014,ЗАВЕДУЮЩИЙ,Жукова Ирина Владимировна,0,головная организация
Верхнехавский,"МКДОУ ""ДЕТСКИЙ САД ОВ С. УГЛЯНЕЦ""","МУНИЦИПАЛЬНОЕ КАЗЕННОЕ ДОШКОЛЬНОЕ ОБРАЗОВАТЕЛЬНОЕ УЧРЕЖДЕНИЕ ""ДЕТСКИЙ САД ОБЩЕРАЗВИВАЮЩЕГО ВИДА С. УГЛЯНЕЦ"" ВЕРХНЕХАВСКОГО МУНИЦИПАЛЬНОГО РАЙОНА ВОРОНЕЖСКОЙ ОБЛАСТИ",дошкольное образование,3607004153,"396130, ВОРОНЕЖСКАЯ ОБЛАСТЬ, М.Р-Н ВЕРХНЕХАВСКИЙ, С.П. УГЛЯНСКОЕ, С УГЛЯНЕЦ, УЛ ЛОМОНОСОВА, ЗД. 188А","51.819502, 39.584308",действующая,07-02-2025,30-05-2003,360701001,1033675001370,30-05-2003,20211856001,20611456101,13499840,4210007,14,85.11,2014,75404,Муниципальное казенное учреждение,МКУ,2014,ЗАВЕДУЮЩАЯ,Летникова Анжела Владимировна,0,головная организация
Верхнехавский,"МКОУ ""ВЕРХНЕМАЗОВСКАЯ СОШ""","МУНИЦИПАЛЬНОЕ КАЗЕННОЕ ОБЩЕОБРАЗОВАТЕЛЬНОЕ УЧРЕЖДЕНИЕ ""ВЕРХНЕМАЗОВСКАЯ СРЕДНЯЯ ОБЩЕОБРАЗОВАТЕЛЬНАЯ ШКОЛА"" ВЕРХНЕХАВСКОГО МУНИЦИПАЛЬНОГО РАЙОНА ВОРОНЕЖСКОЙ ОБЛАСТИ",общеобразовательная организация,3607003992,"396128, ВОРОНЕЖСКАЯ ОБЛАСТЬ, Р-Н ВЕРХНЕХАВСКИЙ, П. ВЕРХНЯЯ МАЗА, УЛ. 50 ЛЕТ ОКТЯБРЯ, Д.1А","51.8119494, 40.1532762",действующая,09-02-2025,07-02-2002,360701001,1023600934906,05-12-2002,20211816001,20611416101,57714498,4210007,14,85.14,2014,75404,Муниципальное казенное учреждение,МКУ,2014,ДИРЕКТОР ШКОЛЫ,Игнатова Таисия Григорьевна,1,головная организация
Верхнехавский,"МКОУ ""ВЕРХНЕХАВСКАЯ СОШ №2""","МУНИЦИПАЛЬНОЕ КАЗЕННОЕ ОБЩЕОБРАЗОВАТЕЛЬНОЕ УЧРЕЖДЕНИЕ ""ВЕРХНЕХАВСКАЯ СРЕДНЯЯ ОБЩЕОБРАЗОВАТЕЛЬНАЯ ШКОЛА №2"" ВЕРХНЕХАВСКОГО МУНИЦИПАЛЬНОГО РАЙОНА ВОРОНЕЖСКОЙ ОБЛАСТИ",общеобразовательная организация,3607003720,"396110, ВОРОНЕЖСКАЯ ОБЛАСТЬ, Р-Н ВЕРХНЕХАВСКИЙ, С. ВЕРХНЯЯ ХАВА, УЛ. ОКТЯБРЬСКАЯ, Д.22","51.8398505, 39.9561072",действующая,11-03-2025,13-03-2002,360701001,1023600935335,09-12-2002,20211824001,20611424101,57708581,4210007,14,85.14,2014,75404,Муниципальное казенное учреждение,МКУ,2014,ДИРЕКТОР,Филимонов Александр Викторович,0,головная организация
Верхнехавский,"МКОУ ""НИЖНЕБАЙГОРСКАЯ СОШ""","МУНИЦИПАЛЬНОЕ КАЗЕННОЕ ОБЩЕОБРАЗОВАТЕЛЬНОЕ УЧРЕЖДЕНИЕ ""НИЖНЕБАЙГОРСКАЯ СРЕДНЯЯ ОБЩЕОБРАЗОВАТЕЛЬНАЯ ШКОЛА"" ВЕРХНЕХАВСКОГО МУНИЦИПАЛЬНОГО РАЙОНА ВОРОНЕЖСКОЙ ОБЛАСТИ",общеобразовательная организация,3607003801,"396118, ВОРОНЕЖСКАЯ ОБЛАСТЬ, Р-Н ВЕРХНЕХАВСКИЙ, С НИЖНЯЯ БАЙГОРА, УЛ МОСКОВСКАЯ, Д. 28Б","51.9409557, 39.9242995",действующая,27-01-2026,07-02-2002,360701001,1023600935038,05-12-2002,20211834001,20611434101,57714506,4210007,14,85.14,2014,75404,Муниципальное казенное учреждение,МКУ,2014,ДИРЕКТОР,Мещеряков Константин Александрович,3,головная организация
Верхнехавский,"МКОУ ""ПАРИЖСКОКОММУНСКАЯ СОШ""","МУНИЦИПАЛЬНОЕ КАЗЕННОЕ ОБЩЕОБРАЗОВАТЕЛЬНОЕ УЧРЕЖДЕНИЕ ""ПАРИЖСКОКОММУНСКАЯ СРЕДНЯЯ ОБЩЕОБРАЗОВАТЕЛЬНАЯ ШКОЛА"" ВЕРХНЕХАВСКОГО МУНИЦИПАЛЬНОГО РАЙОНА ВОРОНЕЖСКОЙ ОБЛАСТИ",общеобразовательная организация,3607003819,"396131, ВОРОНЕЖСКАЯ ОБЛАСТЬ, Р-Н ВЕРХНЕХАВСКИЙ, С. ПАРИЖСКАЯ КОММУНА, УЛ. СОВХОЗНАЯ, Д.42","51.7974416, 39.6323395",действующая,06-03-2025,20-02-2002,360701001,1023600934411,02-12-2002,20211836001,20611436101,57714469,4210007,14,85.14,2014,75404,Муниципальное казенное учреждение,МКУ,2014,ДИРЕКТОР,Беляева Оксана Николаевна,1,головная организация
Верхнехавский,"МКОУ ""ПРАВОХАВСКАЯ СОШ""","МУНИЦИПАЛЬНОЕ КАЗЕННОЕ ОБЩЕОБРАЗОВАТЕЛЬНОЕ УЧРЕЖДЕНИЕ ""ПРАВОХАВСКАЯ СРЕДНЯЯ ОБЩЕОБРАЗОВАТЕЛЬНАЯ ШКОЛА"" ВЕРХНЕХАВСКОГО МУНИЦИПАЛЬНОГО РАЙОНА ВОРОНЕЖСКОЙ ОБЛАСТИ",общеобразовательная организация,3607003777,"396115, ВОРОНЕЖСКАЯ ОБЛАСТЬ, Р-Н ВЕРХНЕХАВСКИЙ, С. ПРАВАЯ ХАВА, УЛ. ЛЕВАНЕВСКОГО, Д.1","51.7226497, 39.7814417",действующая,29-04-2025,20-02-2002,360701001,1023600936600,18-12-2002,20211844001,20611444101,56451789,4210007,14,85.14,2014,75404,Муниципальное казенное учреждение,МКУ,2014,ДИРЕКТОР,Голубцова Татьяна Николаевна,1,головная организация
Верхнехавский,"МКОУ ""СПАССКАЯ СОШ""","МУНИЦИПАЛЬНОЕ КАЗЕННОЕ ОБЩЕОБРАЗОВАТЕЛЬНОЕ УЧРЕЖДЕНИЕ ""СПАССКАЯ СРЕДНЯЯ ОБЩЕОБРАЗОВАТЕЛЬНАЯ ШКОЛА"" ВЕРХНЕХАВСКОГО МУНИЦИПАЛЬНОГО РАЙОНА ВОРОНЕЖСКОЙ ОБЛАСТИ",общеобразовательная организация,3607003456,"396116, ВОРОНЕЖСКАЯ ОБЛАСТЬ, Р-Н ВЕРХНЕХАВСКИЙ, П. ВИШНЕВКА, УЛ. МИРА, Д.7","51.8357686, 39.8405245",действующая,03-02-2025,07-02-2002,360701001,1023600935148,06-12-2002,20211848001,20611448101,56451766,4210007,14,85.14,2014,75404,Муниципальное казенное учреждение,МКУ,2014,ДИРЕКТОР,Меркушов Владимир Васильевич,0,головная организация
Верхнехавский,"МКОУ ""УГЛЯНСКАЯ ООШ""","МУНИЦИПАЛЬНОЕ КАЗЕННОЕ ОБЩЕОБРАЗОВАТЕЛЬНОЕ УЧРЕЖДЕНИЕ ""УГЛЯНСКАЯ ОСНОВНАЯ ОБЩЕОБРАЗОВАТЕЛЬНАЯ ШКОЛА"" ВЕРХНЕХАВСКОГО МУНИЦИПАЛЬНОГО РАЙОНА ВОРОНЕЖСКОЙ ОБЛАСТИ",общеобразовательная организация,3607003262,"396130, ВОРОНЕЖСКАЯ ОБЛАСТЬ, Р-Н ВЕРХНЕХАВСКИЙ, П. ПОДЛЕСНЫЙ, УЛ. ШКОЛЬНАЯ","51.823771, 39.5806195",действующая,03-02-2025,17-01-2000,360701001,1023600936776,19-12-2002,20211856002,20611456106,51716622,4210007,14,85.13,2014,75404,Муниципальное казенное учреждение,МКУ,2014,ДИРЕКТОР,Филимонова Лариса Михайловна,0,головная организация
Верхнехавский,"МКОУ ""УГЛЯНСКАЯ СОШ""","МУНИЦИПАЛЬНОЕ КАЗЕННОЕ ОБЩЕОБРАЗОВАТЕЛЬНОЕ УЧРЕЖДЕНИЕ ""УГЛЯНСКАЯ СРЕДНЯЯ ОБЩЕОБРАЗОВАТЕЛЬНАЯ ШКОЛА"" ВЕРХНЕХАВСКОГО МУНИЦИПАЛЬНОГО РАЙОНА ВОРОНЕЖСКОЙ ОБЛАСТИ",общеобразовательная организация,3607003907,"396130, ВОРОНЕЖСКАЯ ОБЛАСТЬ, Р-Н ВЕРХНЕХАВСКИЙ, С. УГЛЯНЕЦ, УЛ. ЛОМОНОСОВА, Д.167 ""Д""","51.817988, 39.583365",действующая,10-02-2025,13-03-2002,360701001,1023600933443,23-10-2002,20211856001,20611456101,57708569,4210007,14,85.14,2014,75404,Муниципальное казенное учреждение,МКУ,2014,ДИРЕКТОР,Парнева Зоя Евгеньевна,0,головная организация
Верхнехавский,"МКОУ ""ШУКАВСКАЯ СОШ""","МУНИЦИПАЛЬНОЕ КАЗЕННОЕ ОБЩЕОБРАЗОВАТЕЛЬНОЕ УЧРЕЖДЕНИЕ ""ШУКАВСКАЯ СРЕДНЯЯ ОБЩЕОБРАЗОВАТЕЛЬНАЯ ШКОЛА"" ВЕРХНЕХАВСКОГО МУНИЦИПАЛЬНОГО РАЙОНА ВОРОНЕЖСКОЙ ОБЛАСТИ",общеобразовательная организация,3607003495,"396125, ВОРОНЕЖСКАЯ ОБЛАСТЬ, Р-Н ВЕРХНЕХАВСКИЙ, С. ШУКАВКА, УЛ. ЛЕНИНА, Д.1 А","51.879078, 40.1840654",действующая,09-05-2025,20-02-2002,360701001,1023600935434,09-12-2002,20211860001,20611460101,56451714,4210007,14,85.14,2014,75404,Муниципальное казенное учреждение,МКУ,2014,ДИРЕКТОР,Шабанова Елена Владимировна,2,головная организация
Верхнехавский,МКОУ ВЕРХНЕХАВСКАЯ СОШ № 3,МУНИЦИПАЛЬНОЕ КАЗЕННОЕ ОБЩЕОБРАЗОВАТЕЛЬНОЕ УЧРЕЖДЕНИЕ ВЕРХНЕХАВСКАЯ СРЕДНЯЯ ОБЩЕОБРАЗОВАТЕЛЬНАЯ ШКОЛА №3 ВЕРХНЕХАВСКОГО МУНИЦИПАЛЬНОГО РАЙОНА ВОРОНЕЖСКОЙ ОБЛАСТИ,общеобразовательная организация,3607003576,"396110, ВОРОНЕЖСКАЯ ОБЛАСТЬ, Р-Н ВЕРХНЕХАВСКИЙ, С. ВЕРХНЯЯ ХАВА, УЛ. ШКОЛЬНАЯ, Д.1","51.8351459, 39.9209691",действующая,05-02-2025,07-02-2002,360701001,1023600932827,25-07-2002,20211824001,20611424101,56451938,4210007,14,85.14,2014,75404,Муниципальное казенное учреждение,МКУ,2014,ДИРЕКТОР,Блинов Леонид Александрович,0,головная организация
Верхнехавский,МКОУ ВЕРХНЕХАВСКАЯ СОШ №1,МУНИЦИПАЛЬНОЕ КАЗЕННОЕ ОБЩЕОБРАЗОВАТЕЛЬНОЕ УЧРЕЖДЕНИЕ ВЕРХНЕХАВСКАЯ СРЕДНЯЯ ОБЩЕОБРАЗОВАТЕЛЬНАЯ ШКОЛА №1 ВЕРХНЕХАВСКОГО МУНИЦИПАЛЬНОГО РАЙОНА ВОРОНЕЖСКОЙ ОБЛАСТИ,общеобразовательная организация,3607003713,"396110, ВОРОНЕЖСКАЯ ОБЛАСТЬ, Р-Н ВЕРХНЕХАВСКИЙ, С. ВЕРХНЯЯ ХАВА, УЛ. ЛЕНИНА, Д.13","51.844823, 39.935137",действующая,24-06-2025,28-02-2002,360701001,1023600934940,05-12-2002,20211824001,20611424101,57708575,4210007,14,85.14,2014,75404,Муниципальное казенное учреждение,МКУ,2014,ДИРЕКТОР,Михайлова Светлана Ивановна,0,головная организация
Верхнехавский,МКУ ДО ВЕРХНЕХАВСКАЯ СШ ВЕРХНЕХАВСКОГО МУНИЦИПАЛЬНОГО РАЙОНА ВОРОНЕЖСКОЙ ОБЛАСТИ,МУНИЦИПАЛЬНОЕ КАЗЁННОЕ УЧРЕЖДЕНИЕ ДОПОЛНИТЕЛЬНОГО ОБРАЗОВАНИЯ ВЕРХНЕХАВСКАЯ СПОРТИВНАЯ ШКОЛА ВЕРХНЕХАВСКОГО МУНИЦИПАЛЬНОГО РАЙОНА ВОРОНЕЖСКОЙ ОБЛАСТИ,организация доп. образования,3607003537,"396110, ВОРОНЕЖСКАЯ ОБЛАСТЬ, Р-Н ВЕРХНЕХАВСКИЙ, С. ВЕРХНЯЯ ХАВА, УЛ. 50 ЛЕТ ОКТЯБРЯ, Д.14А","51.8421019, 39.9409839",действующая,03-02-2025,02-02-1998,360701001,1023600934059,28-11-2002,20211824001,20611424101,56444677,4210007,14,85.41,2014,75404,Муниципальное казенное учреждение,МКУ,2014,ДИРЕКТОР,Зайцев Михаил Иванович,0,головная организация
Верхнехавский,"ОТДЕЛ ОБРАЗОВАНИЯ, ФИЗИЧЕСКОЙ КУЛЬТУРЫ И СПОРТА АДМИНИСТРАЦИИ ВЕРХНЕХАВСКОГО МУНИЦИПАЛЬНОГО РАЙОНА ВОРОНЕЖСКОЙ ОБЛАСТИ","ОТДЕЛ ОБРАЗОВАНИЯ, ФИЗИЧЕСКОЙ КУЛЬТУРЫ И СПОРТА АДМИНИСТРАЦИИ ВЕРХНЕХАВСКОГО МУНИЦИПАЛЬНОГО РАЙОНА ВОРОНЕЖСКОЙ ОБЛАСТИ",отдел,3607001089,"396110, ВОРОНЕЖСКАЯ ОБЛАСТЬ, Р-Н ВЕРХНЕХАВСКИЙ, С. ВЕРХНЯЯ ХАВА, УЛ. 50 ЛЕТ ОКТЯБРЯ, Д.12, -, -","51.844252, 39.938208",действующая,03-02-2025,31-05-2000,360701001,1023600937612,25-12-2002,20211824001,20611424101,02104689,3300100,14,84.11.3,2014,75404,Муниципальное казенное учреждение,МКУ,2014,РУКОВОДИТЕЛЬ ОТДЕЛА,Хатунцев Сергей Иванович,0,головная организация
Воробьевский,"КОУ ВО ""РУДНЯНСКАЯ ШКОЛА-ИНТЕРНАТ""","КАЗЕННОЕ ОБЩЕОБРАЗОВАТЕЛЬНОЕ УЧРЕЖДЕНИЕ ВОРОНЕЖСКОЙ ОБЛАСТИ ""РУДНЯНСКАЯ ШКОЛА-ИНТЕРНАТ ДЛЯ ОБУЧАЮЩИХСЯ С ОГРАНИЧЕННЫМИ ВОЗМОЖНОСТЯМИ ЗДОРОВЬЯ""",интернат,3608000352,"397563, ВОРОНЕЖСКАЯ ОБЛАСТЬ, Р-Н ВОРОБЬЕВСКИЙ, С. РУДНЯ, УЛ. ЛЕНИНА, Д.1, ----, ----","50.5457771, 40.9604884",действующая,10-02-2025,28-08-1998,360801001,1023600792918,16-11-2002,20212824001,20612406111,02082947,2300223,13,85.13,2014,75204,Государственное казенное учреждение субъекта Российской Федерации,ГКУ,2014,ДИРЕКТОР,Стеганцева Инна Васильевна,0,головная организация
Воробьевский,"МКДОУ ""ВОРОБЬЕВСКИЙ ДЕТСКИЙ САД №1""","МУНИЦИПАЛЬНОЕ КАЗЕННОЕ ДОШКОЛЬНОЕ ОБРАЗОВАТЕЛЬНОЕ УЧРЕЖДЕНИЕ ""ВОРОБЬЕВСКИЙ ДЕТСКИЙ САД №1""",дошкольное образование,3608003917,"397570, ВОРОНЕЖСКАЯ ОБЛАСТЬ, Р-Н ВОРОБЬЕВСКИЙ, С. ВОРОБЬЕВКА, УЛ. СОВЕТСКАЯ, Д.1 Г","50.6439344, 40.9282372",действующая,02-02-2025,27-01-2003,360801001,1033680000056,27-01-2003,20212806001,20612406101,13497835,4210007,14,85.11,2014,75404,Муниципальное казенное учреждение,МКУ,2014,ЗАВЕДУЮЩАЯ,Дорохова Ирина Викторовна,0,головная организация
Воробьевский,"МКДОУ ""ВОРОБЬЕВСКИЙ ДЕТСКИЙ САД №2""","МУНИЦИПАЛЬНОЕ КАЗЕННОЕ ДОШКОЛЬНОЕ ОБРАЗОВАТЕЛЬНОЕ УЧРЕЖДЕНИЕ ""ВОРОБЬЕВСКИЙ ДЕТСКИЙ САД №2""",дошкольное образование,3608003988,"397571, ВОРОНЕЖСКАЯ ОБЛАСТЬ, Р-Н ВОРОБЬЕВСКИЙ, С ВОРОБЬЁВКА, УЛ 1 МАЯ, Д. 167, ----","50.6226764, 40.9382238",действующая,08-05-2025,10-02-2003,360801001,1033680000177,10-02-2003,20212806001,20612406101,13497887,4210007,14,85.11,2014,75404,Муниципальное казенное учреждение,МКУ,2014,ЗАВЕДУЮЩИЙ,Логвинова Наталья Петровна,0,головная организация
Воробьевский,"МКОУ ""БЕРЕЗОВСКАЯ СОШ""","МУНИЦИПАЛЬНОЕ КАЗЕННОЕ ОБЩЕОБРАЗОВАТЕЛЬНОЕ УЧРЕЖДЕНИЕ ""БЕРЕЗОВСКАЯ СРЕДНЯЯ ОБЩЕОБРАЗОВАТЕЛЬНАЯ ШКОЛА""",общеобразовательная организация,3608003699,"397574, ВОРОНЕЖСКАЯ ОБЛАСТЬ, Р-Н ВОРОБЬЕВСКИЙ, С БЕРЁЗОВКА, УЛ ЦЕНТРАЛЬНАЯ, Д. 11, ----","50.7095675, 40.9790446",действующая,08-02-2025,17-05-2002,360801001,1023600792423,05-11-2002,20212802001,20612402101,25728961,4210007,14,85.14,2014,75404,Муниципальное казенное учреждение,МКУ,2014,ДИРЕКТОР,Шпотин Евгений Васильевич,0,головная организация
Воробьевский,"МКОУ ""ВОРОБЬЕВСКАЯ СОШ""","МУНИЦИПАЛЬНОЕ КАЗЕННОЕ ОБЩЕОБРАЗОВАТЕЛЬНОЕ УЧРЕЖДЕНИЕ ""ВОРОБЬЕВСКАЯ СРЕДНЯЯ ОБЩЕОБРАЗОВАТЕЛЬНАЯ ШКОЛА""",общеобразовательная организация,3608003787,"397570, ВОРОНЕЖСКАЯ ОБЛАСТЬ, Р-Н ВОРОБЬЕВСКИЙ, С. ВОРОБЬЕВКА, УЛ. КАЛИНИНА, Д.24 Б, ----, ----","50.6437927, 40.9226695",действующая,02-02-2025,26-10-2002,360801001,1023600792160,26-10-2002,20212806001,20612406101,59563879,4210007,14,85.14,2014,75404,Муниципальное казенное учреждение,МКУ,2014,ДИРЕКТОР,Кривоносова Наталья Николаевна,0,головная организация
Воробьевский,"МКОУ ""ЗАТОНСКАЯ ООШ""","МУНИЦИПАЛЬНОЕ КАЗЕННОЕ ОБЩЕОБРАЗОВАТЕЛЬНОЕ УЧРЕЖДЕНИЕ ""ЗАТОНСКАЯ ОСНОВНАЯ ОБЩЕОБРАЗОВАТЕЛЬНАЯ ШКОЛА""",общеобразовательная организация,3608003900,"397551, ВОРОНЕЖСКАЯ ОБЛАСТЬ, Р-Н ВОРОБЬЕВСКИЙ, С ЗАТОН, УЛ КИРОВА, ЗД. 121, ----","50.6546898, 40.7446588",действующая,09-02-2025,19-12-2002,360801001,1023600798110,19-12-2002,20212830002,20612430106,13492281,4210007,14,85.13,2014,75404,Муниципальное казенное учреждение,МКУ,2014,ДИРЕКТОР,Левищева Ольга Павловна,0,головная организация
Воробьевский,"МКОУ ""КРАСНОПОЛЬСКАЯ ООШ""","МУНИЦИПАЛЬНОЕ КАЗЕННОЕ ОБЩЕОБРАЗОВАТЕЛЬНОЕ УЧРЕЖДЕНИЕ ""КРАСНОПОЛЬСКАЯ ОСНОВНАЯ ОБЩЕОБРАЗОВАТЕЛЬНАЯ ШКОЛА""",общеобразовательная организация,3608003755,"397556, ВОРОНЕЖСКАЯ ОБЛАСТЬ, Р-Н ВОРОБЬЕВСКИЙ, П. 1-ГО ОТДЕЛЕНИЯ СОВХОЗА КРАСНОПОЛЬСКИЙ, УЛ. САДОВАЯ, Д. 3","50.619785, 41.38369",действующая,06-02-2025,27-05-2002,360801001,1023600792445,05-11-2002,20212814004,20612418126,54685365,4210007,14,85.13,2014,75404,Муниципальное казенное учреждение,МКУ,2014,ДИРЕКТОР,Боев Василий Митрофанович,0,головная организация
Воробьевский,"МКОУ ""ЛЕЩАНОВСКАЯ СОШ""","МУНИЦИПАЛЬНОЕ КАЗЕННОЕ ОБЩЕОБРАЗОВАТЕЛЬНОЕ УЧРЕЖДЕНИЕ ""ЛЕЩАНОВСКАЯ СРЕДНЯЯ ОБЩЕОБРАЗОВАТЕЛЬНАЯ ШКОЛА""",общеобразовательная организация,3608003681,"397550, ВОРОНЕЖСКАЯ ОБЛАСТЬ, Р-Н ВОРОБЬЕВСКИЙ, С. ЛЕЩАНОЕ, УЛ. ПЕРВОМАЙСКАЯ, Д.35, ----, ----","50.59586, 40.8898571",действующая,10-02-2025,14-05-2002,360801001,1023600792490,05-11-2002,20212815001,20612406106,25728955,4210007,14,85.14,2014,75404,Муниципальное казенное учреждение,МКУ,2014,ДИРЕКТОР,Дудченко Елена Александровна,0,головная организация
Воробьевский,"МКОУ ""МУЖИЧАНСКАЯ СОШ""","МУНИЦИПАЛЬНОЕ КАЗЕННОЕ ОБЩЕОБРАЗОВАТЕЛЬНОЕ УЧРЕЖДЕНИЕ ""МУЖИЧАНСКАЯ СРЕДНЯЯ ОБЩЕОБРАЗОВАТЕЛЬНАЯ ШКОЛА""",общеобразовательная организация,3608003956,"397577, ВОРОНЕЖСКАЯ ОБЛАСТЬ, Р-Н ВОРОБЬЕВСКИЙ, С. МУЖИЧЬЕ, ПЕР. ШКОЛЬНЫЙ 2-Й, Д.14, ----, ----","50.7493089, 41.0735378",действующая,11-09-2025,31-01-2003,360801001,1033680000100,31-01-2003,20212816001,20612402136,13497864,4210007,14,85.14,2014,75404,Муниципальное казенное учреждение,МКУ,2014,ДИРЕКТОР,Моисеенко Валентина Васильевна,0,головная организация
Воробьевский,"МКОУ ""НИКОЛЬСКАЯ-1 СОШ""","МУНИЦИПАЛЬНОЕ КАЗЕННОЕ ОБЩЕОБРАЗОВАТЕЛЬНОЕ УЧРЕЖДЕНИЕ ""НИКОЛЬСКАЯ-1 СРЕДНЯЯ ОБЩЕОБРАЗОВАТЕЛЬНАЯ ШКОЛА""",общеобразовательная организация,3608003804,"397557, ВОРОНЕЖСКАЯ ОБЛАСТЬ, Р-Н ВОРОБЬЕВСКИЙ, С НИКОЛЬСКОЕ 1-Е, ПЛ БОРЦОВ РЕВОЛЮЦИИ, Д. 3","50.5872092, 41.149481",действующая,09-02-2025,11-11-2002,360801001,1023600792544,11-11-2002,20212818001,20612418101,59563922,4210007,14,85.14,2014,75404,Муниципальное казенное учреждение,МКУ,2014,ДИРЕКТОР,Крюкова Надежда Митрофановна,0,головная организация
Воробьевский,"МКОУ ""ПОСЕЛКОВАЯ СОШ""","МУНИЦИПАЛЬНОЕ КАЗЕННОЕ ОБЩЕОБРАЗОВАТЕЛЬНОЕ УЧРЕЖДЕНИЕ ""ПОСЕЛКОВАЯ СРЕДНЯЯ ОБЩЕОБРАЗОВАТЕЛЬНАЯ ШКОЛА""",общеобразовательная организация,3608003748,"397560, ВОРОНЕЖСКАЯ ОБЛАСТЬ, Р-Н ВОРОБЬЕВСКИЙ, П ЦЕНТРАЛЬНОЙ УСАДЬБЫ СОВХОЗА ""ВОРОБЬЁВСКИЙ"", УЛ САДОВАЯ, ЗД. 14А","50.6892527, 40.826624",действующая,22-08-2025,24-05-2002,360801001,1023600792380,02-11-2002,20212810003,20612430131,25729038,4210007,14,85.14,2014,75404,Муниципальное казенное учреждение,МКУ,2014,ДИРЕКТОР,Бондарева Светлана Ивановна,0,головная организация
Воробьевский,"МКОУ ""РУДНЯНСКАЯ СОШ""","МУНИЦИПАЛЬНОЕ КАЗЕННОЕ ОБЩЕОБРАЗОВАТЕЛЬНОЕ УЧРЕЖДЕНИЕ ""РУДНЯНСКАЯ СРЕДНЯЯ ОБЩЕОБРАЗОВАТЕЛЬНАЯ ШКОЛА""",общеобразовательная организация,3608003635,"397563, ВОРОНЕЖСКАЯ ОБЛАСТЬ, Р-Н ВОРОБЬЕВСКИЙ, С. РУДНЯ, УЛ. 40 ЛЕТ ОКТЯБРЯ, Д.66","50.5453044, 40.9578408",действующая,02-02-2025,04-04-2002,360801001,1023600792522,05-11-2002,20212824001,20612406111,10620057,4210007,14,85.14,2014,75404,Муниципальное казенное учреждение,МКУ,2014,ДИРЕКТОР,Епифанов Сергей Николаевич,0,головная организация
Воробьевский,"МКОУ ""СОЛОНЕЦКАЯ СОШ""","МУНИЦИПАЛЬНОЕ КАЗЕННОЕ ОБЩЕОБРАЗОВАТЕЛЬНОЕ УЧРЕЖДЕНИЕ ""СОЛОНЕЦКАЯ СРЕДНЯЯ ОБЩЕОБРАЗОВАТЕЛЬНАЯ ШКОЛА""",общеобразовательная организация,3608003868,"397552, ВОРОНЕЖСКАЯ ОБЛАСТЬ, Р-Н ВОРОБЬЕВСКИЙ, С СОЛОНЦЫ, УЛ САДОВАЯ, ЗД. 1А, ----","50.6173224, 40.7000326",действующая,08-02-2025,04-12-2002,360801001,1023600794326,04-12-2002,20212830001,20612430101,13490158,4210007,14,85.14,2014,75404,Муниципальное казенное учреждение,МКУ,2014,ДИРЕКТОР,Шальнева Вера Александровна,0,головная организация
Воробьевский,"МКУДО ""ВОРОБЬЁВСКАЯ СШ""","МУНИЦИПАЛЬНОЕ КАЗЁННОЕ УЧРЕЖДЕНИЕ ДОПОЛНИТЕЛЬНОГО ОБРАЗОВАНИЯ ""ВОРОБЬЁВСКАЯ СПОРТИВНАЯ ШКОЛА""",организация доп. образования,3608003995,"397570, ВОРОНЕЖСКАЯ ОБЛАСТЬ, Р-Н ВОРОБЬЕВСКИЙ, С. ВОРОБЬЕВКА, УЛ. КАЛИНИНА, Д.24 В","50.6437927, 40.9226695",действующая,07-02-2025,25-03-2003,360801001,1033680000628,25-03-2003,20212806001,20612406101,13493926,4210007,14,85.41,2014,75404,Муниципальное казенное учреждение,МКУ,2014,ДИРЕКТОР,Моторин Леонид Павлович,0,головная организация
Воробьевский,"МКУДО ""ВОРОБЬЕВСКИЙ ЦРТДИЮ""","МУНИЦИПАЛЬНОЕ КАЗЕННОЕ УЧРЕЖДЕНИЕ ДОПОЛНИТЕЛЬНОГО ОБРАЗОВАНИЯ ""ВОРОБЬЕВСКИЙ ЦЕНТР РАЗВИТИЯ ТВОРЧЕСТВА ДЕТЕЙ И ЮНОШЕСТВА""",организация доп. образования,3608004050,"397570, ВОРОНЕЖСКАЯ ОБЛАСТЬ, Р-Н ВОРОБЬЕВСКИЙ, С. ВОРОБЬЕВКА, УЛ. КАЛИНИНА, Д. 24Б","50.6437927, 40.9226695",действующая,07-02-2025,24-11-2003,360801001,1033680002575,24-11-2003,20212806001,20612406101,14351335,4210007,14,85.41,2014,75404,Муниципальное казенное учреждение,МКУ,2014,ДИРЕКТОР,Соловьёва Светлана Александровна,0,головная организация
Воробьевский,ОТДЕЛ ПО ОБРАЗОВАНИЮ,ОТДЕЛ ПО ОБРАЗОВАНИЮ АДМИНИСТРАЦИИ ВОРОБЬЁВСКОГО МУНИЦИПАЛЬНОГО РАЙОНА ВОРОНЕЖСКОЙ ОБЛАСТИ,отдел,3608003152,"397570, ВОРОНЕЖСКАЯ ОБЛАСТЬ, Р-Н ВОРОБЬЕВСКИЙ, С. ВОРОБЬЕВКА, УЛ. СОВЕТСКАЯ, Д.1 Г, ----, ----","50.6439344, 40.9282372",действующая,09-12-2025,05-03-1997,360801001,1023600795965,09-12-2002,20212806001,20612406101,05208372,3300100,14,84.11.3,2014,75404,Муниципальное казенное учреждение,МКУ,2014,И.О. РУКОВОДИТЕЛЯ,Цепковский Евгений Николаевич,0,головная организация
Грибановский,"МБОУ ""ГРИБАНОВСКИЙ ЦЕНТР ОБРАЗОВАНИЯ ИМЕНИ Г.Н.ТРОЕПОЛЬСКОГО""","МУНИЦИПАЛЬНОЕ БЮДЖЕТНОЕ ОБЩЕОБРАЗОВАТЕЛЬНОЕ УЧРЕЖДЕНИЕ ""ГРИБАНОВСКИЙ ЦЕНТР ОБРАЗОВАНИЯ ИМЕНИ Г.Н.ТРОЕПОЛЬСКОГО""",общеобразовательная организация,3609006318,"397241, ВОРОНЕЖСКАЯ ОБЛАСТЬ, Р-Н ГРИБАНОВСКИЙ, ПГТ ГРИБАНОВСКИЙ, УЛ. СУВОРОВА, Д. 20","51.4400563, 41.9276285",действующая,04-02-2025,07-07-2020,360901001,1203600019820,07-07-2020,20213551000,20613151051,44629130,4210007,14,85.14,2014,75403,Муниципальное бюджетное учреждение,МБУ,2014,ДИРЕКТОР,Постникова Елена Викторовна,0,головная организация
Грибановский,"МБУ ДО ""ГРИБАНОВСКИЙ ЦДТ""","МУНИЦИПАЛЬНОЕ БЮДЖЕТНОЕ УЧРЕЖДЕНИЕ ДОПОЛНИТЕЛЬНОГО ОБРАЗОВАНИЯ ""ГРИБАНОВСКИЙ ЦЕНТР ДЕТСКОГО ТВОРЧЕСТВА"" ГРИБАНОВСКОГО МУНИЦИПАЛЬНОГО РАЙОНА",организация доп. образования,3609004127,"397243, ВОРОНЕЖСКАЯ ОБЛАСТЬ, М.Р-Н ГРИБАНОВСКИЙ, Г.П. ГРИБАНОВСКОЕ, ПГТ ГРИБАНОВСКИЙ, УЛ МАШЗАВОДСКАЯ, Д. 8","51.451809, 41.9209136",действующая,13-02-2025,26-06-2002,360901001,1023600607172,01-10-2002,20213551000,20613151051,54702307,4210007,14,85.41,2014,75403,Муниципальное бюджетное учреждение,МБУ,2014,ДИРЕКТОР,Черенкова Нина Петровна,0,головная организация
Грибановский,МКДОУ ВЕРХНЕКАРАЧАНСКИЙ ДЕТСКИЙ САД,МУНИЦИПАЛЬНОЕ КАЗЕННОЕ ДОШКОЛЬНОЕ ОБРАЗОВАТЕЛЬНОЕ УЧРЕЖДЕНИЕ ВЕРХНЕКАРАЧАНСКИЙ ДЕТСКИЙ САД,дошкольное образование,3609003719,"397220, ВОРОНЕЖСКАЯ ОБЛАСТЬ, Р-Н ГРИБАНОВСКИЙ, С. ВЕРХНИЙ КАРАЧАН, УЛ. СТРОИТЕЛЕЙ, Д.2","51.4084504, 41.7691874",действующая,02-02-2025,19-06-2000,360901001,1023600615345,10-12-2002,20213816001,20613416101,54698209,4210007,14,85.11,2014,75404,Муниципальное казенное учреждение,МКУ,2014,ЗАВЕДУЮЩИЙ,Пищугина Ольга Владиленовна,0,головная организация
Грибановский,МКДОУ ГРИБАНОВСКИЙ ДЕТСКИЙ САД - ЦППМСП,"МУНИЦИПАЛЬНОЕ КАЗЕННОЕ ДОШКОЛЬНОЕ ОБРАЗОВАТЕЛЬНОЕ УЧРЕЖДЕНИЕ ГРИБАНОВСКИЙ ДЕТСКИЙ САД - ЦЕНТР ПСИХОЛОГО-ПЕДАГОГИЧЕСКОЙ, МЕДИЦИНСКОЙ И СОЦИАЛЬНОЙ ПОМОЩИ",дошкольное образование,3609003652,"397240, ВОРОНЕЖСКАЯ ОБЛАСТЬ, Р-Н ГРИБАНОВСКИЙ, ПГТ ГРИБАНОВСКИЙ, ПЕР МАТРОСОВА, Д. 1, -","51.4557008, 41.9765842",действующая,30-12-2025,19-06-2000,360901001,1023600615280,10-12-2002,20213551000,20613151051,54698155,4210007,14,85.11,2014,75404,Муниципальное казенное учреждение,МКУ,2014,ЗАВЕДУЮЩАЯ,Попова Татьяна Михайловна,0,головная организация
Грибановский,МКОУ БОЛЬШЕАЛАБУХСКАЯ СОШ,МУНИЦИПАЛЬНОЕ КАЗЕННОЕ ОБЩЕОБРАЗОВАТЕЛЬНОЕ УЧРЕЖДЕНИЕ БОЛЬШЕАЛАБУХСКАЯ СРЕДНЯЯ ОБЩЕОБРАЗОВАТЕЛЬНАЯ ШКОЛА,общеобразовательная организация,3609003941,"397215, ВОРОНЕЖСКАЯ ОБЛАСТЬ, Р-Н ГРИБАНОВСКИЙ, С. БОЛЬШИЕ АЛАБУХИ, ПЛ. РЕВОЛЮЦИИ, Д.23","51.5742374, 42.2490965",действующая,10-02-2025,19-06-2000,360901001,1023600614531,04-12-2002,20213808001,20613408101,49747012,4210007,14,85.14,2014,75404,Муниципальное казенное учреждение,МКУ,2014,ДИРЕКТОР,Салова Наталия Анатольевна,0,головная организация
Грибановский,МКОУ ВЕРХНЕКАРАЧАНСКАЯ СОШ,МУНИЦИПАЛЬНОЕ КАЗЕННОЕ ОБЩЕОБРАЗОВАТЕЛЬНОЕ УЧРЕЖДЕНИЕ ВЕРХНЕКАРАЧАНСКАЯ СРЕДНЯЯ ОБЩЕОБРАЗОВАТЕЛЬНАЯ ШКОЛА,общеобразовательная организация,3609004021,"397220, ВОРОНЕЖСКАЯ ОБЛАСТЬ, Р-Н ГРИБАНОВСКИЙ, С ВЕРХНИЙ КАРАЧАН, УЛ ПЛОЩАДЬ РЕВОЛЮЦИИ, Д. 24","51.404668, 41.772888",действующая,07-12-2025,19-06-2000,360901001,1023600614641,04-12-2002,20213816001,20613416101,47799832,4210007,14,85.14,2014,75404,Муниципальное казенное учреждение,МКУ,2014,ДИРЕКТОР,Шаталова Людмила Николаевна,0,головная организация
Грибановский,МКОУ ГРИБАНОВСКАЯ СОШ № 3,МУНИЦИПАЛЬНОЕ КАЗЕННОЕ ОБЩЕОБРАЗОВАТЕЛЬНОЕ УЧРЕЖДЕНИЕ ГРИБАНОВСКАЯ СРЕДНЯЯ ОБЩЕОБРАЗОВАТЕЛЬНАЯ ШКОЛА № 3,общеобразовательная организация,3609003606,"397240, ВОРОНЕЖСКАЯ ОБЛАСТЬ, Р-Н ГРИБАНОВСКИЙ, ПГТ ГРИБАНОВСКИЙ, УЛ. ЦЕНТРАЛЬНАЯ, Д. 2","51.4561642, 41.9828423",действующая,25-06-2025,18-04-2000,360901001,1023600614663,04-12-2002,20213551000,20613151051,47799766,4210007,14,85.13,2014,75404,Муниципальное казенное учреждение,МКУ,2014,ДИРЕКТОР,Ширинкина Светлана Николаевна,0,головная организация
Грибановский,МКОУ ЛИСТОПАДОВСКАЯ СОШ ИМ.АКАДЕМИКА М.Я.СТУДЕНИКИНА,МУНИЦИПАЛЬНОЕ КАЗЕННОЕ ОБЩЕОБРАЗОВАТЕЛЬНОЕ УЧРЕЖДЕНИЕ ЛИСТОПАДОВСКАЯ СРЕДНЯЯ ОБЩЕОБРАЗОВАТЕЛЬНАЯ ШКОЛА ИМЕНИ АКАДЕМИКА М.Я. СТУДЕНИКИНА,общеобразовательная организация,3609003892,"397223, ВОРОНЕЖСКАЯ ОБЛАСТЬ, Р-Н ГРИБАНОВСКИЙ, С. ЛИСТОПАДОВКА, УЛ. ГЛОТОВА, Д.2","51.4121027, 41.4418885",действующая,21-11-2025,19-06-2000,360901001,1023600614861,06-12-2002,20213836001,20613436101,47799826,4210007,14,85.14,2014,75404,Муниципальное казенное учреждение,МКУ,2014,ДИРЕКТОР,Чернавина Людмила Анатольевна,0,головная организация
Грибановский,МКОУ МАЛОАЛАБУХСКАЯ СОШ,МУНИЦИПАЛЬНОЕ КАЗЕННОЕ ОБЩЕОБРАЗОВАТЕЛЬНОЕ УЧРЕЖДЕНИЕ МАЛОАЛАБУХСКАЯ СРЕДНЯЯ ОБЩЕОБРАЗОВАТЕЛЬНАЯ ШКОЛА,общеобразовательная организация,3609003959,"397213, ВОРОНЕЖСКАЯ ОБЛАСТЬ, Р-Н ГРИБАНОВСКИЙ, С МАЛЫЕ АЛАБУХИ 1-Е, УЛ МЕТАЛЬНИКОВА, ЗД. 112","51.5361032, 42.1575573",действующая,07-02-2025,19-06-2000,360901001,1023600614740,05-12-2002,20213840001,20613440101,47799789,4210007,14,85.14,2014,75404,Муниципальное казенное учреждение,МКУ,2014,ДИРЕКТОР,Колчева Наталия Владимировна,0,головная организация
Грибановский,МКОУ МАЛОГРИБАНОВСКАЯ ООШ,МУНИЦИПАЛЬНОЕ КАЗЕННОЕ ОБЩЕОБРАЗОВАТЕЛЬНОЕ УЧРЕЖДЕНИЕ МАЛОГРИБАНОВСКАЯ ОСНОВНАЯ ОБЩЕОБРАЗОВАТЕЛЬНАЯ ШКОЛА,общеобразовательная организация,3609003980,"397210, ВОРОНЕЖСКАЯ ОБЛАСТЬ, Р-Н ГРИБАНОВСКИЙ, С МАЛАЯ ГРИБАНОВКА, УЛ СОВЕТСКАЯ, Д. 8","51.5043298, 42.0714321",действующая,08-05-2025,19-06-2000,360901001,1023600614542,04-12-2002,20213844001,20613444101,49746871,4210007,14,85.13,2014,75404,Муниципальное казенное учреждение,МКУ,2014,ДИРЕКТОР,Черниговская Ольга Александровна,0,головная организация
Грибановский,МКОУ НИЖНЕКАРАЧАНСКАЯ СОШ,МУНИЦИПАЛЬНОЕ КАЗЕННОЕ ОБЩЕОБРАЗОВАТЕЛЬНОЕ УЧРЕЖДЕНИЕ НИЖНЕКАРАЧАНСКАЯ СРЕДНЯЯ ОБЩЕОБРАЗОВАТЕЛЬНАЯ ШКОЛА,общеобразовательная организация,3609003934,"397204, ВОРОНЕЖСКАЯ ОБЛАСТЬ, Р-Н ГРИБАНОВСКИЙ, С. НИЖНИЙ КАРАЧАН, УЛ. СОВЕТСКАЯ, Д.12","51.3480763, 41.7708033",действующая,10-02-2025,19-06-2000,360901001,1023600614597,04-12-2002,20213848001,20613448101,49746946,4210007,14,85.14,2014,75404,Муниципальное казенное учреждение,МКУ,2014,ДИРЕКТОР,Верещагина Елена Николаевна,0,головная организация
Грибановский,МКОУ НОВОГОЛЬСКАЯ ООШ,МУНИЦИПАЛЬНОЕ КАЗЕННОЕ ОБЩЕОБРАЗОВАТЕЛЬНОЕ УЧРЕЖДЕНИЕ НОВОГОЛЬСКАЯ ОСНОВНАЯ ОБЩЕОБРАЗОВАТЕЛЬНАЯ ШКОЛА,общеобразовательная организация,3609006068,"397228, ВОРОНЕЖСКАЯ ОБЛАСТЬ, Р-Н ГРИБАНОВСКИЙ, С. НОВОГОЛЬСКОЕ, УЛ. СОВЕТСКАЯ, Д. 70","51.485426, 41.4652004",действующая,27-01-2025,19-10-2016,360901001,1163668111298,19-10-2016,20213856001,20613456101,49746952,4210007,14,85.13,2014,75404,Муниципальное казенное учреждение,МКУ,2014,ДИРЕКТОР,Корнилова Валентина Ивановна,0,головная организация
Грибановский,МКОУ НОВОМАКАРОВСКАЯ ООШ,МУНИЦИПАЛЬНОЕ КАЗЕННОЕ ОБЩЕОБРАЗОВАТЕЛЬНОЕ УЧРЕЖДЕНИЕ НОВОМАКАРОВСКАЯ ОСНОВНАЯ ОБЩЕОБРАЗОВАТЕЛЬНАЯ ШКОЛА,общеобразовательная организация,3609003853,"397225, ВОРОНЕЖСКАЯ ОБЛАСТЬ, Р-Н ГРИБАНОВСКИЙ, С НОВОМАКАРОВО, УЛ СОВЕТСКАЯ, ЗД. 56","51.4594835, 41.2356876",действующая,06-11-2025,19-06-2000,360901001,1023600614872,06-12-2002,20213860001,20613460101,49746900,4210007,14,85.13,2014,75404,Муниципальное казенное учреждение,МКУ,2014,ДИРЕКТОР,Анохина Валентина Ивановна,0,головная организация
Грибановский,МКОУ СРЕДНЕКАРАЧАНСКАЯ ООШ,МУНИЦИПАЛЬНОЕ КАЗЕННОЕ ОБЩЕОБРАЗОВАТЕЛЬНОЕ УЧРЕЖДЕНИЕ СРЕДНЕКАРАЧАНСКАЯ ОСНОВНАЯ ОБЩЕОБРАЗОВАТЕЛЬНАЯ ШКОЛА,общеобразовательная организация,3609003839,"397203, ВОРОНЕЖСКАЯ ОБЛАСТЬ, М.Р-Н ГРИБАНОВСКИЙ, С.П. ВЕРХНЕКАРАЧАНСКОЕ, С СРЕДНИЙ КАРАЧАН, УЛ МИРА, Д. 12","51.3771488, 41.7739213",действующая,12-02-2025,19-06-2000,360901001,1023600614630,04-12-2002,20213816003,20613416111,49746886,4210007,14,85.13,2014,75404,Муниципальное казенное учреждение,МКУ,2014,ДИРЕКТОР,Боярищев Алексей Николаевич,0,головная организация
Грибановский,"МКУ ДО ""ГРИБАНОВСКИЙ ДЕТСКО-ЮНОШЕСКИЙ ЦЕНТР""","МУНИЦИПАЛЬНОЕ КАЗЕННОЕ УЧРЕЖДЕНИЕ ДОПОЛНИТЕЛЬНОГО ОБРАЗОВАНИЯ ""ГРИБАНОВСКИЙ ДЕТСКО-ЮНОШЕСКИЙ ЦЕНТР"" ГРИБАНОВСКОГО МУНИЦИПАЛЬНОГО РАЙОНА",организация доп. образования,3609003684,"397240, ВОРОНЕЖСКАЯ ОБЛАСТЬ, Р-Н ГРИБАНОВСКИЙ, ПГТ ГРИБАНОВСКИЙ, УЛ. ЦЕНТРАЛЬНАЯ, Д.1, -, -","51.4554372, 41.9822692",действующая,08-02-2025,27-06-2002,360901001,1023600610550,30-10-2002,20213551000,20613151051,29691516,4210007,14,85.41,2014,75404,Муниципальное казенное учреждение,МКУ,2014,ДИРЕКТОР,Перегудова Наталия Анатольевна,0,головная организация
Грибановский,"МКУДО ""ГРИБАНОВСКАЯ СШ""","МУНИЦИПАЛЬНОЕ КАЗЕННОЕ УЧРЕЖДЕНИЕ ДОПОЛНИТЕЛЬНОГО ОБРАЗОВАНИЯ ""ГРИБАНОВСКАЯ СПОРТИВНАЯ ШКОЛА""",организация доп. образования,3609003966,"397240, ВОРОНЕЖСКАЯ ОБЛАСТЬ, Р-Н ГРИБАНОВСКИЙ, ПГТ ГРИБАНОВСКИЙ, УЛ. КОМАРОВА, Д.7, -, -","51.4578461, 41.9791077",действующая,06-10-2025,19-06-2000,360901001,1023600611320,04-11-2002,20213551000,20613151051,57712068,4210007,14,85.41,2014,75404,Муниципальное казенное учреждение,МКУ,2014,ДИРЕКТОР,Кудрявцев Сергей Серафимович,0,головная организация
Грибановский,ОТДЕЛ ПО ОБРАЗОВАНИЮ,ОТДЕЛ ПО ОБРАЗОВАНИЮ И МОЛОДЕЖНОЙ ПОЛИТИКЕ АДМИНИСТРАЦИИ ГРИБАНОВСКОГО МУНИЦИПАЛЬНОГО РАЙОНА ВОРОНЕЖСКОЙ ОБЛАСТИ,отдел,3609005120,"397240, ВОРОНЕЖСКАЯ ОБЛАСТЬ, Р-Н ГРИБАНОВСКИЙ, ПГТ ГРИБАНОВСКИЙ, УЛ. ЦЕНТРАЛЬНАЯ, Д.7, -, -","51.4558278, 41.9800227",действующая,10-12-2025,24-01-2006,360901001,1063604001130,24-01-2006,20213551000,20613151051,79276490,3300100,14,84.11.3,2014,75404,Муниципальное казенное учреждение,МКУ,2014,РУКОВОДИТЕЛЬ,Тетюхина Людмила Анатольевна,0,головная организация
Калачеевский,"ГБПОУ ВО ""КТ"", ГБПОУ ВО ""КАЛАЧЕЕВСКИЙ ТЕХНИКУМ""","ГОСУДАРСТВЕННОЕ БЮДЖЕТНОЕ ПРОФЕССИОНАЛЬНОЕ ОБРАЗОВАТЕЛЬНОЕ УЧРЕЖДЕНИЕ ВОРОНЕЖСКОЙ ОБЛАСТИ ""КАЛАЧЕЕВСКИЙ ТЕХНИКУМ""",профессиональная образовательная организация,3610002318,"397610, ВОРОНЕЖСКАЯ ОБЛАСТЬ, М.Р-Н КАЛАЧЕЕВСКИЙ, С.П. ЗАБРОДЕНСКОЕ, С ЗАБРОДЫ, УЛ МАГИСТРАЛЬНАЯ, ЗД. 1","50.3983727, 41.0172958",действующая,26-01-2026,15-03-1994,361001001,1023600795866,09-12-2002,20215804001,20615404101,00666182,2300223,13,85.21,2014,75203,Государственное бюджетное учреждение субъекта Российской Федерации,ГБУ,2014,ДИРЕКТОР,Бондарева Марина Леонидовна,0,головная организация
Калачеевский,"МБДОУ ""ДЕТСКИЙ САД ""РАЗВИТИЕ"" - ЦППМСП""","МУНИЦИПАЛЬНОЕ БЮДЖЕТНОЕ ДОШКОЛЬНОЕ ОБРАЗОВАТЕЛЬНОЕ УЧРЕЖДЕНИЕ ""ДЕТСКИЙ САД ""РАЗВИТИЕ"" - ЦЕНТР ПСИХОЛОГО-ПЕДАГОГИЧЕСКОЙ, МЕДИЦИНСКОЙ И СОЦИАЛЬНОЙ ПОМОЩИ КАЛАЧЕЕВСКОГО МУНИЦИПАЛЬНОГО РАЙОНА""",дошкольное образование,3610007718,"397600, ВОРОНЕЖСКАЯ ОБЛАСТЬ, Р-Н КАЛАЧЕЕВСКИЙ, Г. КАЛАЧ, УЛ. КАРЛА МАРКСА, Д. 11","50.4257118, 41.0123903",действующая,05-02-2026,07-06-2001,361001001,1023600792841,14-11-2002,20215501000,20615101001,56462669,4210007,14,85.11,2014,75403,Муниципальное бюджетное учреждение,МБУ,2014,ЗАВЕДУЮЩИЙ,Тарасенко Наталья Алексеевна,0,головная организация
Калачеевский,МБОО ДО ЦЕНТР ТВОРЧЕСТВА,МУНИЦИПАЛЬНАЯ БЮДЖЕТНАЯ ОБРАЗОВАТЕЛЬНАЯ ОРГАНИЗАЦИЯ ДОПОЛНИТЕЛЬНОГО ОБРАЗОВАНИЯ ЦЕНТР ТВОРЧЕСТВА,организация доп. образования,3610003110,"397600, ВОРОНЕЖСКАЯ ОБЛАСТЬ, Р-Н КАЛАЧЕЕВСКИЙ, Г. КАЛАЧ, УЛ. 3 ИНТЕРНАЦИОНАЛА, Д.2, ----, ----","50.4225583, 41.0147767",действующая,07-11-2025,15-04-1995,361001001,1023600794062,02-12-2002,20215501000,20615101001,31281145,4210007,14,85.41,2014,75403,Муниципальное бюджетное учреждение,МБУ,2014,ДИРЕКТОР,Новоковская Алла Николаевна,0,головная организация
Калачеевский,МБОУ ЗАБРОДЕНСКАЯ СОШ ИМ. А.А. ЦАРЕГОРОДСКОГО,МУНИЦИПАЛЬНОЕ БЮДЖЕТНОЕ ОБЩЕОБРАЗОВАТЕЛЬНОЕ УЧРЕЖДЕНИЕ ЗАБРОДЕНСКАЯ СРЕДНЯЯ ОБЩЕОБРАЗОВАТЕЛЬНАЯ ШКОЛА ИМЕНИ ГЕРОЯ СОВЕТСКОГО СОЮЗА А.А. ЦАРЕГОРОДСКОГО,общеобразовательная организация,3610007732,"397610, ВОРОНЕЖСКАЯ ОБЛАСТЬ, Р-Н КАЛАЧЕЕВСКИЙ, С ЗАБРОДЫ, УЛ КАЛИНИНА, ЗД. 82","50.4081099, 41.0240355",действующая,11-08-2025,30-03-2001,361001001,1023600792819,14-11-2002,20215804001,20615404101,56462681,4210007,14,85.14,2014,75403,Муниципальное бюджетное учреждение,МБУ,2014,ДИРЕКТОР,Шилова Галина Васильевна,0,головная организация
Калачеевский,МБОУ ЗАВОДСКАЯ СОШ ИМ. И.Д. ЛИХОБАБИНА,МУНИЦИПАЛЬНОЕ БЮДЖЕТНОЕ ОБЩЕОБРАЗОВАТЕЛЬНОЕ УЧРЕЖДЕНИЕ ЗАВОДСКАЯ СРЕДНЯЯ ОБЩЕОБРАЗОВАТЕЛЬНАЯ ШКОЛА ИМЕНИ ГЕРОЯ СОВЕТСКОГО СОЮЗА И.Д. ЛИХОБАБИНА,общеобразовательная организация,3610007517,"397605, ВОРОНЕЖСКАЯ ОБЛАСТЬ, Р-Н КАЛАЧЕЕВСКИЙ, П ПРИГОРОДНЫЙ, УЛ КОСМОНАВТОВ, Д. 24","50.3602992, 41.0084793",действующая,08-08-2025,19-12-2000,361001001,1023600792247,27-10-2002,20215846001,20615446101,53152537,4210007,14,85.14,2014,75403,Муниципальное бюджетное учреждение,МБУ,2014,ДИРЕКТОР,Князев Владимир Юрьевич,0,головная организация
Калачеевский,МБОУ КАЛАЧЕЕВСКАЯ ГИМНАЗИЯ № 1 ИМ. Н.М. ДУДЕЦКОГО,МУНИЦИПАЛЬНОЕ БЮДЖЕТНОЕ ОБЩЕОБРАЗОВАТЕЛЬНОЕ УЧРЕЖДЕНИЕ КАЛАЧЕЕВСКАЯ ГИМНАЗИЯ № 1 ИМЕНИ ГЕРОЯ СОВЕТСКОГО СОЮЗА Н.М. ДУДЕЦКОГО,общеобразовательная организация,3610007404,"397600, ВОРОНЕЖСКАЯ ОБЛАСТЬ, Р-Н КАЛАЧЕЕВСКИЙ, Г. КАЛАЧ, УЛ. ЛУНАЧАРСКОГО, Д. 6","50.4288346, 41.0198933",действующая,06-02-2025,25-06-1999,361001001,1023600791840,12-10-2002,20215501000,20615101001,53152492,4210007,14,85.13,2014,75403,Муниципальное бюджетное учреждение,МБУ,2014,ДИРЕКТОР,Федорова Людмила Николаевна,0,головная организация
Калачеевский,МБОУ КАЛАЧЕЕВСКАЯ СОШ № 1 ИМ. С.А. МОСТОВОГО,МУНИЦИПАЛЬНОЕ БЮДЖЕТНОЕ ОБЩЕОБРАЗОВАТЕЛЬНОЕ УЧРЕЖДЕНИЕ КАЛАЧЕЕВСКАЯ СРЕДНЯЯ ОБЩЕОБРАЗОВАТЕЛЬНАЯ ШКОЛА № 1 ИМЕНИ ГЕРОЯ СОВЕТСКОГО СОЮЗА С.А. МОСТОВОГО,общеобразовательная организация,3610006344,"397600, ВОРОНЕЖСКАЯ ОБЛАСТЬ, Р-Н КАЛАЧЕЕВСКИЙ, Г. КАЛАЧ, УЛ. КОММУНИСТИЧЕСКАЯ, Д. 11","50.4268344, 41.0311309",действующая,15-10-2025,15-01-2001,361001001,1023600796416,10-12-2002,20215501000,20615101001,44744629,4210007,14,85.14,2014,75403,Муниципальное бюджетное учреждение,МБУ,2014,ДИРЕКТОР,Шевцова Наталья Леонидовна,0,головная организация
Калачеевский,МБОУ КАЛАЧЕЕВСКАЯ СОШ №6 ИМ. М.П. КРАСНОЛУЦКОГО,МУНИЦИПАЛЬНОЕ БЮДЖЕТНОЕ ОБЩЕОБРАЗОВАТЕЛЬНОЕ УЧРЕЖДЕНИЕ КАЛАЧЕЕВСКАЯ СРЕДНЯЯ ОБЩЕОБРАЗОВАТЕЛЬНАЯ ШКОЛА №6 ИМЕНИ ГЕРОЯ СОВЕТСКОГО СОЮЗА М.П. КРАСНОЛУЦКОГО,общеобразовательная организация,3610006351,"397600, ВОРОНЕЖСКАЯ ОБЛАСТЬ, Р-Н КАЛАЧЕЕВСКИЙ, Г. КАЛАЧ, УЛ. 1 МАЯ, Д. 86","50.427967, 40.999023",действующая,08-08-2025,23-08-1996,361001001,1023600792225,27-10-2002,20215501000,20615101001,44744598,4210007,14,85.14,2014,75403,Муниципальное бюджетное учреждение,МБУ,2014,ДИРЕКТОР,Жуков Андрей Сергеевич,0,головная организация
Калачеевский,МБОУ НОВОМЕЛОВАТСКАЯ СОШ ИМ. Ф.П. ЗАЦЕПИЛОВА,МУНИЦИПАЛЬНОЕ БЮДЖЕТНОЕ ОБЩЕОБРАЗОВАТЕЛЬНОЕ УЧРЕЖДЕНИЕ НОВОМЕЛОВАТСКАЯ СРЕДНЯЯ ОБЩЕОБРАЗОВАТЕЛЬНАЯ ШКОЛА ИМЕНИ ГЕРОЯ СОВЕТСКОГО СОЮЗА Ф.П. ЗАЦЕПИЛОВА,общеобразовательная организация,3610009458,"397620, ВОРОНЕЖСКАЯ ОБЛАСТЬ, Р-Н КАЛАЧЕЕВСКИЙ, С. НОВОМЕЛОВАТКА, УЛ. ЛЕНИНА, Д. 52 А","50.441912, 40.778661",действующая,16-02-2026,27-10-2005,361001001,1053680024420,27-10-2005,20215828001,20615428101,44742027,4210007,14,85.14,2014,75403,Муниципальное бюджетное учреждение,МБУ,2014,ДИРЕКТОР,Стрельцова Ольга Алексеевна,0,головная организация
Калачеевский,"МКДОУ ""ЗАБРОДЕНСКИЙ ДЕТСКИЙ САД №2""","МУНИЦИПАЛЬНОЕ КАЗЁННОЕ ДОШКОЛЬНОЕ ОБРАЗОВАТЕЛЬНОЕ УЧРЕЖДЕНИЕ ""ЗАБРОДЕНСКИЙ ДЕТСКИЙ САД №2""",дошкольное образование,3610008020,"397610, ВОРОНЕЖСКАЯ ОБЛАСТЬ, Р-Н КАЛАЧЕЕВСКИЙ, С ЗАБРОДЫ, УЛ ВОРОШИЛОВА, ЗД. 6","50.4064181, 41.0163048",действующая,09-02-2025,27-12-2001,361001001,1023600793886,02-12-2002,20215804001,20615404101,57725160,4210007,14,85.11,2014,75404,Муниципальное казенное учреждение,МКУ,2014,ЗАВЕДУЮЩИЙ,Мельникова Елена Викторовна,0,головная организация
Калачеевский,"МКДОУ ""КАЛАЧЕЕВСКИЙ ДЕТСКИЙ САД № 1 ОБЩЕРАЗВИВАЮЩЕГО ВИДА""","МУНИЦИПАЛЬНОЕ КАЗЁННОЕ ДОШКОЛЬНОЕ ОБРАЗОВАТЕЛЬНОЕ УЧРЕЖДЕНИЕ ""КАЛАЧЕЕВСКИЙ ДЕТСКИЙ САД № 1 ОБЩЕРАЗВИВАЮЩЕГО ВИДА""",дошкольное образование,3610007789,"397602, ВОРОНЕЖСКАЯ ОБЛАСТЬ, Р-Н КАЛАЧЕЕВСКИЙ, Г. КАЛАЧ, УЛ. СЕВЕРНАЯ, Д. 52","50.4422342, 41.0368775",действующая,03-02-2025,07-06-2001,361001001,1023600795822,09-12-2002,20215501000,20615101001,56462712,4210007,14,85.11,2014,75404,Муниципальное казенное учреждение,МКУ,2014,ЗАВЕДУЮЩИЙ,Беликова Вера Александровна,0,головная организация
Калачеевский,"МКДОУ ""ЦРР - ПРИГОРОДНЫЙ ДЕТСКИЙ САД""","МУНИЦИПАЛЬНОЕ КАЗЁННОЕ ДОШКОЛЬНОЕ ОБРАЗОВАТЕЛЬНОЕ УЧРЕЖДЕНИЕ ""ЦЕНТР РАЗВИТИЯ РЕБЁНКА - ПРИГОРОДНЫЙ ДЕТСКИЙ САД""",дошкольное образование,3610007644,"397605, ВОРОНЕЖСКАЯ ОБЛАСТЬ, Р-Н КАЛАЧЕЕВСКИЙ, П ПРИГОРОДНЫЙ, УЛ КОСМОНАВТОВ, Д. 43","50.362723, 41.005891",действующая,12-02-2025,31-12-2001,361001001,1023600795250,07-12-2002,20215846001,20615446101,56452984,4210007,14,85.11,2014,75404,Муниципальное казенное учреждение,МКУ,2014,ЗАВЕДУЮЩИЙ,Овчарова Галина Александровна,0,головная организация
Калачеевский,МКДОУ КАЛАЧЕЕВСКИЙ ДЕТСКИЙ САД №5,"МУНИЦИПАЛЬНОЕ КАЗЁННОЕ ДОШКОЛЬНОЕ ОБРАЗОВАТЕЛЬНОЕ УЧРЕЖДЕНИЕ ""КАЛАЧЕЕВСКИЙ ДЕТСКИЙ САД №5 ОБЩЕРАЗВИВАЮЩЕГО ВИДА""",дошкольное образование,3610007683,"397600, ВОРОНЕЖСКАЯ ОБЛАСТЬ, Р-Н КАЛАЧЕЕВСКИЙ, Г. КАЛАЧ, УЛ. МИРА, Д. 9","50.4246194, 40.9963897",действующая,05-02-2025,07-06-2001,361001001,1023600793633,29-11-2002,20215501000,20615101001,56462652,4210007,14,85.11,2014,75404,Муниципальное казенное учреждение,МКУ,2014,ЗАВЕДУЮЩАЯ,Семилетова Неля Владимировна,0,головная организация
Калачеевский,МКОУ КРАСНОБРАТСКАЯ ООШ ИМ. Г.И. КОРНЕЕВА,МУНИЦИПАЛЬНОЕ КАЗЁННОЕ ОБЩЕОБРАЗОВАТЕЛЬНОЕ УЧРЕЖДЕНИЕ КРАСНОБРАТСКАЯ ОСНОВНАЯ ОБЩЕОБРАЗОВАТЕЛЬНАЯ ШКОЛА ИМЕНИ ГЕРОЯ СОВЕТСКОГО СОЮЗА Г.И. КОРНЕЕВА,общеобразовательная организация,3610007490,"397631, ВОРОНЕЖСКАЯ ОБЛАСТЬ, Р-Н КАЛАЧЕЕВСКИЙ, С ПРИШИБ, УЛ ЩЕРБАКОВА, ЗД. 3","50.4588162, 41.0089424",действующая,09-06-2025,18-12-2000,361001001,1023600792236,27-10-2002,20215816001,20615416101,51711621,4210007,14,85.13,2014,75404,Муниципальное казенное учреждение,МКУ,2014,ДИРЕКТОР,Мельникова Любовь Александровна,0,головная организация
Калачеевский,МКОУ ЛЕСКОВСКАЯ ООШ ИМ. Ф.М. МЕЛЬНИКОВА,МУНИЦИПАЛЬНОЕ КАЗЁННОЕ ОБЩЕОБРАЗОВАТЕЛЬНОЕ УЧРЕЖДЕНИЕ ЛЕСКОВСКАЯ ОСНОВНАЯ ОБЩЕОБРАЗОВАТЕЛЬНАЯ ШКОЛА ИМЕНИ ГЕРОЯ СОВЕТСКОГО СОЮЗА Ф.М. МЕЛЬНИКОВА,общеобразовательная организация,3610006062,"397621, ВОРОНЕЖСКАЯ ОБЛАСТЬ, Р-Н КАЛАЧЕЕВСКИЙ, С. ЛЕСКОВО, УЛ. САДОВАЯ, Д.3, ---, ---","50.3744856, 40.7207426",действующая,02-02-2025,15-08-1996,361001001,1023600795349,07-12-2002,20215868004,20615468116,44741938,4210007,14,85.13,2014,75404,Муниципальное казенное учреждение,МКУ,2014,ДИРЕКТОР,Багишвили Ирина Шотовна,0,головная организация
Калачеевский,МКОУ МАНИНСКАЯ СОШ ИМ. Ф.А. ЩЕРБИНИНА,МУНИЦИПАЛЬНОЕ КАЗЁННОЕ ОБЩЕОБРАЗОВАТЕЛЬНОЕ УЧРЕЖДЕНИЕ МАНИНСКАЯ СРЕДНЯЯ ОБЩЕОБРАЗОВАТЕЛЬНАЯ ШКОЛА ИМЕНИ ГЕРОЯ СОВЕТСКОГО СОЮЗА Ф.А. ЩЕРБИНИНА,общеобразовательная организация,3610006369,"397640, ВОРОНЕЖСКАЯ ОБЛАСТЬ, Р-Н КАЛАЧЕЕВСКИЙ, С МАНИНО, УЛ ШКОЛЬНАЯ, Д. 1","50.4875338, 41.3915279",действующая,12-09-2025,23-08-1996,361001001,1023600792115,26-10-2002,20215824001,20615424101,44741973,4210007,14,85.14,2014,75404,Муниципальное казенное учреждение,МКУ,2014,ДИРЕКТОР,Кущева Светлана Ивановна,0,головная организация
Калачеевский,МКОУ НОВОКРИУШАНСКАЯ СОШ ИМ. П.И. ДЕЙНЕКИНА,МУНИЦИПАЛЬНОЕ КАЗЁННОЕ ОБЩЕОБРАЗОВАТЕЛЬНОЕ УЧРЕЖДЕНИЕ НОВОКРИУШАНСКАЯ СРЕДНЯЯ ОБЩЕОБРАЗОВАТЕЛЬНАЯ ШКОЛА ИМЕНИ ГЕРОЯ СОВЕТСКОГО СОЮЗА П.И. ДЕЙНЕКИНА,общеобразовательная организация,3610006087,"397607, ВОРОНЕЖСКАЯ ОБЛАСТЬ, Р-Н КАЛАЧЕЕВСКИЙ, С НОВАЯ КРИУША, УЛ СОВЕТСКАЯ, ЗД. 74","50.260738, 41.296839",действующая,13-11-2025,05-08-1996,361001001,1023600793666,29-11-2002,20215840001,20615440101,44741950,4210007,14,85.14,2014,75404,Муниципальное казенное учреждение,МКУ,2014,ДИРЕКТОР,Игнатенко Елена Алексеевна,0,головная организация
Калачеевский,МКОУ ПОДГОРЕНСКАЯ СОШ ИМ. П.П. СЕРЯКОВА,МУНИЦИПАЛЬНОЕ КАЗЁННОЕ ОБЩЕОБРАЗОВАТЕЛЬНОЕ УЧРЕЖДЕНИЕ ПОДГОРЕНСКАЯ СРЕДНЯЯ ОБЩЕОБРАЗОВАТЕЛЬНАЯ ШКОЛА ИМЕНИ ГЕРОЯ СОВЕТСКОГО СОЮЗА П.П. СЕРЯКОВА,общеобразовательная организация,3610006016,"397612, ВОРОНЕЖСКАЯ ОБЛАСТЬ, Р-Н КАЛАЧЕЕВСКИЙ, С. ПОДГОРНОЕ, УЛ. ШКОЛЬНАЯ, Д. 12","50.4621462, 41.1792856",действующая,15-08-2025,05-08-1996,361001001,1023600792269,27-10-2002,20215844001,20615444101,42610586,4210007,14,85.14,2014,75404,Муниципальное казенное учреждение,МКУ,2014,ДИРЕКТОР,Комарова Светлана Николаевна,0,головная организация
Калачеевский,МКОУ СЕМЕНОВСКАЯ СОШ ИМ. Н.Е. ЕРЕЩЕНКО,МУНИЦИПАЛЬНОЕ КАЗЁННОЕ ОБЩЕОБРАЗОВАТЕЛЬНОЕ УЧРЕЖДЕНИЕ СЕМЕНОВСКАЯ СРЕДНЯЯ ОБЩЕОБРАЗОВАТЕЛЬНАЯ ШКОЛА ИМЕНИ ГЕРОЯ СОВЕТСКОГО СОЮЗА Н.Е. ЕРЕЩЕНКО,общеобразовательная организация,3610006070,"397623, ВОРОНЕЖСКАЯ ОБЛАСТЬ, Р-Н КАЛАЧЕЕВСКИЙ, С. СЕМЁНОВКА, УЛ. ЛЕНИНА, Д. 49","50.423155, 40.586028",действующая,14-10-2025,25-12-2000,361001001,1023600794140,04-12-2002,20215856001,20615456101,44741921,4210007,14,85.14,2014,75404,Муниципальное казенное учреждение,МКУ,2014,ДИРЕКТОР,Войтов Евгений Михайлович,0,головная организация
Калачеевский,МКОУ ХРЕЩАТОВСКАЯ СОШ ИМ. Ф.М. МЕЛЬНИКОВА,МУНИЦИПАЛЬНОЕ КАЗЁННОЕ ОБЩЕОБРАЗОВАТЕЛЬНОЕ УЧРЕЖДЕНИЕ ХРЕЩАТОВСКАЯ СРЕДНЯЯ ОБЩЕОБРАЗОВАТЕЛЬНАЯ ШКОЛА ИМЕНИ ГЕРОЯ СОВЕТСКОГО СОЮЗА Ф.М. МЕЛЬНИКОВА,общеобразовательная организация,3610007588,"397622, ВОРОНЕЖСКАЯ ОБЛАСТЬ, Р-Н КАЛАЧЕЕВСКИЙ, С. ХРЕЩАТОЕ, УЛ. ВОСТОЧНАЯ, Д. 11","50.3583271, 40.7004138",действующая,15-08-2025,19-02-2001,361001001,1023600794304,04-12-2002,20215868001,20615468101,56443376,4210007,14,85.14,2014,75404,Муниципальное казенное учреждение,МКУ,2014,ДИРЕКТОР,Шулекина Наталья Ивановна,0,головная организация
Калачеевский,МКОУ ЧЕРНОЗЕМНАЯ СОШ ИМ. В.В. ЗАСЕДАТЕЛЕВА,МУНИЦИПАЛЬНОЕ КАЗЁННОЕ ОБЩЕОБРАЗОВАТЕЛЬНОЕ УЧРЕЖДЕНИЕ ЧЕРНОЗЕМНАЯ СРЕДНЯЯ ОБЩЕОБРАЗОВАТЕЛЬНАЯ ШКОЛА ИМЕНИ ГЕРОЯ СОВЕТСКОГО СОЮЗА В.В. ЗАСЕДАТЕЛЕВА,общеобразовательная организация,3610006390,"397633, ВОРОНЕЖСКАЯ ОБЛАСТЬ, Р-Н КАЛАЧЕЕВСКИЙ, П ЧЕРНОЗЁМНЫЙ, ПЛ МОЛОДЕЖНАЯ, Д. 1","50.269324, 41.0955682",действующая,08-08-2025,23-08-1996,361001001,1023600796230,10-12-2002,20215846002,20615446106,44744635,4210007,14,85.14,2014,75404,Муниципальное казенное учреждение,МКУ,2014,ИСПОЛНЯЮЩИЙ ОБЯЗАННОСТИ ДИРЕКТОРА,Носалева Наталья Викторовна,0,головная организация
Калачеевский,"МКУДО ""КАЛАЧЕЕВСКАЯ ДШИ""","МУНИЦИПАЛЬНОЕ КАЗЕННОЕ УЧРЕЖДЕНИЕ ДОПОЛНИТЕЛЬНОГО ОБРАЗОВАНИЯ ""КАЛАЧЕЕВСКАЯ ДЕТСКАЯ ШКОЛА ИСКУССТВ""",организация доп. образования,3610007299,"397600, ВОРОНЕЖСКАЯ ОБЛАСТЬ, Р-Н КАЛАЧЕЕВСКИЙ, Г. КАЛАЧ, УЛ. СОВЕТСКАЯ, Д. 4","50.4243282, 41.0180881",действующая,08-02-2025,05-04-2000,361001001,1023600794084,02-12-2002,20215501000,20615101001,53147068,4210007,14,85.41,2014,75404,Муниципальное казенное учреждение,МКУ,2014,ДИРЕКТОР,Жидкова Светлана Владимировна,0,головная организация
Калачеевский,ОТДЕЛ ПО ОБРАЗОВАНИЮ АДМИНИСТРАЦИИ КАЛАЧЕЕВСКОГО МУНИЦИПАЛЬНОГО РАЙОНА,ОТДЕЛ ПО ОБРАЗОВАНИЮ АДМИНИСТРАЦИИ КАЛАЧЕЕВСКОГО МУНИЦИПАЛЬНОГО РАЙОНА,отдел,3610002244,"397600, ВОРОНЕЖСКАЯ ОБЛАСТЬ, Р-Н КАЛАЧЕЕВСКИЙ, Г. КАЛАЧ, ПЛ. ЛЕНИНА, Д. 19","50.4241407, 41.0160115",действующая,03-02-2025,25-02-1992,361001001,1023600797505,17-12-2002,20215501000,20615101001,02104703,3300100,14,84.11.3,2014,75404,Муниципальное казенное учреждение,МКУ,2014,ЗАМЕСТИТЕЛЬ ГЛАВЫ АДМИНИСТРАЦИИ-РУКОВОДИТЕЛЬ ОТДЕЛА,Пономарев Александр Вячеславович,0,головная организация
Каменский,"МБДОУ ""ДЕТСКИЙ САД ""КОЛОКОЛЬЧИК""-ЦППМСП""","МУНИЦИПАЛЬНОЕ БЮДЖЕТНОЕ ДОШКОЛЬНОЕ ОБРАЗОВАТЕЛЬНОЕ УЧРЕЖДЕНИЕ ""ДЕТСКИЙ САД ""КОЛОКОЛЬЧИК""-ЦЕНТР ПСИХОЛОГО-ПЕДАГОГИЧЕСКОЙ, МЕДИЦИНСКОЙ И СОЦИАЛЬНОЙ ПОМОЩИ КАМЕНСКОГО МУНИЦИПАЛЬНОГО РАЙОНА ВОРОНЕЖСКОЙ ОБЛАСТИ""",дошкольное образование,3611004759,"396510, ВОРОНЕЖСКАЯ ОБЛАСТЬ, Р-Н КАМЕНСКИЙ, ПГТ КАМЕНКА, УЛ. ДРУЖБЫ, Д. 3","50.714561, 39.418407",действующая,29-12-2025,18-07-2000,361101001,1023601513660,04-12-2002,20217551000,20617151051,54689096,4210007,14,85.11,2014,75403,Муниципальное бюджетное учреждение,МБУ,2014,Заведующий,Землянская Валентина Ивановна,0,головная организация
Каменский,"МБОУ ""КАМЕНСКАЯ СОШ №1 С УГЛУБЛЁННЫМ ИЗУЧЕНИЕМ ОТДЕЛЬНЫХ ПРЕДМЕТОВ""","МУНИЦИПАЛЬНОЕ БЮДЖЕТНОЕ ОБЩЕОБРАЗОВАТЕЛЬНОЕ УЧРЕЖДЕНИЕ ""КАМЕНСКАЯ СРЕДНЯЯ ОБЩЕОБРАЗОВАТЕЛЬНАЯ ШКОЛА №1 С УГЛУБЛЁННЫМ ИЗУЧЕНИЕМ ОТДЕЛЬНЫХ ПРЕДМЕТОВ ИМЕНИ ГЕРОЯ СОВЕТСКОГО СОЮЗА В.П.ЗАХАРЧЕНКО"" КАМЕНСКОГО МУНИЦИПАЛЬНОГО РАЙОНА ВОРОНЕЖСКОЙ ОБЛАСТИ",общеобразовательная организация,3611004621,"396510, ВОРОНЕЖСКАЯ ОБЛАСТЬ, Р-Н КАМЕНСКИЙ, ПГТ КАМЕНКА, УЛ. МИРА, Д. 35","50.7137907, 39.4348113",действующая,28-08-2025,01-11-1999,361101001,1023601513165,28-11-2002,20217551000,20617151051,53139152,4210007,14,85.14,2014,75403,Муниципальное бюджетное учреждение,МБУ,2014,ДИРЕКТОР,Коденцева Елена Владимировна,0,головная организация
Каменский,"МБОУ ""КАМЕНСКАЯ СОШ №2""","МУНИЦИПАЛЬНОЕ БЮДЖЕТНОЕ ОБЩЕОБРАЗОВАТЕЛЬНОЕ УЧРЕЖДЕНИЕ ""КАМЕНСКАЯ СРЕДНЯЯ ОБЩЕОБРАЗОВАТЕЛЬНАЯ ШКОЛА №2 ИМЕНИ ГЕРОЯ СОВЕТСКОГО СОЮЗА П.К.РОГОЗИНА"" КАМЕНСКОГО МУНИЦИПАЛЬНОГО РАЙОНА ВОРОНЕЖСКОЙ ОБЛАСТИ",общеобразовательная организация,3611004660,"396510, ВОРОНЕЖСКАЯ ОБЛАСТЬ, Р-Н КАМЕНСКИЙ, ПГТ КАМЕНКА, УЛ. ПОЛЕВАЯ, Д. 30","50.7154156, 39.4220497",действующая,03-09-2025,01-11-1999,361101001,1023601513176,28-11-2002,20217551000,20617151051,54688620,4210007,14,85.14,2014,75403,Муниципальное бюджетное учреждение,МБУ,2014,Директор,Павлович Наталья Ивановна,0,головная организация
Каменский,"МБУ ДО ""ЦРТДИЮ""","МУНИЦИПАЛЬНОЕ БЮДЖЕТНОЕ УЧРЕЖДЕНИЕ ДОПОЛНИТЕЛЬНОГО ОБРАЗОВАНИЯ ""ЦЕНТР РАЗВИТИЯ ТВОРЧЕСТВА ДЕТЕЙ И ЮНОШЕСТВА"" КАМЕНСКОГО МУНИЦИПАЛЬНОГО РАЙОНА ВОРОНЕЖСКОЙ ОБЛАСТИ",организация доп. образования,3611004847,"396510, ВОРОНЕЖСКАЯ ОБЛАСТЬ, Р-Н КАМЕНСКИЙ, ПГТ КАМЕНКА, УЛ. СОВЕТСКАЯ, Д. 40","50.711653, 39.4290741",действующая,29-04-2025,18-07-2000,361101001,1023601515167,18-12-2002,20217551000,20617151051,54691093,4210007,14,85.41,2014,75403,Муниципальное бюджетное учреждение,МБУ,2014,ДИРЕКТОР,Цымбал Дарья Алексеевна,0,головная организация
Каменский,"МКДОУ ""ДЕТСКИЙ САД ""ТЕРЕМОК""","МУНИЦИПАЛЬНОЕ КАЗЕННОЕ ДОШКОЛЬНОЕ ОБРАЗОВАТЕЛЬНОЕ УЧРЕЖДЕНИЕ ""ДЕТСКИЙ САД ""ТЕРЕМОК"" КАМЕНСКОГО МУНИЦИПАЛЬНОГО РАЙОНА ВОРОНЕЖСКОЙ ОБЛАСТИ",дошкольное образование,3611005576,"396510, ВОРОНЕЖСКАЯ ОБЛАСТЬ, Р-Н КАМЕНСКИЙ, ПГТ КАМЕНКА, УЛ. СОЛНЕЧНАЯ, Д.5, -, -","50.7183016, 39.4360887",действующая,09-09-2025,25-03-2005,361101001,1053684510362,25-03-2005,20217551000,20617151051,75931147,4210007,14,85.11,2014,75404,Муниципальное казенное учреждение,МКУ,2014,заведующий,Дешевых Татьяна Анатольевна,0,головная организация
Каменский,"МКОУ ""ВОЛЧАНСКАЯ ООШ""","МУНИЦИПАЛЬНОЕ КАЗЕННОЕ ОБЩЕОБРАЗОВАТЕЛЬНОЕ УЧРЕЖДЕНИЕ ""ВОЛЧАНСКАЯ ОСНОВНАЯ ОБЩЕОБРАЗОВАТЕЛЬНАЯ ШКОЛА"" КАМЕНСКОГО МУНИЦИПАЛЬНОГО РАЙОНА ВОРОНЕЖСКОЙ ОБЛАСТИ",общеобразовательная организация,3611004519,"396501, ВОРОНЕЖСКАЯ ОБЛАСТЬ, Р-Н КАМЕНСКИЙ, С. ВОЛЧАНСКОЕ, УЛ. ЦЕНТРАЛЬНАЯ, Д. 26","50.7746987, 39.5319654",действующая,05-02-2025,01-11-1999,361101001,1023601513132,27-11-2002,20217805001,20617405101,54689067,4210007,14,85.13,2014,75404,Муниципальное казенное учреждение,МКУ,2014,Директор,Коломыцева Галина Ивановна,0,головная организация
Каменский,"МКОУ ""ЕВДАКОВСКАЯ ООШ""","МУНИЦИПАЛЬНОЕ КАЗЕННОЕ ОБЩЕОБРАЗОВАТЕЛЬНОЕ УЧРЕЖДЕНИЕ ""ЕВДАКОВСКАЯ ОСНОВНАЯ ОБЩЕОБРАЗОВАТЕЛЬНАЯ ШКОЛА"" КАМЕНСКОГО МУНИЦИПАЛЬНОГО РАЙОНА ВОРОНЕЖСКОЙ ОБЛАСТИ",общеобразовательная организация,3611003530,"396512, ВОРОНЕЖСКАЯ ОБЛАСТЬ, Р-Н КАМЕНСКИЙ, С. ЕВДАКОВО, УЛ. САДОВАЯ, Д. 3","50.750321, 39.386068",действующая,05-02-2025,01-11-1999,361101001,1023601513792,05-12-2002,20217815001,20617415101,31271847,4210007,14,85.13,2014,75404,Муниципальное казенное учреждение,МКУ,2014,ДИРЕКТОР,Покусаев Максим Петрович,0,головная организация
Каменский,"МКОУ ""КРУТЧАНСКАЯ ООШ""","МУНИЦИПАЛЬНОЕ КАЗЕННОЕ ОБЩЕОБРАЗОВАТЕЛЬНОЕ УЧРЕЖДЕНИЕ ""КРУТЧАНСКАЯ ОСНОВНАЯ ОБЩЕОБРАЗОВАТЕЛЬНАЯ ШКОЛА"" КАМЕНСКОГО МУНИЦИПАЛЬНОГО РАЙОНА ВОРОНЕЖСКОЙ ОБЛАСТИ",общеобразовательная организация,3611004653,"396501, ВОРОНЕЖСКАЯ ОБЛАСТЬ, Р-Н КАМЕНСКИЙ, Х КРУТЕЦ, УЛ ЖЕЛЕЗНОДОРОЖНАЯ, Д. 38А, -","50.7990459, 39.4745402",действующая,03-09-2025,01-11-1999,361101001,1023601513154,27-11-2002,20217805002,20617405106,54688582,4210007,14,85.13,2014,75404,Муниципальное казенное учреждение,МКУ,2014,ДИРЕКТОР,Резниченко Инна Ивановна,0,головная организация
Каменский,"МКОУ ""МАРКОВСКАЯ СОШ""","МУНИЦИПАЛЬНОЕ КАЗЕННОЕ ОБЩЕОБРАЗОВАТЕЛЬНОЕ УЧРЕЖДЕНИЕ ""МАРКОВСКАЯ СРЕДНЯЯ ОБЩЕОБРАЗОВАТЕЛЬНАЯ ШКОЛА"" КАМЕНСКОГО МУНИЦИПАЛЬНОГО РАЙОНА ВОРОНЕЖСКОЙ ОБЛАСТИ",общеобразовательная организация,3611004639,"396508, ВОРОНЕЖСКАЯ ОБЛАСТЬ, Р-Н КАМЕНСКИЙ, С МАРКИ, УЛ ШКОЛЬНАЯ, Д. 5","50.7748711, 39.6789452",действующая,10-02-2026,01-11-1999,361101001,1023601515607,24-12-2002,20217830001,20617430101,54688027,4210007,14,85.14,2014,75404,Муниципальное казенное учреждение,МКУ,2014,ДИРЕКТОР,Коденцев Игорь Александрович,0,головная организация
Каменский,"МКОУ ""ОЛЬХОВЛОГСКАЯ ООШ""","МУНИЦИПАЛЬНОЕ КАЗЕННОЕ ОБЩЕОБРАЗОВАТЕЛЬНОЕ УЧРЕЖДЕНИЕ ""ОЛЬХОВЛОГСКАЯ ОСНОВНАЯ ОБЩЕОБРАЗОВАТЕЛЬНАЯ ШКОЛА"" КАМЕНСКОГО МУНИЦИПАЛЬНОГО РАЙОНА ВОРОНЕЖСКОЙ ОБЛАСТИ",общеобразовательная организация,3611004558,"396522, ВОРОНЕЖСКАЯ ОБЛАСТЬ, Р-Н КАМЕНСКИЙ, С. ОЛЬХОВ ЛОГ, УЛ. ЦЕНТРАЛЬНАЯ, Д. 35","50.5722047, 39.2610438",действующая,02-02-2025,01-11-1999,361101001,1023601513760,04-12-2002,20217820004,20617420116,54689038,4210007,14,85.13,2014,75404,Муниципальное казенное учреждение,МКУ,2014,ДИРЕКТОР,Брязгунова Надежда Николаевна,0,головная организация
Каменский,"МКОУ ""ТАТАРИНСКАЯ СОШ""","МУНИЦИПАЛЬНОЕ КАЗЕННОЕ ОБЩЕОБРАЗОВАТЕЛЬНОЕ УЧРЕЖДЕНИЕ ""ТАТАРИНСКАЯ СРЕДНЯЯ ОБЩЕОБРАЗОВАТЕЛЬНАЯ ШКОЛА"" КАМЕНСКОГО МУНИЦИПАЛЬНОГО РАЙОНА ВОРОНЕЖСКОЙ ОБЛАСТИ",общеобразовательная организация,3611004526,"396503, ВОРОНЕЖСКАЯ ОБЛАСТЬ, Р-Н КАМЕНСКИЙ, С. ТАТАРИНО, УЛ. ЦЕНТРАЛЬНАЯ, Д. 31","50.5860702, 39.1343883",действующая,10-02-2025,01-11-1999,361101001,1023601513121,27-11-2002,20217840001,20617440101,54688004,4210007,14,85.14,2014,75404,Муниципальное казенное учреждение,МКУ,2014,ДИРЕКТОР,Ярцева Елена Петровна,0,головная организация
Каменский,"МКОУ ""ТИМИРЯЗЕВСКАЯ ООШ""","МУНИЦИПАЛЬНОЕ КАЗЕННОЕ ОБЩЕОБРАЗОВАТЕЛЬНОЕ УЧРЕЖДЕНИЕ ""ТИМИРЯЗЕВСКАЯ ОСНОВНАЯ ОБЩЕОБРАЗОВАТЕЛЬНАЯ ШКОЛА КАМЕНСКОГО МУНИЦИПАЛЬНОГО РАЙОНА""",общеобразовательная организация,3611004614,"396510, ВОРОНЕЖСКАЯ ОБЛАСТЬ, Р-Н КАМЕНСКИЙ, С ТИМИРЯЗЕВО, УЛ ЦЕНТРАЛЬНАЯ, Д. 21","50.7172817, 39.3794691",действующая,06-05-2025,01-11-1999,361101001,1023601512615,21-11-2002,20217850006,20617450126,54688547,4210007,14,85.13,2014,75404,Муниципальное казенное учреждение,МКУ,2014,ДИРЕКТОР,Чехонадских Николай Александрович,0,головная организация
Каменский,"МКОУ ""ТРЕХСТЕНСКАЯ ООШ""","МУНИЦИПАЛЬНОЕ КАЗЕННОЕ ОБЩЕОБРАЗОВАТЕЛЬНОЕ УЧРЕЖДЕНИЕ ""ТРЕХСТЕНСКАЯ ОСНОВНАЯ ОБЩЕОБРАЗОВАТЕЛЬНАЯ ШКОЛА"" КАМЕНСКОГО МУНИЦИПАЛЬНОГО РАЙОНА ВОРОНЕЖСКОЙ ОБЛАСТИ",общеобразовательная организация,3611004702,"396520, ВОРОНЕЖСКАЯ ОБЛАСТЬ, Р-Н КАМЕНСКИЙ, С. ТРЕХСТЕНКИ, УЛ. ЦЕНТРАЛЬНАЯ, Д. 23","50.6619706, 39.445326",действующая,28-08-2025,01-11-1999,361101001,1023601513759,04-12-2002,20217845001,20617445101,54688576,4210007,14,85.13,2014,75404,Муниципальное казенное учреждение,МКУ,2014,Директор,Анненко Елена Владимировна,0,головная организация
Каменский,"МКОУ ""ТХОРЕВСКАЯ ООШ""","МУНИЦИПАЛЬНОЕ КАЗЕННОЕ ОБЩЕОБРАЗОВАТЕЛЬНОЕ УЧРЕЖДЕНИЕ ""ТХОРЕВСКАЯ ОСНОВНАЯ ОБЩЕОБРАЗОВАТЕЛЬНАЯ ШКОЛА"" КАМЕНСКОГО МУНИЦИПАЛЬНОГО РАЙОНА ВОРОНЕЖСКОЙ ОБЛАСТИ",общеобразовательная организация,3611005664,"396513, ВОРОНЕЖСКАЯ ОБЛАСТЬ, Р-Н КАМЕНСКИЙ, С. ТХОРЕВКА, УЛ. ЦЕНТРАЛЬНАЯ, Д. 28А","50.70331, 39.3297132",действующая,01-12-2025,22-08-2005,361101001,1053684534595,22-08-2005,20217850001,20617450101,42610876,4210007,14,85.13,2014,75404,Муниципальное казенное учреждение,МКУ,2014,Директор,Свистунова Любовь Ивановна,0,головная организация
Каменский,"МКУДО ""КАМЕНСКАЯ ДЮСШ""","МУНИЦИПАЛЬНОЕ КАЗЕННОЕ УЧРЕЖДЕНИЕ ДОПОЛНИТЕЛЬНОГО ОБРАЗОВАНИЯ ""КАМЕНСКАЯ ДЕТСКО-ЮНОШЕСКАЯ СПОРТИВНАЯ ШКОЛА ИМЕНИ Г.В.СУШКОВА"" КАМЕНСКОГО МУНИЦИПАЛЬНОГО РАЙОНА ВОРОНЕЖСКОЙ ОБЛАСТИ",организация доп. образования,3611004879,"396510, ВОРОНЕЖСКАЯ ОБЛАСТЬ, Р-Н КАМЕНСКИЙ, ПГТ КАМЕНКА, УЛ. ГАГАРИНА, Д. 18Б","50.717715, 39.410816",действующая,08-10-2025,05-02-2001,361101001,1023601515772,25-12-2002,20217551000,20617151051,54691101,4210007,14,85.41,2014,75404,Муниципальное казенное учреждение,МКУ,2014,ДИРЕКТОР,Бурляев Юрий Владимирович,0,головная организация
Каменский,ОТДЕЛ ОБРАЗОВАНИЯ,"ОТДЕЛ ОБРАЗОВАНИЯ, МОЛОДЕЖНОЙ ПОЛИТИКИ, СПОРТА И ТУРИЗМА АДМИНИСТРАЦИИ КАМЕНСКОГО МУНИЦИПАЛЬНОГО РАЙОНА ВОРОНЕЖСКОЙ ОБЛАСТИ",отдел,3611000708,"396510, ВОРОНЕЖСКАЯ ОБЛАСТЬ, Р-Н КАМЕНСКИЙ, ПГТ КАМЕНКА, УЛ. ЛЕНИНА, Д. 26","50.7097271, 39.4355791",действующая,12-02-2025,23-12-1991,361101001,1023601515651,24-12-2002,20217551000,20617151051,02104717,3300100,14,84.11.3,2014,75404,Муниципальное казенное учреждение,МКУ,2014,РУКОВОДИТЕЛЬ,Бурляева Алла Борисовна,0,головная организация
Кантемировский,"МКДОУ ""КАНТЕМИРОВСКИЙ ДЕТСКИЙ САД № 1 - ЦППМСП""","МУНИЦИПАЛЬНОЕ КАЗЕННОЕ ДОШКОЛЬНОЕ ОБРАЗОВАТЕЛЬНОЕ УЧРЕЖДЕНИЕ ""ДЕТСКИЙ САД №1 - ЦЕНТР ПСИХОЛОГО-ПЕДАГОГИЧЕСКОЙ, МЕДИЦИНСКОЙ И СОЦИАЛЬНОЙ ПОМОЩИ КАНТЕМИРОВСКОГО МУНИЦИПАЛЬНОГО РАЙОНА ВОРОНЕЖСКОЙ ОБЛАСТИ""",дошкольное образование,3612009686,"396730, ВОРОНЕЖСКАЯ ОБЛАСТЬ, Р-Н КАНТЕМИРОВСКИЙ, РП КАНТЕМИРОВКА, УЛ 9 ЯНВАРЯ, ЗД. 3","49.70531, 39.854393",действующая,27-01-2026,03-09-2013,361201001,1133668039207,03-09-2013,20219551000,20619151051,25731957,4210007,14,85.11,2014,75404,Муниципальное казенное учреждение,МКУ,2014,ЗАВЕДУЮЩАЯ,Скосарева Татьяна Николаевна,0,головная организация
Кантемировский,МКДОУ КАНТЕМИРОВСКИЙ ДЕТСКИЙ САД №2,МУНИЦИПАЛЬНОЕ КАЗЕННОЕ ДОШКОЛЬНОЕ ОБРАЗОВАТЕЛЬНОЕ УЧРЕЖДЕНИЕ КАНТЕМИРОВСКИЙ ДЕТСКИЙ САД №2 КАНТЕМИРОВСКОГО МУНИЦИПАЛЬНОГО РАЙОНА ВОРОНЕЖСКОЙ ОБЛАСТИ,дошкольное образование,3612009742,"396730, ВОРОНЕЖСКАЯ ОБЛАСТЬ, Р-Н КАНТЕМИРОВСКИЙ, РП КАНТЕМИРОВКА, УЛ ДУНАЙ, ЗД. 16А","49.700297, 39.8326279",действующая,08-05-2025,23-04-2014,361201001,1143668020077,23-04-2014,20219551000,20619151051,26533484,4210007,14,85.11,2014,75404,Муниципальное казенное учреждение,МКУ,2014,ЗАВЕДУЮЩАЯ ДЕТСКИМ САДОМ,Склярова Галина Александровна,0,головная организация
Кантемировский,МКДОУ МИТРОФАНОВСКИЙ ДЕТСКИЙ САД,МУНИЦИПАЛЬНОЕ КАЗЕННОЕ ДОШКОЛЬНОЕ ОБРАЗОВАТЕЛЬНОЕ УЧРЕЖДЕНИЕ МИТРОФАНОВСКИЙ ДЕТСКИЙ САД КАНТЕМИРОВСКОГО МУНИЦИПАЛЬНОГО РАЙОНА ВОРОНЕЖСКОЙ ОБЛАСТИ,дошкольное образование,3612009710,"396700, ВОРОНЕЖСКАЯ ОБЛАСТЬ, Р-Н КАНТЕМИРОВСКИЙ, С. МИТРОФАНОВКА, УЛ. ПОБЕДЫ, Д.12","49.9717655, 39.687849",действующая,08-02-2025,17-02-2014,361201001,1143668006998,17-02-2014,20219824001,20619424101,26495430,4210007,14,85.11,2014,75404,Муниципальное казенное учреждение,МКУ,2014,ЗАВЕДУЮЩАЯ ДЕТСКИМ САДОМ,Пинчук Людмила Николаевна,0,головная организация
Кантемировский,"МКОУ ""КАНТЕМИРОВСКИЙ ЛИЦЕЙ""","МУНИЦИПАЛЬНОЕ КАЗЕННОЕ ОБЩЕОБРАЗОВАТЕЛЬНОЕ УЧРЕЖДЕНИЕ ""КАНТЕМИРОВСКИЙ ЛИЦЕЙ"" КАНТЕМИРОВСКОГО МУНИЦИПАЛЬНОГО РАЙОНА ВОРОНЕЖСКОЙ ОБЛАСТИ",общеобразовательная организация,3612005593,"396730, ВОРОНЕЖСКАЯ ОБЛАСТЬ, Р-Н КАНТЕМИРОВСКИЙ, РП КАНТЕМИРОВКА, УЛ ПЕРВОМАЙСКАЯ, ЗД. 35","49.7029963, 39.853553",действующая,08-05-2025,24-04-1999,361201001,1023600848116,25-11-2002,20219551000,20619151051,49754992,4210007,14,85.14,2014,75404,Муниципальное казенное учреждение,МКУ,2014,ДИРЕКТОР,Седова Ксения Валериевна,0,головная организация
Кантемировский,МКОУ БОНДАРЕВСКАЯ СОШ,МУНИЦИПАЛЬНОЕ КАЗЕННОЕ ОБЩЕОБРАЗОВАТЕЛЬНОЕ УЧРЕЖДЕНИЕ БОНДАРЕВСКАЯ СРЕДНЯЯ ОБЩЕОБРАЗОВАТЕЛЬНАЯ ШКОЛА КАНТЕМИРОВСКОГО МУНИЦИПАЛЬНОГО РАЙОНА ВОРОНЕЖСКОЙ ОБЛАСТИ,общеобразовательная организация,3612006124,"396715, ВОРОНЕЖСКАЯ ОБЛАСТЬ, Р-Н КАНТЕМИРОВСКИЙ, С. БОНДАРЕВО, УЛ. БАЗАРНАЯ, Д.2А","49.7885259, 39.4371619",действующая,18-05-2025,30-01-2002,361201001,1023600847401,31-10-2002,20219804001,20619404101,53151762,4210007,14,85.14,2014,75404,Муниципальное казенное учреждение,МКУ,2014,ДИРЕКТОР,Строков Александр Николаевич,0,головная организация
Кантемировский,МКОУ БУГАЕВСКАЯ ООШ,МУНИЦИПАЛЬНОЕ КАЗЕННОЕ ОБЩЕОБРАЗОВАТЕЛЬНОЕ УЧРЕЖДЕНИЕ БУГАЕВСКАЯ ОСНОВНАЯ ОБЩЕОБРАЗОВАТЕЛЬНАЯ ШКОЛА КАНТЕМИРОВСКОГО МУНИЦИПАЛЬНОГО РАЙОНА ВОРОНЕЖСКОЙ ОБЛАСТИ,общеобразовательная организация,3612005699,"396703, ВОРОНЕЖСКАЯ ОБЛАСТЬ, Р-Н КАНТЕМИРОВСКИЙ, С. БУГАЕВКА (БУГАЕВСКОЕ С/П), УЛ. МОЛОДЕЖНАЯ, Д.5А, -, --","49.6441918, 39.7531348",действующая,05-12-2025,28-02-2002,361201001,1023600848215,25-11-2002,20219808001,20619408101,49759280,4210007,14,85.13,2014,75404,Муниципальное казенное учреждение,МКУ,2014,ДИРЕКТОР,Воронько Владимир Иванович,0,головная организация
Кантемировский,МКОУ ВОЛОКОНОВСКАЯ СОШ,МУНИЦИПАЛЬНОЕ КАЗЕННОЕ ОБЩЕОБРАЗОВАТЕЛЬНОЕ УЧРЕЖДЕНИЕ ВОЛОКОНОВСКАЯ СРЕДНЯЯ ОБЩЕОБРАЗОВАТЕЛЬНАЯ ШКОЛА КАНТЕМИРОВСКОГО МУНИЦИПАЛЬНОГО РАЙОНА ВОРОНЕЖСКОЙ ОБЛАСТИ,общеобразовательная организация,3612005730,"396716, ВОРОНЕЖСКАЯ ОБЛАСТЬ, Р-Н КАНТЕМИРОВСКИЙ, С. ВОЛОКОНОВКА, УЛ. ШКОЛЬНАЯ, Д.1А, -, -","49.8450511, 39.3914639",действующая,06-02-2025,25-12-2001,361201001,1023600848226,25-11-2002,20219804002,20619404106,49759297,4210007,14,85.14,2014,75404,Муниципальное казенное учреждение,МКУ,2014,ДИРЕКТОР,Железнякова Ирина Алексеевна,0,головная организация
Кантемировский,МКОУ ЗАЙЦЕВСКАЯ ООШ,МУНИЦИПАЛЬНОЕ КАЗЕННОЕ ОБЩЕОБРАЗОВАТЕЛЬНОЕ УЧРЕЖДЕНИЕ ЗАЙЦЕВСКАЯ ОСНОВНАЯ ОБЩЕОБРАЗОВАТЕЛЬНАЯ ШКОЛА КАНТЕМИРОВСКОГО МУНИЦИПАЛЬНОГО РАЙОНА ВОРОНЕЖСКОЙ ОБЛАСТИ,общеобразовательная организация,3612005755,"396748, ВОРОНЕЖСКАЯ ОБЛАСТЬ, Р-Н КАНТЕМИРОВСКИЙ, С. ЗАЙЦЕВКА, УЛ. ЦЕНТРАЛЬНАЯ, Д.42","49.6862183, 40.0096988",действующая,05-12-2025,21-05-1999,361201001,1023600848380,02-12-2002,20219816001,20619416101,51700584,4210007,14,85.13,2014,75404,Муниципальное казенное учреждение,МКУ,2014,ДИРЕКТОР,Кодацкая Наталия Петровна,0,головная организация
Кантемировский,МКОУ КАНТЕМИРОВСКАЯ ООШ,МУНИЦИПАЛЬНОЕ КАЗЕННОЕ ОБЩЕОБРАЗОВАТЕЛЬНОЕ УЧРЕЖДЕНИЕ КАНТЕМИРОВСКАЯ ОСНОВНАЯ ОБЩЕОБРАЗОВАТЕЛЬНАЯ ШКОЛА КАНТЕМИРОВСКОГО МУНИЦИПАЛЬНОГО РАЙОНА ВОРОНЕЖСКОЙ ОБЛАСТИ,общеобразовательная организация,3612005988,"396732, ВОРОНЕЖСКАЯ ОБЛАСТЬ, Р-Н КАНТЕМИРОВСКИЙ, РП КАНТЕМИРОВКА, УЛ СТРОИТЕЛЕЙ, ЗД. 1, -","49.7215982, 39.8514736",действующая,08-05-2025,17-12-1999,361201001,1023600848336,28-11-2002,20219551000,20619151051,51700555,4210007,14,85.13,2014,75404,Муниципальное казенное учреждение,МКУ,2014,ДИРЕКТОР,Чайка Инна Сергеевна,0,головная организация
Кантемировский,МКОУ КАНТЕМИРОВСКАЯ СОШ №2 ИМ. ЗАВАДСКОГО В.В.,МУНИЦИПАЛЬНОЕ КАЗЕННОЕ ОБЩЕОБРАЗОВАТЕЛЬНОЕ УЧРЕЖДЕНИЕ КАНТЕМИРОВСКАЯ СРЕДНЯЯ ОБЩЕОБРАЗОВАТЕЛЬНАЯ ШКОЛА №2 ИМ. ЗАВАДСКОГО В.В. КАНТЕМИРОВСКОГО МУНИЦИПАЛЬНОГО РАЙОНА ВОРОНЕЖСКОЙ ОБЛАСТИ,общеобразовательная организация,3612005642,"396731, ВОРОНЕЖСКАЯ ОБЛАСТЬ, Р-Н КАНТЕМИРОВСКИЙ, РП КАНТЕМИРОВКА, УЛ ВЛАДИМИРА ЗАВАДСКОГО, ЗД. 65, -","49.690363, 39.849643",действующая,10-02-2025,11-05-1999,361201001,1023600847181,24-10-2002,20219551000,20619151051,49755000,4210007,14,85.14,2014,75404,Муниципальное казенное учреждение,МКУ,2014,ДИРЕКТОР,Толбин Юрий Николаевич,0,головная организация
Кантемировский,МКОУ КАСЬЯНОВСКАЯ СОШ,МУНИЦИПАЛЬНОЕ КАЗЕННОЕ ОБЩЕОБРАЗОВАТЕЛЬНОЕ УЧРЕЖДЕНИЕ КАСЬЯНОВСКАЯ СРЕДНЯЯ ОБЩЕОБРАЗОВАТЕЛЬНАЯ ШКОЛА КАНТЕМИРОВСКОГО МУНИЦИПАЛЬНОГО РАЙОНА ВОРОНЕЖСКОЙ ОБЛАСТИ,общеобразовательная организация,3612005674,"396701, ВОРОНЕЖСКАЯ ОБЛАСТЬ, М.Р-Н КАНТЕМИРОВСКИЙ, С.П. ЖУРАВСКОЕ, С КАСЬЯНОВКА, УЛ СОВЕТСКАЯ, ЗД. 6","49.7446494, 39.7530038",действующая,14-02-2025,13-05-1999,361201001,1023600847412,01-11-2002,20219812003,20619412111,49759268,4210007,14,85.14,2014,75404,Муниципальное казенное учреждение,МКУ,2014,ДИРЕКТОР ШКОЛЫ,Жигалкина Галина Анатольевна,0,головная организация
Кантемировский,МКОУ КРАСНОМОЛОТОВСКАЯ СОШ,МУНИЦИПАЛЬНОЕ КАЗЕННОЕ ОБЩЕОБРАЗОВАТЕЛЬНОЕ УЧРЕЖДЕНИЕ КРАСНОМОЛОТОВСКАЯ СРЕДНЯЯ ОБЩЕОБРАЗОВАТЕЛЬНАЯ ШКОЛА КАНТЕМИРОВСКОГО МУНИЦИПАЛЬНОГО РАЙОНА ВОРОНЕЖСКОЙ ОБЛАСТИ,общеобразовательная организация,3612006220,"396711, ВОРОНЕЖСКАЯ ОБЛАСТЬ, Р-Н КАНТЕМИРОВСКИЙ, Х СОЛЁНЫЙ, УЛ ШКОЛЬНАЯ, Д. 60","49.8345148, 39.6476071",действующая,07-02-2025,07-06-2000,361201001,1023600847654,06-11-2002,20219842003,20619442111,53155642,4210007,14,85.14,2014,75404,Муниципальное казенное учреждение,МКУ,2014,ДИРЕКТОР,Романенко Ирина Владимировна,0,головная организация
Кантемировский,МКОУ МИТРОФАНОВСКАЯ СОШ,МУНИЦИПАЛЬНОЕ КАЗЕННОЕ ОБЩЕОБРАЗОВАТЕЛЬНОЕ УЧРЕЖДЕНИЕ МИТРОФАНОВСКАЯ СРЕДНЯЯ ОБЩЕОБРАЗОВАТЕЛЬНАЯ ШКОЛА КАНТЕМИРОВСКОГО МУНИЦИПАЛЬНОГО РАЙОНА ВОРОНЕЖСКОЙ ОБЛАСТИ,общеобразовательная организация,3612004952,"396700, ВОРОНЕЖСКАЯ ОБЛАСТЬ, Р-Н КАНТЕМИРОВСКИЙ, С. МИТРОФАНОВКА, УЛ. ПОБЕДЫ, Д.29","49.97202, 39.6922698",действующая,08-02-2025,07-03-2002,361201001,1023600847302,30-10-2002,20219824001,20619424101,45971267,4210007,14,85.14,2014,75404,Муниципальное казенное учреждение,МКУ,2014,ДИРЕКТОР,Косолапенкова Ольга Николаевна,0,головная организация
Кантемировский,МКОУ МИХАЙЛОВСКАЯ ООШ,МУНИЦИПАЛЬНОЕ КАЗЕННОЕ ОБЩЕОБРАЗОВАТЕЛЬНОЕ УЧРЕЖДЕНИЕ МИХАЙЛОВСКАЯ ОСНОВНАЯ ОБЩЕОБРАЗОВАТЕЛЬНАЯ ШКОЛА КАНТЕМИРОВСКОГО МУНИЦИПАЛЬНОГО РАЙОНА ВОРОНЕЖСКОЙ ОБЛАСТИ,общеобразовательная организация,3612005650,"396710, ВОРОНЕЖСКАЯ ОБЛАСТЬ, Р-Н КАНТЕМИРОВСКИЙ, С МИХАЙЛОВКА, УЛ ШКОЛЬНАЯ, ЗД. 1","49.890546, 39.6365885",действующая,06-05-2025,13-05-1999,361201001,1023600847380,30-10-2002,20219828001,20619428101,49759239,4210007,14,85.13,2014,75404,Муниципальное казенное учреждение,МКУ,2014,ДИРЕКТОР,Михайлусова Татьяна Михайловна,0,головная организация
Кантемировский,МКОУ НОВОБЕЛЯНСКАЯ СОШ,МУНИЦИПАЛЬНОЕ КАЗЕННОЕ ОБЩЕОБРАЗОВАТЕЛЬНОЕ УЧРЕЖДЕНИЕ НОВОБЕЛЯНСКАЯ СРЕДНЯЯ ОБЩЕОБРАЗОВАТЕЛЬНАЯ ШКОЛА КАНТЕМИРОВСКОГО МУНИЦИПАЛЬНОГО РАЙОНА ВОРОНЕЖСКОЙ ОБЛАСТИ,общеобразовательная организация,3612005723,"396717, ВОРОНЕЖСКАЯ ОБЛАСТЬ, Р-Н КАНТЕМИРОВСКИЙ, С. НОВОБЕЛАЯ, УЛ. СОВЕТСКАЯ, Д.27, -, -","49.8223225, 39.2826206",действующая,02-02-2025,13-05-1999,361201001,1023600847599,06-11-2002,20219832001,20619432101,49759222,4210007,14,85.14,2014,75404,Муниципальное казенное учреждение,МКУ,2014,ДИРЕКТОР,Меловатский Александр Николаевич,0,головная организация
Кантемировский,МКОУ НОВОМАРКОВСКАЯ СОШ ИМ. ГОЛУБОВА А.Е.,МУНИЦИПАЛЬНОЕ КАЗЕННОЕ ОБЩЕОБРАЗОВАТЕЛЬНОЕ УЧРЕЖДЕНИЕ НОВОМАРКОВСКАЯ СРЕДНЯЯ ОБЩЕОБРАЗОВАТЕЛЬНАЯ ШКОЛА ИМЕНИ ГЕРОЯ СОВЕТСКОГО СОЮЗА ГОЛУБОВА А.Е. КАНТЕМИРОВСКОГО МУНИЦИПАЛЬНОГО РАЙОНА ВОРОНЕЖСКОЙ ОБЛАСТИ,общеобразовательная организация,3612005586,"396702, ВОРОНЕЖСКАЯ ОБЛАСТЬ, Р-Н КАНТЕМИРОВСКИЙ, С. НОВОМАРКОВКА, УЛ. СОВЕТСКАЯ, Д.16, -, -","49.7173083, 39.749859",действующая,20-11-2025,19-04-1999,361201001,1023600847258,25-10-2002,20219836001,20619436101,49754986,4210007,14,85.14,2014,75404,Муниципальное казенное учреждение,МКУ,2014,ДИРЕКТОР,Чайка Иван Николаевич,0,головная организация
Кантемировский,МКОУ ОСИКОВСКАЯ ООШ,МУНИЦИПАЛЬНОЕ КАЗЕННОЕ ОБЩЕОБРАЗОВАТЕЛЬНОЕ УЧРЕЖДЕНИЕ ОСИКОВСКАЯ ОСНОВНАЯ ОБЩЕОБРАЗОВАТЕЛЬНАЯ ШКОЛА КАНТЕМИРОВСКОГО МУНИЦИПАЛЬНОГО РАЙОНА ВОРОНЕЖСКОЙ ОБЛАСТИ,общеобразовательная организация,3612005762,"396745, ВОРОНЕЖСКАЯ ОБЛАСТЬ, Р-Н КАНТЕМИРОВСКИЙ, С ОСИКОВКА, УЛ ЦЕНТРАЛЬНАЯ, ЗД. 18, -","49.6665092, 40.2690754",действующая,25-11-2025,08-02-2002,361201001,1023600847357,30-10-2002,20219840001,20619440101,51700395,4210007,14,85.13,2014,75404,Муниципальное казенное учреждение,МКУ,2014,ДИРЕКТОР,Фошенко Наталья Викторовна,0,головная организация
Кантемировский,МКОУ ОХРОЗАВОДСКАЯ СОШ,МУНИЦИПАЛЬНОЕ КАЗЕННОЕ ОБЩЕОБРАЗОВАТЕЛЬНОЕ УЧРЕЖДЕНИЕ ОХРОЗАВОДСКАЯ СРЕДНЯЯ ОБЩЕОБРАЗОВАТЕЛЬНАЯ ШКОЛА КАНТЕМИРОВСКОГО МУНИЦИПАЛЬНОГО РАЙОНА ВОРОНЕЖСКОЙ ОБЛАСТИ,общеобразовательная организация,3612005716,"396720, ВОРОНЕЖСКАЯ ОБЛАСТЬ, Р-Н КАНТЕМИРОВСКИЙ, П. ОХРОВОГО ЗАВОДА, УЛ. ШКОЛЬНАЯ, Д.32, -, -","49.7704207, 39.8384696",действующая,08-02-2025,03-04-2002,361201001,1023600847544,05-11-2002,20219812004,20619412116,49759274,4210007,14,85.14,2014,75404,Муниципальное казенное учреждение,МКУ,2014,ДИРЕКТОР,Доценко Ольга Ивановна,0,головная организация
Кантемировский,МКОУ ПИСАРЕВСКАЯ СОШ,МУНИЦИПАЛЬНОЕ КАЗЕННОЕ ОБЩЕОБРАЗОВАТЕЛЬНОЕ УЧРЕЖДЕНИЕ ПИСАРЕВСКАЯ СРЕДНЯЯ ОБЩЕОБРАЗОВАТЕЛЬНАЯ ШКОЛА КАНТЕМИРОВСКОГО МУНИЦИПАЛЬНОГО РАЙОНА ВОРОНЕЖСКОЙ ОБЛАСТИ,общеобразовательная организация,3612006131,"396739, ВОРОНЕЖСКАЯ ОБЛАСТЬ, Р-Н КАНТЕМИРОВСКИЙ, С. ПИСАРЕВКА, УЛ. ЛЕНИНА, Д.10 ""Б"", -, -","49.8885652, 40.1839932",действующая,06-02-2025,01-02-2000,361201001,1023600848193,25-11-2002,20219844001,20619444101,53140913,4210007,14,85.14,2014,75404,Муниципальное казенное учреждение,МКУ,2014,ДИРЕКТОР,Семенова Инна Владимировна,0,головная организация
Кантемировский,МКОУ СКНАРОВСКАЯ ООШ,МУНИЦИПАЛЬНОЕ КАЗЕННОЕ ОБЩЕОБРАЗОВАТЕЛЬНОЕ УЧРЕЖДЕНИЕ СКНАРОВСКАЯ ОСНОВНАЯ ОБЩЕОБРАЗОВАТЕЛЬНАЯ ШКОЛА КАНТЕМИРОВСКОГО МУНИЦИПАЛЬНОГО РАЙОНА ВОРОНЕЖСКОЙ ОБЛАСТИ,общеобразовательная организация,3612006043,"396749, ВОРОНЕЖСКАЯ ОБЛАСТЬ, Р-Н КАНТЕМИРОВСКИЙ, С. СКНАРОВКА, УЛ. ШИРОКАЯ, Д.2, -, -","49.8121598, 39.9421236",действующая,09-02-2025,24-02-2000,361201001,1023600847533,05-11-2002,20219848002,20619448106,53140994,4210007,14,85.13,2014,75404,Муниципальное казенное учреждение,МКУ,2014,ДИРЕКТОР,Шпак Наталья Георгиевна,0,головная организация
Кантемировский,МКОУ СМАГЛЕЕВСКАЯ СОШ,МУНИЦИПАЛЬНОЕ КАЗЕННОЕ ОБЩЕОБРАЗОВАТЕЛЬНОЕ УЧРЕЖДЕНИЕ СМАГЛЕЕВСКАЯ СРЕДНЯЯ ОБЩЕОБРАЗОВАТЕЛЬНАЯ ШКОЛА КАНТЕМИРОВСКОГО МУНИЦИПАЛЬНОГО РАЙОНА ВОРОНЕЖСКОЙ ОБЛАСТИ,общеобразовательная организация,3612005709,"396735, ВОРОНЕЖСКАЯ ОБЛАСТЬ, Р-Н КАНТЕМИРОВСКИЙ, С. СМАГЛЕЕВКА, УЛ. 50 ЛЕТ ОКТЯБРЯ, Д.16, -, -","49.7988562, 39.8976622",действующая,03-02-2025,13-05-1999,361201001,1023600847269,25-10-2002,20219848001,20619448101,49759251,4210007,14,85.14,2014,75404,Муниципальное казенное учреждение,МКУ,2014,ДИРЕКТОР,Квитко Ольга Олеговна,0,головная организация
Кантемировский,МКОУ ТАЛОВСКАЯ СОШ,МУНИЦИПАЛЬНОЕ КАЗЕННОЕ ОБЩЕОБРАЗОВАТЕЛЬНОЕ УЧРЕЖДЕНИЕ ТАЛОВСКАЯ СРЕДНЯЯ ОБЩЕОБРАЗОВАТЕЛЬНАЯ ШКОЛА КАНТЕМИРОВСКОГО МУНИЦИПАЛЬНОГО РАЙОНА ВОРОНЕЖСКОЙ ОБЛАСТИ,общеобразовательная организация,3612006050,"396737, ВОРОНЕЖСКАЯ ОБЛАСТЬ, Р-Н КАНТЕМИРОВСКИЙ, С. ТАЛЫ, УЛ. ЦЕНТРАЛЬНАЯ, Д.163, -, -","49.8544823, 40.0727039",действующая,03-02-2025,22-03-2000,361201001,1023600848171,25-11-2002,20219852001,20619452101,53147157,4210007,14,85.14,2014,75404,Муниципальное казенное учреждение,МКУ,2014,ДИРЕКТОР,Клочков Игорь Алексеевич,0,головная организация
Кантемировский,МКОУ ТИТАРЕВСКАЯ СОШ,МУНИЦИПАЛЬНОЕ КАЗЕННОЕ ОБЩЕОБРАЗОВАТЕЛЬНОЕ УЧРЕЖДЕНИЕ ТИТАРЕВСКАЯ СРЕДНЯЯ ОБЩЕОБРАЗОВАТЕЛЬНАЯ ШКОЛА КАНТЕМИРОВСКОГО МУНИЦИПАЛЬНОГО РАЙОНА ВОРОНЕЖСКОЙ ОБЛАСТИ,общеобразовательная организация,3612005787,"396742, ВОРОНЕЖСКАЯ ОБЛАСТЬ, Р-Н КАНТЕМИРОВСКИЙ, С. ТИТАРЕВКА, УЛ. ПОБЕДЫ, Д.31, -, -","49.7445514, 40.1511408",действующая,22-06-2025,09-06-1999,361201001,1023600847643,05-11-2002,20219856001,20619456101,51700414,4210007,14,85.14,2014,75404,Муниципальное казенное учреждение,МКУ,2014,ДИРЕКТОР,Говорова Оксана Евгеньевна,0,головная организация
Кантемировский,"МКУ ДО ""ДЮСШ""","МУНИЦИПАЛЬНОЕ КАЗЕННОЕ УЧРЕЖДЕНИЕ ДОПОЛНИТЕЛЬНОГО ОБРАЗОВАНИЯ ""ДЕТСКО-ЮНОШЕСКАЯ СПОРТИВНАЯ ШКОЛА"" КАНТЕМИРОВСКОГО МУНИЦИПАЛЬНОГО РАЙОНА ВОРОНЕЖСКОЙ ОБЛАСТИ",организация доп. образования,3612008259,"396730, ВОРОНЕЖСКАЯ ОБЛАСТЬ, Р-Н КАНТЕМИРОВСКИЙ, РП КАНТЕМИРОВКА, УЛ ПЕРВОМАЙСКАЯ, ЗД. 14","49.701309, 39.853278",действующая,08-05-2025,29-04-2011,361201001,1113627000387,29-04-2011,20219551000,20619151051,91199007,4210007,14,85.41,2014,75404,Муниципальное казенное учреждение,МКУ,2014,"ДИРЕКТОР  МКОУ ДОД ""ДЮСШ""",Слюсарев Александр Петрович,0,головная организация
Кантемировский,МКУ ДО КАНТЕМИРОВСКИЙ ДДТ,МУНИЦИПАЛЬНОЕ КАЗЕННОЕ УЧРЕЖДЕНИЕ ДОПОЛНИТЕЛЬНОГО ОБРАЗОВАНИЯ КАНТЕМИРОВСКИЙ ДОМ ДЕТСКОГО ТВОРЧЕСТВА КАНТЕМИРОВСКОГО МУНИЦИПАЛЬНОГО РАЙОНА ВОРОНЕЖСКОЙ ОБЛАСТИ,организация доп. образования,3612006212,"396730, ВОРОНЕЖСКАЯ ОБЛАСТЬ, Р-Н КАНТЕМИРОВСКИЙ, РП КАНТЕМИРОВКА, УЛ ПОБЕДЫ, Д. 30","49.6991913, 39.8590485",действующая,02-08-2025,07-06-2000,361201001,1023600848270,09-12-2002,20219551000,20619151051,53155636,4210007,14,85.41,2014,75404,Муниципальное казенное учреждение,МКУ,2014,ДИРЕКТОР,Герасимова Анна Валерьевна,0,головная организация
Кантемировский,ОТДЕЛ ПО ОБРАЗОВАНИЮ,ОТДЕЛ ПО ОБРАЗОВАНИЮ АДМИНИСТРАЦИИ КАНТЕМИРОВСКОГО МУНИЦИПАЛЬНОГО РАЙОНА ВОРОНЕЖСКОЙ ОБЛАСТИ,отдел,3612000940,"396730, ВОРОНЕЖСКАЯ ОБЛАСТЬ, Р-Н КАНТЕМИРОВСКИЙ, РП КАНТЕМИРОВКА, УЛ ПОБЕДЫ, Д. 17","49.702501, 39.854575",действующая,08-05-2025,20-05-1992,361201001,1023600847819,18-11-2002,20219551000,20619151051,02104726,3300100,14,84.11.3,2014,75404,Муниципальное казенное учреждение,МКУ,2014,РУКОВОДИТЕЛЬ ОТДЕЛА ПО ОБРАЗОВАНИЮ,Горбанев Юрий Викторович,0,головная организация
Каширский,"МКДОУ ""ЦППМСП КАШИРСКОГО МУНИЦИПАЛЬНОГО РАЙОНА ВОРОНЕЖСКОЙ ОБЛАСТИ - КАШИРСКИЙ ДЕТСКИЙ САД №2""","МУНИЦИПАЛЬНОЕ КАЗЕННОЕ ДОШКОЛЬНОЕ ОБРАЗОВАТЕЛЬНОЕ УЧРЕЖДЕНИЕ ""ЦЕНТР ПСИХОЛОГО-ПЕДАГОГИЧЕСКОЙ, МЕДИЦИНСКОЙ И СОЦИАЛЬНОЙ ПОМОЩИ КАШИРСКОГО МУНИЦИПАЛЬНОГО РАЙОНА ВОРОНЕЖСКОЙ ОБЛАСТИ - КАШИРСКИЙ ДЕТСКИЙ САД №2""",дошкольное образование,3613003662,"396350, ВОРОНЕЖСКАЯ ОБЛАСТЬ, Р-Н КАШИРСКИЙ, С. КАШИРСКОЕ, УЛ. ОЛИМПИЙСКАЯ, Д. 1Д","51.4098868, 39.5879873",действующая,19-02-2026,29-06-2002,361301001,1023601496236,09-12-2002,20220814001,20620414101,56453179,4210007,14,85.11,2014,75404,Муниципальное казенное учреждение,МКУ,2014,ЗАВЕДУЮЩИЙ,Моренкова Светлана Викторовна,0,головная организация
Каширский,МКДОУ КАШИРСКИЙ ДЕТСКИЙ САД №1,МУНИЦИПАЛЬНОЕ КАЗЕННОЕ ДОШКОЛЬНОЕ ОБРАЗОВАТЕЛЬНОЕ УЧРЕЖДЕНИЕ КАШИРСКИЙ ДЕТСКИЙ САД №1 КАШИРСКОГО МУНИЦИПАЛЬНОГО РАЙОНА ВОРОНЕЖСКОЙ ОБЛАСТИ,дошкольное образование,3613003655,"396350, ВОРОНЕЖСКАЯ ОБЛАСТЬ, Р-Н КАШИРСКИЙ, С. КАШИРСКОЕ, УЛ. БРАТСКАЯ, Д. 1А","51.403932, 39.590786",действующая,06-02-2025,29-06-2002,361301001,1023601496313,10-12-2002,20220814001,20620414101,56453162,4210007,14,85.11,2014,75404,Муниципальное казенное учреждение,МКУ,2014,ЗАВЕДУЮЩАЯ,Сметанина Тамара Ивановна,0,головная организация
Каширский,МКДОУ КОЛОДЕЗЯНСКИЙ ДЕТСКИЙ САД,МУНИЦИПАЛЬНОЕ КАЗЕННОЕ ДОШКОЛЬНОЕ ОБРАЗОВАТЕЛЬНОЕ УЧРЕЖДЕНИЕ КОЛОДЕЗЯНСКИЙ ДЕТСКИЙ САД КАШИРСКОГО МУНИЦИПАЛЬНОГО РАЙОНА ВОРОНЕЖСКОЙ ОБЛАСТИ,дошкольное образование,3613003711,"396340, ВОРОНЕЖСКАЯ ОБЛАСТЬ, Р-Н КАШИРСКИЙ, П. КОЛОДЕЗНЫЙ, УЛ. 40 ЛЕТ ОКТЯБРЯ, Д.10 А","51.3385207, 39.2998658",действующая,07-02-2025,19-10-2001,361301001,1023601496192,09-12-2002,20220816001,20620416101,57721251,4210007,14,85.11,2014,75404,Муниципальное казенное учреждение,МКУ,2014,ЗАВЕДУЮЩИЙ,Попова Алла Игоревна,0,головная организация
Каширский,"МКОУ ""БОЕВСКАЯ СОШ""",МУНИЦИПАЛЬНОЕ КАЗЕННОЕ ОБЩЕОБРАЗОВАТЕЛЬНОЕ УЧРЕЖДЕНИЕ БОЕВСКАЯ СРЕДНЯЯ ОБЩЕОБРАЗОВАТЕЛЬНАЯ ШКОЛА КАШИРСКОГО МУНИЦИПАЛЬНОГО РАЙОНА ВОРОНЕЖСКОЙ ОБЛАСТИ,общеобразовательная организация,3613003616,"396346, ВОРОНЕЖСКАЯ ОБЛАСТЬ, Р-Н КАШИРСКИЙ, С. БОЕВО, УЛ. ШКОЛЬНАЯ, Д.9","51.3929918, 39.3203377",действующая,04-02-2025,14-09-2000,361301001,1023601496302,10-12-2002,20220803001,20620403101,54696848,4210007,14,85.14,2014,75404,Муниципальное казенное учреждение,МКУ,2014,ДИРЕКТОР,Кудрявцева Татьяна Васильевна,0,головная организация
Каширский,"МКОУ ""ДАНКОВСКАЯ СОШ""",МУНИЦИПАЛЬНОЕ КАЗЕННОЕ ОБЩЕОБРАЗОВАТЕЛЬНОЕ УЧРЕЖДЕНИЕ ДАНКОВСКАЯ СРЕДНЯЯ ОБЩЕОБРАЗОВАТЕЛЬНАЯ ШКОЛА КАШИРСКОГО МУНИЦИПАЛЬНОГО РАЙОНА ВОРОНЕЖСКОЙ ОБЛАСТИ,общеобразовательная организация,3613003599,"396363, ВОРОНЕЖСКАЯ ОБЛАСТЬ, Р-Н КАШИРСКИЙ, С ДАНКОВО, УЛ МИРА, ЗД. 30","51.2972643, 39.5260497",действующая,13-10-2025,14-09-2000,361301001,1023601496203,09-12-2002,20220805001,20620405101,54696831,4210007,14,85.14,2014,75404,Муниципальное казенное учреждение,МКУ,2014,ИСПОЛНЯЮЩИЙ ОБЯЗАННОСТИ ДИРЕКТОРА,Духанина Мария Александровна,0,головная организация
Каширский,"МКОУ ""ДЗЕРЖИНСКАЯ СОШ""",МУНИЦИПАЛЬНОЕ КАЗЕННОЕ ОБЩЕОБРАЗОВАТЕЛЬНОЕ УЧРЕЖДЕНИЕ ДЗЕРЖИНСКАЯ СРЕДНЯЯ ОБЩЕОБРАЗОВАТЕЛЬНАЯ ШКОЛА КАШИРСКОГО МУНИЦИПАЛЬНОГО РАЙОНА ВОРОНЕЖСКОЙ ОБЛАСТИ,общеобразовательная организация,3613003609,"396347, ВОРОНЕЖСКАЯ ОБЛАСТЬ, Р-Н КАШИРСКИЙ, П. ИМ.ДЗЕРЖИНСКОГО, УЛ. ШКОЛЬНАЯ, Д.60","51.4552096, 39.2303338",действующая,04-02-2025,14-09-2000,361301001,1023601496159,09-12-2002,20220807001,20620407101,54696736,4210007,14,85.14,2014,75404,Муниципальное казенное учреждение,МКУ,2014,ДИРЕКТОР,Лаптева Юлия Леонидовна,0,головная организация
Каширский,"МКОУ ""ЗАПРУДСКАЯ СОШ""",МУНИЦИПАЛЬНОЕ КАЗЕННОЕ ОБЩЕОБРАЗОВАТЕЛЬНОЕ УЧРЕЖДЕНИЕ ЗАПРУДСКАЯ СРЕДНЯЯ ОБЩЕОБРАЗОВАТЕЛЬНАЯ ШКОЛА КАШИРСКОГО МУНИЦИПАЛЬНОГО РАЙОНА ВОРОНЕЖСКОЙ ОБЛАСТИ,общеобразовательная организация,3613003503,"396354, ВОРОНЕЖСКАЯ ОБЛАСТЬ, Р-Н КАШИРСКИЙ, С. ЗАПРУДСКОЕ, УЛ. СОВЕТСКАЯ, Д.8","51.3450373, 39.7261243",действующая,05-02-2025,14-09-2000,361301001,1023601496148,06-12-2002,20220809001,20620409101,54696802,4210007,14,85.14,2014,75404,Муниципальное казенное учреждение,МКУ,2014,ДИРЕКТОР,Иванова Людмила Григорьевна,0,головная организация
Каширский,"МКОУ ""КАЗЬМАДЕМЬЯНОВСКАЯ ООШ""",МУНИЦИПАЛЬНОЕ КАЗЕННОЕ ОБЩЕОБРАЗОВАТЕЛЬНОЕ УЧРЕЖДЕНИЕ КАЗЬМАДЕМЬЯНОВСКАЯ ОСНОВНАЯ ОБЩЕОБРАЗОВАТЕЛЬНАЯ ШКОЛА КАШИРСКОГО МУНИЦИПАЛЬНОГО РАЙОНА ВОРОНЕЖСКОЙ ОБЛАСТИ,общеобразовательная организация,3613003461,"396363, ВОРОНЕЖСКАЯ ОБЛАСТЬ, Р-Н КАШИРСКИЙ, С. ДАНКОВО, УЛ. КОЛЬЦОВСКАЯ, Д.1А","51.2932691, 39.5296093",действующая,09-02-2025,14-09-2000,361301001,1023601496258,09-12-2002,20220805001,20620405101,54696707,4210007,14,85.13,2014,75404,Муниципальное казенное учреждение,МКУ,2014,ДИРЕКТОР,Михалькова Людмила Федоровна,0,головная организация
Каширский,"МКОУ ""КАМЕННОВЕРХОВСКАЯ ООШ""",МУНИЦИПАЛЬНОЕ КАЗЕННОЕ ОБЩЕОБРАЗОВАТЕЛЬНОЕ УЧРЕЖДЕНИЕ КАМЕННОВЕРХОВСКАЯ ОСНОВНАЯ ОБЩЕОБРАЗОВАТЕЛЬНАЯ ШКОЛА КАШИРСКОГО МУНИЦИПАЛЬНОГО РАЙОНА ВОРОНЕЖСКОЙ ОБЛАСТИ,общеобразовательная организация,3613003630,"396345, ВОРОНЕЖСКАЯ ОБЛАСТЬ, Р-Н КАШИРСКИЙ, С. КАМЕННО-ВЕРХОВКА, УЛ. МИРА, Д.15","51.3597255, 39.15156",действующая,09-02-2025,14-09-2000,361301001,1023601496731,15-12-2002,20220812001,20620412101,54696713,4210007,14,85.13,2014,75404,Муниципальное казенное учреждение,МКУ,2014,ДИРЕКТОР,Бердникова Елена Викторовна,0,головная организация
Каширский,"МКОУ ""КАШИРСКАЯ СОШ""",МУНИЦИПАЛЬНОЕ КАЗЕННОЕ ОБЩЕОБРАЗОВАТЕЛЬНОЕ УЧРЕЖДЕНИЕ КАШИРСКАЯ СРЕДНЯЯ ОБЩЕОБРАЗОВАТЕЛЬНАЯ ШКОЛА КАШИРСКОГО МУНИЦИПАЛЬНОГО РАЙОНА ВОРОНЕЖСКОЙ ОБЛАСТИ,общеобразовательная организация,3613003493,"396350, ВОРОНЕЖСКАЯ ОБЛАСТЬ, Р-Н КАШИРСКИЙ, С. КАШИРСКОЕ, УЛ. ОЛИМПИЙСКАЯ, Д.1А","51.4098868, 39.5879873",действующая,07-11-2025,14-09-2000,361301001,1023601496160,09-12-2002,20220814001,20620414101,54696742,4210007,14,85.14,2014,75404,Муниципальное казенное учреждение,МКУ,2014,ДИРЕКТОР,Снегирева Лидия Петровна,0,головная организация
Каширский,"МКОУ ""КОЛОДЕЗЯНСКАЯ СОШ ИМЕНИ ГЕРАСИМОВА ЕВГЕНИЯ АЛЕКСЕЕВИЧА""",МУНИЦИПАЛЬНОЕ КАЗЕННОЕ ОБЩЕОБРАЗОВАТЕЛЬНОЕ УЧРЕЖДЕНИЕ КОЛОДЕЗЯНСКАЯ СРЕДНЯЯ ОБЩЕОБРАЗОВАТЕЛЬНАЯ ШКОЛА ИМЕНИ ГЕРАСИМОВА ЕВГЕНИЯ АЛЕКСЕЕВИЧА КАШИРСКОГО МУНИЦИПАЛЬНОГО РАЙОНА ВОРОНЕЖСКОЙ ОБЛАСТИ,общеобразовательная организация,3613003581,"396340, ВОРОНЕЖСКАЯ ОБЛАСТЬ, Р-Н КАШИРСКИЙ, П. КОЛОДЕЗНЫЙ, УЛ. ЦЕНТРАЛЬНАЯ, Д.21А","51.3503008, 39.29165",действующая,29-01-2025,14-09-2000,361301001,1023601496016,05-12-2002,20220816001,20620416101,54696759,4210007,14,85.14,2014,75404,Муниципальное казенное учреждение,МКУ,2014,ДИРЕКТОР,Ульянова Наталья Геннадиевна,0,головная организация
Каширский,"МКОУ ""КОНДРАШКИНСКАЯ ООШ ИМЕНИ КАВАЛЕРА ОРДЕНА МУЖЕСТВА ДЕНИСА АЛЕКСАНДРОВИЧА НАЛЕТОВА""",МУНИЦИПАЛЬНОЕ КАЗЕННОЕ ОБЩЕОБРАЗОВАТЕЛЬНОЕ УЧРЕЖДЕНИЕ КОНДРАШКИНСКАЯ ОСНОВНАЯ ОБЩЕОБРАЗОВАТЕЛЬНАЯ ШКОЛА ИМЕНИ КАВАЛЕРА ОРДЕНА МУЖЕСТВА ДЕНИСА АЛЕКСАНДРОВИЧА НАЛЕТОВА КАШИРСКОГО МУНИЦИПАЛЬНОГО РАЙОНА ВОРОНЕЖСКОЙ ОБЛАСТИ,общеобразовательная организация,3613003567,"396342, ВОРОНЕЖСКАЯ ОБЛАСТЬ, Р-Н КАШИРСКИЙ, С. КОНДРАШКИНО, УЛ. ДЕНИСА НАЛЕТОВА, Д.2","51.3976893, 39.6833098",действующая,08-02-2025,14-09-2000,361301001,1023601496126,06-12-2002,20220820001,20620420101,54696825,4210007,14,85.13,2014,75404,Муниципальное казенное учреждение,МКУ,2014,ДИРЕКТОР,Чесноков Иван Игоревич,0,головная организация
Каширский,"МКОУ ""КРАСНОЛОГСКАЯ СОШ""",МУНИЦИПАЛЬНОЕ КАЗЕННОЕ ОБЩЕОБРАЗОВАТЕЛЬНОЕ УЧРЕЖДЕНИЕ КРАСНОЛОГСКАЯ СРЕДНЯЯ ОБЩЕОБРАЗОВАТЕЛЬНАЯ ШКОЛА КАШИРСКОГО МУНИЦИПАЛЬНОГО РАЙОНА ВОРОНЕЖСКОЙ ОБЛАСТИ,общеобразовательная организация,3613003574,"396353, ВОРОНЕЖСКАЯ ОБЛАСТЬ, Р-Н КАШИРСКИЙ, С. КРАСНЫЙ ЛОГ, УЛ. ШКОЛЬНАЯ, Д.20","51.389414, 39.768402",действующая,10-02-2025,14-09-2000,361301001,1023601496181,09-12-2002,20220822001,20620422101,54696765,4210007,14,85.14,2014,75404,Муниципальное казенное учреждение,МКУ,2014,ДИРЕКТОР,Стадник Николай Иванович,0,головная организация
Каширский,"МКОУ ""КРУГЛЯНСКАЯ ООШ""",МУНИЦИПАЛЬНОЕ КАЗЕННОЕ ОБЩЕОБРАЗОВАТЕЛЬНОЕ УЧРЕЖДЕНИЕ КРУГЛЯНСКАЯ ОСНОВНАЯ ОБЩЕОБРАЗОВАТЕЛЬНАЯ ШКОЛА КАШИРСКОГО МУНИЦИПАЛЬНОГО РАЙОНА ВОРОНЕЖСКОЙ ОБЛАСТИ,общеобразовательная организация,3613003479,"396341, ВОРОНЕЖСКАЯ ОБЛАСТЬ, Р-Н КАШИРСКИЙ, С. КРУГЛОЕ, УЛ. СОВЕТСКАЯ, Д.10","51.3270592, 39.2978792",действующая,09-09-2025,14-09-2000,361301001,1023601496676,15-12-2002,20220824001,20620424101,54696682,4210007,14,85.13,2014,75404,Муниципальное казенное учреждение,МКУ,2014,ИСПОЛНЯЮЩИЙ ОБЯЗАННОСТИ ДИРЕКТОРА,Киселева Ольга Александровна,0,головная организация
Каширский,"МКОУ ""ЛЕВОРОССОШАНСКАЯ СОШ ИМЕНИ ПАЛАГИНА ВЛАДИМИРА ВАСИЛЬЕВИЧА""",МУНИЦИПАЛЬНОЕ КАЗЕННОЕ ОБЩЕОБРАЗОВАТЕЛЬНОЕ УЧРЕЖДЕНИЕ ЛЕВОРОССОШАНСКАЯ СРЕДНЯЯ ОБЩЕОБРАЗОВАТЕЛЬНАЯ ШКОЛА ИМЕНИ ПАЛАГИНА ВЛАДИМИРА ВАСИЛЬЕВИЧА КАШИРСКОГО МУНИЦИПАЛЬНОГО РАЙОНА ВОРОНЕЖСКОЙ ОБЛАСТИ,общеобразовательная организация,3613003486,"396360, ВОРОНЕЖСКАЯ ОБЛАСТЬ, Р-Н КАШИРСКИЙ, С ЛЕВАЯ РОССОШЬ, УЛ ПРОЛЕТАРСКАЯ, Д. 34","51.3338607, 39.4017489",действующая,28-04-2025,14-09-2000,361301001,1023601496115,06-12-2002,20220827001,20620427101,54696771,4210007,14,85.14,2014,75404,Муниципальное казенное учреждение,МКУ,2014,ДИРЕКТОР,Карпова Ольга Викторовна,0,головная организация
Каширский,"МКОУ ""МОЖАЙСКАЯ СОШ""",МУНИЦИПАЛЬНОЕ КАЗЕННОЕ ОБЩЕОБРАЗОВАТЕЛЬНОЕ УЧРЕЖДЕНИЕ МОЖАЙСКАЯ СРЕДНЯЯ ОБЩЕОБРАЗОВАТЕЛЬНАЯ ШКОЛА КАШИРСКОГО МУНИЦИПАЛЬНОГО РАЙОНА ВОРОНЕЖСКОЙ ОБЛАСТИ,общеобразовательная организация,3613003454,"396355, ВОРОНЕЖСКАЯ ОБЛАСТЬ, Р-Н КАШИРСКИЙ, С. МОЖАЙСКОЕ, УЛ. ЛЕНИНА, Д.17","51.3127846, 39.6516769",действующая,18-02-2026,28-06-2002,361301001,1023601498140,25-12-2002,20220830001,20620430101,54696788,4210007,14,85.14,2014,75404,Муниципальное казенное учреждение,МКУ,2014,ДИРЕКТОР,Кузьменко Елена Николаевна,0,головная организация
Каширский,"МКОУ ""МОСАЛЬСКАЯ ООШ ИМ. КАВАЛЕРА ОРДЕНА МУЖЕСТВА ПУЗИКОВА Д.В.""",МУНИЦИПАЛЬНОЕ КАЗЕННОЕ ОБЩЕОБРАЗОВАТЕЛЬНОЕ УЧРЕЖДЕНИЕ МОСАЛЬСКАЯ ОСНОВНАЯ ОБЩЕОБРАЗОВАТЕЛЬНАЯ ШКОЛА КАШИРСКОГО МУНИЦИПАЛЬНОГО РАЙОНА ВОРОНЕЖСКОЙ ОБЛАСТИ ИМЕНИ КАВАЛЕРА ОРДЕНА МУЖЕСТВА ПУЗИКОВА Д.В.,общеобразовательная организация,3613003542,"396357, ВОРОНЕЖСКАЯ ОБЛАСТЬ, Р-Н КАШИРСКИЙ, С. МОСАЛЬСКОЕ, УЛ. СОВЕТСКАЯ, Д. 37А","51.3402118, 39.5422967",действующая,07-02-2025,14-09-2000,361301001,1023601496104,06-12-2002,20220832001,20620432101,54696699,4210007,14,85.13,2014,75404,Муниципальное казенное учреждение,МКУ,2014,ДИРЕКТОР,Журавлева Любовь Николаевна,0,головная организация
Каширский,"МКОУ ""СОЛОНЕЦКАЯ ООШ""",МУНИЦИПАЛЬНОЕ КАЗЕННОЕ ОБЩЕОБРАЗОВАТЕЛЬНОЕ УЧРЕЖДЕНИЕ СОЛОНЕЦКАЯ ОСНОВНАЯ ОБЩЕОБРАЗОВАТЕЛЬНАЯ ШКОЛА КАШИРСКОГО МУНИЦИПАЛЬНОГО РАЙОНА ВОРОНЕЖСКОЙ ОБЛАСТИ,общеобразовательная организация,3613003535,"396362, ВОРОНЕЖСКАЯ ОБЛАСТЬ, Р-Н КАШИРСКИЙ, С СОЛОНЦЫ, УЛ ПУТЬ ЛЕНИНА, ЗД. 70","51.305709, 39.4431398",действующая,04-09-2025,28-06-2002,361301001,1023601495675,27-11-2002,20220840003,20620440111,54696676,4210007,14,85.13,2014,75404,Муниципальное казенное учреждение,МКУ,2014,ИСПОЛНЯЮЩИЙ ОБЯЗАННОСТИ ДИРЕКТОРА,Мартынов Александр Владимирович,0,головная организация
Каширский,"МКУДО ""КАШИРСКАЯ ДЮСШ""","МУНИЦИПАЛЬНОЕ КАЗЕННОЕ УЧРЕЖДЕНИЕ ДОПОЛНИТЕЛЬНОГО ОБРАЗОВАНИЯ ""КАШИРСКАЯ ДЕТСКО-ЮНОШЕСКАЯ СПОРТИВНАЯ ШКОЛА"" КАШИРСКОГО МУНИЦИПАЛЬНОГО РАЙОНА ВОРОНЕЖСКОЙ ОБЛАСТИ",организация доп. образования,3613006335,"396350, ВОРОНЕЖСКАЯ ОБЛАСТЬ, Р-Н КАШИРСКИЙ, С. КАШИРСКОЕ, УЛ. КОМСОМОЛЬСКАЯ, Д. 4А","51.4105106, 39.5868904",действующая,10-02-2025,06-05-2009,361301001,1093668016738,06-05-2009,20220814001,20620414101,89727611,4210007,14,93.19,2014,75404,Муниципальное казенное учреждение,МКУ,2014,ДИРЕКТОР,Шматко Сергей Николаевич,0,головная организация
Каширский,"МКУДО ""ЦЕНТР ДЕТСКОГО ТВОРЧЕСТВА"" КАШИРСКОГО МУНИЦИПАЛЬНОГО РАЙОНА ВОРОНЕЖСКОЙ ОБЛАСТИ","МУНИЦИПАЛЬНОЕ КАЗЕННОЕ УЧРЕЖДЕНИЕ ДОПОЛНИТЕЛЬНОГО ОБРАЗОВАНИЯ ""ЦЕНТР ДЕТСКОГО ТВОРЧЕСТВА"" КАШИРСКОГО МУНИЦИПАЛЬНОГО РАЙОНА ВОРОНЕЖСКОЙ ОБЛАСТИ",организация доп. образования,3613006470,"396350, ВОРОНЕЖСКАЯ ОБЛАСТЬ, Р-Н КАШИРСКИЙ, С. КАШИРСКОЕ, УЛ. ОЛИМПИЙСКАЯ, Д.3, ОФИС 38","51.4090569, 39.5878354",действующая,10-02-2025,18-12-2009,361301001,1093668051157,18-12-2009,20220814001,20620414101,63868142,4210007,14,85.41,2014,75404,Муниципальное казенное учреждение,МКУ,2014,ДИРЕКТОР,Кондратьева Светлана Григорьевна,0,головная организация
Каширский,ОТДЕЛ ОБРАЗОВАНИЯ АДМИНИСТРАЦИИ КАШИРСКОГО МУНИЦИПАЛЬНОГО РАЙОНА ВОРОНЕЖСКОЙ ОБЛАСТИ,ОТДЕЛ ОБРАЗОВАНИЯ АДМИНИСТРАЦИИ КАШИРСКОГО МУНИЦИПАЛЬНОГО РАЙОНА ВОРОНЕЖСКОЙ ОБЛАСТИ,отдел,3613001104,"396350, ВОРОНЕЖСКАЯ ОБЛАСТЬ, Р-Н КАШИРСКИЙ, С. КАШИРСКОЕ, УЛ. ОЛИМПИЙСКАЯ, Д.3","51.4090569, 39.5878354",действующая,02-09-2025,28-10-1997,361301001,1023601496049,05-12-2002,20220814001,20620414101,05208389,3300100,14,84.11.3,2014,75404,Муниципальное казенное учреждение,МКУ,2014,РУКОВОДИТЕЛЬ ОТДЕЛА ОБРАЗОВАНИЯ,Ребенчук Ирина Вячеславовна,0,головная организация
Лискинский,"ГБПОУ ВО ""ЛАТТ""","ГОСУДАРСТВЕННОЕ БЮДЖЕТНОЕ ПРОФЕССИОНАЛЬНОЕ ОБРАЗОВАТЕЛЬНОЕ УЧРЕЖДЕНИЕ ВОРОНЕЖСКОЙ ОБЛАСТИ ""ЛИСКИНСКИЙ АГРАРНО-ТЕХНОЛОГИЧЕСКИЙ ТЕХНИКУМ""",профессиональная образовательная организация,3652001010,"397908, ВОРОНЕЖСКАЯ ОБЛАСТЬ, Р-Н ЛИСКИНСКИЙ, Г ЛИСКИ, УЛ МАРШАЛА ЖУКОВА, Д. 3","50.9960083, 39.4891099",действующая,08-05-2025,28-12-2000,365201001,1023601511977,04-11-2002,20221501000,20621101001,02536213,2300223,13,85.21,2014,75203,Государственное бюджетное учреждение субъекта Российской Федерации,ГБУ,2014,ДИРЕКТОР,Гайдай Александр Александрович,0,головная организация
Лискинский,"ГБПОУ ВО ""ЛПТТ ИМЕНИ А.К. ЛЫСЕНКО""","ГОСУДАРСТВЕННОЕ БЮДЖЕТНОЕ ПРОФЕССИОНАЛЬНОЕ ОБРАЗОВАТЕЛЬНОЕ УЧРЕЖДЕНИЕ ВОРОНЕЖСКОЙ ОБЛАСТИ ""ЛИСКИНСКИЙ ПРОМЫШЛЕННО-ТРАНСПОРТНЫЙ ТЕХНИКУМ ИМЕНИ А.К. ЛЫСЕНКО""",профессиональная образовательная организация,3652001595,"397900, ВОРОНЕЖСКАЯ ОБЛАСТЬ, Р-Н ЛИСКИНСКИЙ, Г ЛИСКИ, УЛ ЛЫСЕНКО, Д. 1","50.991106, 39.5026879",действующая,08-05-2025,04-01-2001,365201001,1023601513980,06-12-2002,20221501000,20621101001,02508783,2300223,13,85.21,2014,75203,Государственное бюджетное учреждение субъекта Российской Федерации,ГБУ,2014,ДИРЕКТОР,Бровченко Нелли Анатольевна,1,головная организация
Лискинский,"МБДОУ ""ДЕТСКИЙ САД № 11""","МУНИЦИПАЛЬНОЕ БЮДЖЕТНОЕ ДОШКОЛЬНОЕ ОБРАЗОВАТЕЛЬНОЕ УЧРЕЖДЕНИЕ ""ДЕТСКИЙ САД № 11""",дошкольное образование,3652004010,"397904, ВОРОНЕЖСКАЯ ОБЛАСТЬ, Р-Н ЛИСКИНСКИЙ, Г. ЛИСКИ, УЛ. СВЕРДЛОВА, Д. 66, ПОМЕЩЕНИЕ 1","50.9894132, 39.4816837",действующая,05-02-2025,19-01-2015,365201001,1153668000914,19-01-2015,20221501000,20621101001,34021634,4210007,14,85.11,2014,75403,Муниципальное бюджетное учреждение,МБУ,2014,ЗАВЕДУЮЩИЙ,Еримеева Наталья Ивановна,0,головная организация
Лискинский,"МБДОУ ""ДЕТСКИЙ САД № 2""","МУНИЦИПАЛЬНОЕ БЮДЖЕТНОЕ ДОШКОЛЬНОЕ ОБРАЗОВАТЕЛЬНОЕ УЧРЕЖДЕНИЕ ""ДЕТСКИЙ САД № 2""",дошкольное образование,3652004645,"397903, ВОРОНЕЖСКАЯ ОБЛАСТЬ, Р-Н ЛИСКИНСКИЙ, Г. ЛИСКИ, УЛ. 40 ЛЕТ ОКТЯБРЯ, Д.16, К.А, -","50.974292, 39.532766",действующая,08-02-2025,14-05-2002,365201001,1023601514749,15-12-2002,20221501000,20621101001,35854158,4210007,14,85.11,2014,75403,Муниципальное бюджетное учреждение,МБУ,2014,заведующий,Александрова Татьяна Петровна,0,головная организация
Лискинский,"МБДОУ ""ЦЕНТР ПСИХОЛОГО-ПЕДАГОГИЧЕСКОЙ,МЕДИЦИНСКОЙ И СОЦИАЛЬНОЙ ПОМОЩИ ЛИСКИНСКОГО МУНИЦИПАЛЬНОГО РАЙОНА""","МУНИЦИПАЛЬНОЕ БЮДЖЕТНОЕ ДОШКОЛЬНОЕ ОБРАЗОВАТЕЛЬНОЕ УЧРЕЖДЕНИЕ ""ЦЕНТР ПСИХОЛОГО-ПЕДАГОГИЧЕСКОЙ,МЕДИЦИНСКОЙ И СОЦИАЛЬНОЙ ПОМОЩИ ЛИСКИНСКОГО МУНИЦИПАЛЬНОГО РАЙОНА""",дошкольное образование,3652004613,"397904, ВОРОНЕЖСКАЯ ОБЛАСТЬ, М.Р-Н ЛИСКИНСКИЙ, Г.П. ГОРОД ЛИСКИ, Г ЛИСКИ, УЛ ОЛЕГА КОШЕВОГО, ЗД. 85","50.982405, 39.485549",действующая,20-01-2026,28-01-2000,365201001,1023601515288,19-12-2002,20221501000,20621101001,35854170,4210007,14,85.11,2014,75403,Муниципальное бюджетное учреждение,МБУ,2014,ЗАВЕДУЮЩАЯ,Фомичева Наталья Алексеевна,0,головная организация
Лискинский,"МБДОУ ДЕТСКИЙ САД ""ЧУДЕСНАЯ СТРАНА""","МУНИЦИПАЛЬНОЕ БЮДЖЕТНОЕ ДОШКОЛЬНОЕ ОБРАЗОВАТЕЛЬНОЕ УЧРЕЖДЕНИЕ ДЕТСКИЙ САД ""ЧУДЕСНАЯ СТРАНА""",дошкольное образование,3614009917,"397909, ВОРОНЕЖСКАЯ ОБЛАСТЬ, Р-Н ЛИСКИНСКИЙ, Г. ЛИСКИ, УЛ. ТИТОВА, Д. 24","50.9844369, 39.4802864",действующая,06-02-2025,01-07-2016,361401001,1163668089969,01-07-2016,20221501000,20621101001,03337800,4210007,14,85.11,2014,75403,Муниципальное бюджетное учреждение,МБУ,2014,ЗАВЕДУЮЩИЙ,Хананова Юлия Сергеевна,0,головная организация
Лискинский,МБДОУ ЦРР - ДЕТСКИЙ САД № 5,МУНИЦИПАЛЬНОЕ БЮДЖЕТНОЕ ДОШКОЛЬНОЕ ОБРАЗОВАТЕЛЬНОЕ УЧРЕЖДЕНИЕ ЦЕНТР РАЗВИТИЯ РЕБЕНКА - ДЕТСКИЙ САД № 5,дошкольное образование,3652005783,"397903, ВОРОНЕЖСКАЯ ОБЛАСТЬ, Р-Н ЛИСКИНСКИЙ, Г. ЛИСКИ, УЛ. 40 ЛЕТ ОКТЯБРЯ, Д.29, -, -","50.975903, 39.540046",действующая,02-02-2025,28-01-2000,365201001,1023601514309,10-12-2002,20221501000,20621101001,49744611,4210007,14,85.11,2014,75403,Муниципальное бюджетное учреждение,МБУ,2014,Заведующая,Орлова Светлана Васильевна,0,головная организация
Лискинский,"МБОУ ""ДАВЫДОВСКАЯ СОШ С УИОП""","МУНИЦИПАЛЬНОЕ БЮДЖЕТНОЕ ОБЩЕОБРАЗОВАТЕЛЬНОЕ УЧРЕЖДЕНИЕ ""ДАВЫДОВСКАЯ СРЕДНЯЯ ОБЩЕОБРАЗОВАТЕЛЬНАЯ ШКОЛА С УГЛУБЛЕННЫМ ИЗУЧЕНИЕМ ОТДЕЛЬНЫХ ПРЕДМЕТОВ""",общеобразовательная организация,3614003721,"397940, ВОРОНЕЖСКАЯ ОБЛАСТЬ, Р-Н ЛИСКИНСКИЙ, РП. ДАВЫДОВКА, УЛ. ЛЕНИНА, Д.32","51.1614969, 39.422922",действующая,11-02-2025,17-08-1995,361401001,1023601513066,26-11-2002,20221560000,20621160051,41214109,4210007,14,85.14,2014,75403,Муниципальное бюджетное учреждение,МБУ,2014,ДИРЕКТОР,Скоробогатов Валерий Алексеевич,0,головная организация
Лискинский,"МБОУ ""СОШ №10"" Г. ЛИСКИ","МУНИЦИПАЛЬНОЕ БЮДЖЕТНОЕ ОБЩЕОБРАЗОВАТЕЛЬНОЕ УЧРЕЖДЕНИЕ ""СРЕДНЯЯ ОБЩЕОБРАЗОВАТЕЛЬНАЯ ШКОЛА №10 ИМЕНИ ЗАСЛУЖЕННОГО УЧИТЕЛЯ РОССИЙСКОЙ ФЕДЕРАЦИИ С.Н. ШЕПЕЛЕВА"" ГОРОДА ЛИСКИ ВОРОНЕЖСКОЙ ОБЛАСТИ",общеобразовательная организация,3652004807,"397900, ВОРОНЕЖСКАЯ ОБЛАСТЬ, Р-Н ЛИСКИНСКИЙ, Г. ЛИСКИ, УЛ. ТРУДОВЫЕ РЕЗЕРВЫ, Д.60, -, -","50.992596, 39.49043",действующая,10-02-2025,04-06-1996,365201001,1023601515134,17-12-2002,20221501000,20621101001,44736593,4210007,14,85.14,2014,75403,Муниципальное бюджетное учреждение,МБУ,2014,ДИРЕКТОР,Ляпина Наталья Алексеевна,0,головная организация
Лискинский,"МБОУ ""СОШ №17 ИМ. ГЕРОЯ СОВЕТСКОГО СОЮЗА В.И. ЛИВЕНЦЕВА""","МУНИЦИПАЛЬНОЕ БЮДЖЕТНОЕ ОБЩЕОБРАЗОВАТЕЛЬНОЕ УЧРЕЖДЕНИЕ ""СРЕДНЯЯ ОБЩЕОБРАЗОВАТЕЛЬНАЯ ШКОЛА № 17 ИМЕНИ ГЕРОЯ СОВЕТСКОГО СОЮЗА В.И. ЛИВЕНЦЕВА""",общеобразовательная организация,3652012082,"397900, ВОРОНЕЖСКАЯ ОБЛАСТЬ, Р-Н ЛИСКИНСКИЙ, Г ЛИСКИ, УЛ ЛОМОНОСОВА, Д. 44","50.9851123, 39.4947962",действующая,08-05-2025,02-09-2016,365201001,1163668102465,02-09-2016,20221501000,20621101001,04382854,4210007,14,85.14,2014,75403,Муниципальное бюджетное учреждение,МБУ,2014,ДИРЕКТОР,Смолякова Инга Александровна,0,головная организация
Лискинский,"МБОУ ""СОШ№12""","МУНИЦИПАЛЬНОЕ БЮДЖЕТНОЕ ОБЩЕОБРАЗОВАТЕЛЬНОЕ УЧРЕЖДЕНИЕ ""СРЕДНЯЯ ОБЩЕОБРАЗОВАТЕЛЬНАЯ ШКОЛА №12""",общеобразовательная организация,3652004853,"397904, ВОРОНЕЖСКАЯ ОБЛАСТЬ, Р-Н ЛИСКИНСКИЙ, Г. ЛИСКИ, УЛ. ТРУДОВЫЕ РЕЗЕРВЫ, Д.62-В","50.9932079, 39.4815031",действующая,08-02-2025,27-06-1996,365201001,1023601515343,19-12-2002,20221501000,20621101001,44736417,4210007,14,85.14,2014,75403,Муниципальное бюджетное учреждение,МБУ,2014,директор,Крупицына Галина Германовна,0,головная организация
Лискинский,"МБОУ ""СРЕДНЕИКОРЕЦКАЯ СОШ"" ИМЕНИ ГЕРОЯ СОВЕТСКОГО СОЮЗА Д.М.ЯБЛОЧКИНА","МУНИЦИПАЛЬНОЕ БЮДЖЕТНОЕ ОБЩЕОБРАЗОВАТЕЛЬНОЕ УЧРЕЖДЕНИЕ ""СРЕДНЕИКОРЕЦКАЯ СРЕДНЯЯ ОБЩЕОБРАЗОВАТЕЛЬНАЯ ШКОЛА"" ИМЕНИ ГЕРОЯ СОВЕТСКОГО СОЮЗА Д.М.ЯБЛОЧКИНА",общеобразовательная организация,3614003778,"397960, ВОРОНЕЖСКАЯ ОБЛАСТЬ, Р-Н ЛИСКИНСКИЙ, С СРЕДНИЙ ИКОРЕЦ, УЛ 50 ЛЕТ ПОБЕДЫ, Д. 1, -","51.0709146, 39.7404024",действующая,28-04-2025,18-12-1995,361401001,1023601513946,06-12-2002,20221856001,20621456101,41214013,4210007,14,85.14,2014,75403,Муниципальное бюджетное учреждение,МБУ,2014,ДИРЕКТОР,Кульнева Наталья Владимировна,0,головная организация
Лискинский,МБОУ СОШ №4 Г. ЛИСКИ,"МУНИЦИПАЛЬНОЕ БЮДЖЕТНОЕ ОБЩЕОБРАЗОВАТЕЛЬНОЕ УЧРЕЖДЕНИЕ ""СРЕДНЯЯ ОБЩЕОБРАЗОВАТЕЛЬНАЯ ШКОЛА №4 Г. ЛИСКИ ИМЕНИ ГЕРОЯ СОВЕТСКОГО СОЮЗА ВИКТОРА ИВАНОВИЧА ВЕЛИКОГО""",общеобразовательная организация,3652004652,"397909, ВОРОНЕЖСКАЯ ОБЛАСТЬ, М.Р-Н ЛИСКИНСКИЙ, Г.П. ГОРОД ЛИСКИ, Г ЛИСКИ, УЛ СОВЕТСКАЯ, Д. 116","50.978202, 39.495887",действующая,05-02-2025,17-04-1995,365201001,1023601513429,29-11-2002,20221501000,20621101001,35854112,4210007,14,85.14,2014,75403,Муниципальное бюджетное учреждение,МБУ,2014,ДИРЕКТОР,Колесникова Лилия Васильевна,0,головная организация
Лискинский,"МБУ ДО ""ЦРТ ""РАДУГА""","МУНИЦИПАЛЬНОЕ БЮДЖЕТНОЕ УЧРЕЖДЕНИЕ ДОПОЛНИТЕЛЬНОГО ОБРАЗОВАНИЯ ""ЦЕНТР РАЗВИТИЯ ТВОРЧЕСТВА ""РАДУГА""",организация доп. образования,3652901571,"397902, ВОРОНЕЖСКАЯ ОБЛАСТЬ, Р-Н ЛИСКИНСКИЙ, Г ЛИСКИ, УЛ ЭНТУЗИАСТОВ, Д. 9","50.9723689, 39.5793197",действующая,08-05-2025,12-09-2019,365201001,1193668033833,12-09-2019,20221501000,20621101001,41504244,4210007,14,85.41,2014,75403,Муниципальное бюджетное учреждение,МБУ,2014,ДИРЕКТОР,Шишорина Мария Александровна,0,головная организация
Лискинский,"МБУДО ""ДЦРТ""","МУНИЦИПАЛЬНОЕ БЮДЖЕТНОЕ УЧРЕЖДЕНИЕ ДОПОЛНИТЕЛЬНОГО ОБРАЗОВАНИЯ ""ДАВЫДОВСКИЙ ЦЕНТР РАЗВИТИЯ ТВОРЧЕСТВА""",организация доп. образования,3614004115,"397940, ВОРОНЕЖСКАЯ ОБЛАСТЬ, Р-Н ЛИСКИНСКИЙ, РП. ДАВЫДОВКА, УЛ. ЛЕНИНА, Д.127, -, -","51.1614375, 39.421888",действующая,10-02-2025,28-12-2000,361401001,1023601514485,10-12-2002,20221560000,20621160051,41205278,4210007,14,85.41,2014,75403,Муниципальное бюджетное учреждение,МБУ,2014,ДИРЕКТОР,Орлова Наталья Викторовна,0,головная организация
Лискинский,"МБУДО ""МЦ Г. ЛИСКИ""","МУНИЦИПАЛЬНОЕ БЮДЖЕТНОЕ УЧРЕЖДЕНИЕ ДОПОЛНИТЕЛЬНОГО ОБРАЗОВАНИЯ ""МОЛОДЁЖНЫЙ ЦЕНТР ГОРОДА ЛИСКИ""",организация доп. образования,3614004098,"397900, ВОРОНЕЖСКАЯ ОБЛАСТЬ, Р-Н ЛИСКИНСКИЙ, Г. ЛИСКИ, ПР-КТ ЛЕНИНА, Д.58, К.А, -","50.9874116, 39.4885084",действующая,02-02-2025,27-12-2000,361401001,1023601514199,09-12-2002,20221501000,20621101001,54698706,4210007,14,85.41,2014,75403,Муниципальное бюджетное учреждение,МБУ,2014,ДИРЕКТОР,Фунтикова Надежда Николаевна,0,головная организация
Лискинский,"МБУДО ""ЦТТ""","МУНИЦИПАЛЬНОЕ БЮДЖЕТНОЕ УЧРЕЖДЕНИЕ ДОПОЛНИТЕЛЬНОГО ОБРАЗОВАНИЯ ""ЦЕНТР ТЕХНИЧЕСКОГО ТВОРЧЕСТВА""",организация доп. образования,3652004691,"397903, ВОРОНЕЖСКАЯ ОБЛАСТЬ, Р-Н ЛИСКИНСКИЙ, Г ЛИСКИ, УЛ 19 ПАРТСЪЕЗДА, Д. 3","50.9738152, 39.5336992",действующая,08-05-2025,28-02-1997,365201001,1023601512032,10-11-2002,20221501000,20621101001,35854129,4210007,14,85.41,2014,75403,Муниципальное бюджетное учреждение,МБУ,2014,ДИРЕКТОР,Михайлов Алексей Николаевич,0,головная организация
Лискинский,"МКДОУ ""ДАВЫДОВСКИЙ ДЕТСКИЙ САД""","МУНИЦИПАЛЬНОЕ КАЗЕННОЕ ДОШКОЛЬНОЕ ОБРАЗОВАТЕЛЬНОЕ УЧРЕЖДЕНИЕ ""ДАВЫДОВСКИЙ ДЕТСКИЙ САД""",дошкольное образование,3614003961,"397940, ВОРОНЕЖСКАЯ ОБЛАСТЬ, Р-Н ЛИСКИНСКИЙ, РП. ДАВЫДОВКА, УЛ. ЛЕНИНА, Д.26А, -, -","51.160435, 39.42436",действующая,10-02-2025,14-11-2000,361401001,1023601514860,16-12-2002,20221560000,20621160051,41205286,4210007,14,85.11,2014,75404,Муниципальное казенное учреждение,МКУ,2014,заведующий,Чаплина Татьяна Юрьевна,0,головная организация
Лискинский,"МКДОУ ""ДЕТСКИЙ САД № 10""","МУНИЦИПАЛЬНОЕ КАЗЕННОЕ ДОШКОЛЬНОЕ ОБРАЗОВАТЕЛЬНОЕ УЧРЕЖДЕНИЕ ""ДЕТСКИЙ САД № 10""",дошкольное образование,3652013569,"397907, ВОРОНЕЖСКАЯ ОБЛАСТЬ, Р-Н ЛИСКИНСКИЙ, Г. ЛИСКИ, УЛ. 40 ЛЕТ ОКТЯБРЯ, Д.64","50.974198, 39.548384",действующая,12-02-2025,05-07-2012,365201001,1123652000581,05-07-2012,20221501000,20621101001,09513273,4210007,14,85.11,2014,75404,Муниципальное казенное учреждение,МКУ,2014,ЗАВЕДУЮЩАЯ,Тютявина Ирина Ивановна,0,головная организация
Лискинский,"МКДОУ ""ДЕТСКИЙ САД № 4""","МУНИЦИПАЛЬНОЕ КАЗЕННОЕ ДОШКОЛЬНОЕ ОБРАЗОВАТЕЛЬНОЕ УЧРЕЖДЕНИЕ ""ДЕТСКИЙ САД № 4""",дошкольное образование,3652006804,"397902, ВОРОНЕЖСКАЯ ОБЛАСТЬ, Р-Н ЛИСКИНСКИЙ, Г ЛИСКИ, УЛ ТУЛЕБЕРДИЕВА, Д. 13, -","50.9736898, 39.576108",действующая,08-05-2025,09-04-2002,365201001,1023601514606,11-12-2002,20221501000,20621101001,03345691,4210007,14,85.11,2014,75404,Муниципальное казенное учреждение,МКУ,2014,ЗАВЕДУЮЩИЙ,Гонеева Анастасия Анатольевна,0,головная организация
Лискинский,"МКДОУ ""ДЕТСКИЙ САД №6""","МУНИЦИПАЛЬНОЕ КАЗЕННОЕ ДОШКОЛЬНОЕ ОБРАЗОВАТЕЛЬНОЕ УЧРЕЖДЕНИЕ ""ДЕТСКИЙ САД №6""",дошкольное образование,3652007886,"397902, ВОРОНЕЖСКАЯ ОБЛАСТЬ, Р-Н ЛИСКИНСКИЙ, Г ЛИСКИ, УЛ ВОРОНЕЖСКАЯ, Д. 5, -","50.974338, 39.5682518",действующая,08-05-2025,16-08-2004,365201001,1043684502839,16-08-2004,20221501000,20621101001,74332491,4210007,14,85.11,2014,75404,Муниципальное казенное учреждение,МКУ,2014,заведующая,Шаповалова Надежда Васильевна,0,головная организация
Лискинский,"МКДОУ ""ДЕТСКИЙ САД №7""","МУНИЦИПАЛЬНОЕ КАЗЕННОЕ ДОШКОЛЬНОЕ ОБРАЗОВАТЕЛЬНОЕ УЧРЕЖДЕНИЕ ""ДЕТСКИЙ САД №7""",дошкольное образование,3652004910,"397906, ВОРОНЕЖСКАЯ ОБЛАСТЬ, Р-Н ЛИСКИНСКИЙ, Г ЛИСКИ, УЛ ОСТРОВСКОГО, ЗД. 17А, -","50.988792, 39.528166",действующая,08-05-2025,16-09-1996,365201001,1023601516290,30-12-2002,20221501000,20621101001,44736512,4210007,14,85.11,2014,75404,Муниципальное казенное учреждение,МКУ,2014,Заведующий,Кузнецова Светлана Васильевна,0,головная организация
Лискинский,"МКДОУ ""ДЕТСКИЙ САД №8""","МУНИЦИПАЛЬНОЕ КАЗЕННОЕ ДОШКОЛЬНОЕ ОБРАЗОВАТЕЛЬНОЕ УЧРЕЖДЕНИЕ ""ДЕТСКИЙ САД №8""",дошкольное образование,3652004934,"397901, ВОРОНЕЖСКАЯ ОБЛАСТЬ, Р-Н ЛИСКИНСКИЙ, Г. ЛИСКИ, УЛ. ГОРНАЯ, Д.12, К.А, -","50.9760349, 39.4985727",действующая,07-02-2025,16-09-1996,365201001,1023601515080,17-12-2002,20221501000,20621101001,44736498,4210007,14,85.11,2014,75404,Муниципальное казенное учреждение,МКУ,2014,ЗАВЕДУЮЩАЯ,Алексеева Ольга Васильевна,0,головная организация
Лискинский,"МКДОУ ""ДЕТСКИЙ САД №9""","МУНИЦИПАЛЬНОЕ КАЗЕННОЕ ДОШКОЛЬНОЕ ОБРАЗОВАТЕЛЬНОЕ УЧРЕЖДЕНИЕ ""ДЕТСКИЙ САД №9""",дошкольное образование,3652004966,"397900, ВОРОНЕЖСКАЯ ОБЛАСТЬ, М.Р-Н ЛИСКИНСКИЙ, Г.П. ГОРОД ЛИСКИ, Г ЛИСКИ, УЛ СВЕРДЛОВА, Д. 43","50.9880477, 39.4917163",действующая,02-02-2025,28-11-1996,365201001,1023601515079,17-12-2002,20221501000,20621101001,44748538,4210007,14,85.11,2014,75404,Муниципальное казенное учреждение,МКУ,2014,ЗАВЕДУЮЩИЙ,Галушкина Елена Анатольевна,0,головная организация
Лискинский,"МКДОУ ""ЗАЛУЖЕНСКИЙ ДЕТСКИЙ САД""","МУНИЦИПАЛЬНОЕ КАЗЕННОЕ ДОШКОЛЬНОЕ ОБРАЗОВАТЕЛЬНОЕ УЧРЕЖДЕНИЕ ""ЗАЛУЖЕНСКИЙ ДЕТСКИЙ САД""",дошкольное образование,3614007290,"397920, ВОРОНЕЖСКАЯ ОБЛАСТЬ, Р-Н ЛИСКИНСКИЙ, С ЗАЛУЖНОЕ, УЛ ЦЕНТРАЛЬНАЯ, ЗД. 47","50.9468972, 39.5266859",действующая,04-02-2025,25-10-2012,361401001,1123652000790,25-10-2012,20221816001,20621416101,10607128,4210007,14,85.11,2014,75404,Муниципальное казенное учреждение,МКУ,2014,ЗАВЕДУЮЩИЙ,Качанова-Солнцева Анна Николаевна,0,головная организация
Лискинский,"МКДОУ ""СРЕДНЕИКОРЕЦКИЙ ДЕТСКИЙ САД""","МУНИЦИПАЛЬНОЕ КАЗЁННОЕ ДОШКОЛЬНОЕ ОБРАЗОВАТЕЛЬНОЕ УЧРЕЖДЕНИЕ ""СРЕДНЕИКОРЕЦКИЙ ДЕТСКИЙ САД""",дошкольное образование,3614003915,"397960, ВОРОНЕЖСКАЯ ОБЛАСТЬ, Р-Н ЛИСКИНСКИЙ, С СРЕДНИЙ ИКОРЕЦ, ПЛ РЕВОЛЮЦИИ, ЗД. 76","51.0684611, 39.75933",действующая,06-02-2025,09-10-2000,361401001,1023601514661,15-12-2002,20221856001,20621456101,54687832,4210007,14,85.11,2014,75404,Муниципальное казенное учреждение,МКУ,2014,ЗАВЕДУЮЩАЯ,Заложных Анжела Дмитриевна,0,головная организация
Лискинский,"МКДОУ ""ЩУЧИНСКИЙ ДЕТСКИЙ САД""","МУНИЦИПАЛЬНОЕ КАЗЕННОЕ ДОШКОЛЬНОЕ ОБРАЗОВАТЕЛЬНОЕ УЧРЕЖДЕНИЕ ""ЩУЧИНСКИЙ ДЕТСКИЙ САД""",дошкольное образование,3614000135,"397926, ВОРОНЕЖСКАЯ ОБЛАСТЬ, Р-Н ЛИСКИНСКИЙ, С. ЩУЧЬЕ, УЛ. СОВЕТСКАЯ, Д.47А","50.9342095, 39.7412974",действующая,05-02-2025,12-05-2011,361401001,1113652000330,12-05-2011,20221880001,20621480101,91188877,4210007,14,85.11,2014,75404,Муниципальное казенное учреждение,МКУ,2014,Заведующая,Каплина Юлия Николаевна,0,головная организация
Лискинский,"МКДОУ ДЕТСКИЙ САД ""ТЕРЕМОК"" СЕЛА ДРАКИНО","МУНИЦИПАЛЬНОЕ КАЗЕННОЕ ДОШКОЛЬНОЕ ОБРАЗОВАТЕЛЬНОЕ УЧРЕЖДЕНИЕ ДЕТСКИЙ САД ""ТЕРЕМОК"" СЕЛА ДРАКИНО",дошкольное образование,3614004806,"397943, ВОРОНЕЖСКАЯ ОБЛАСТЬ, Р-Н ЛИСКИНСКИЙ, С. ДРАКИНО, УЛ. МИРА, Д.9, -, -","51.140257, 39.40592",действующая,08-02-2025,09-04-2004,361401001,1043684501035,09-04-2004,20221812001,20621412101,72593796,4210007,14,85.11,2014,75404,Муниципальное казенное учреждение,МКУ,2014,ЗАВЕДУЮЩАЯ,Кузнецова Инна Ивановна,0,головная организация
Лискинский,"МКОУ ""БОДЕЕВСКАЯ СОШ""","МУНИЦИПАЛЬНОЕ КАЗЕННОЕ ОБЩЕОБРАЗОВАТЕЛЬНОЕ УЧРЕЖДЕНИЕ ""БОДЕЕВСКАЯ СРЕДНЯЯ ОБЩЕОБРАЗОВАТЕЛЬНАЯ ШКОЛА""",общеобразовательная организация,3614003785,"397948, ВОРОНЕЖСКАЯ ОБЛАСТЬ, Р-Н ЛИСКИНСКИЙ, С. БОДЕЕВКА, УЛ. МОЛОДЕЖНАЯ, Д.2, -, -","51.1199986, 39.2836105",действующая,08-02-2025,15-08-1995,361401001,1023601514375,10-12-2002,20221804001,20621404101,41214049,4210007,14,85.14,2014,75404,Муниципальное казенное учреждение,МКУ,2014,ДИРЕКТОР,Кузнецова Елена Александровна,0,головная организация
Лискинский,"МКОУ ""ВТОРАЯ СТОРОЖЕВСКАЯ СОШ""","МУНИЦИПАЛЬНОЕ КАЗЕННОЕ ОБЩЕОБРАЗОВАТЕЛЬНОЕ УЧРЕЖДЕНИЕ ""ВТОРАЯ СТОРОЖЕВСКАЯ СРЕДНЯЯ ОБЩЕОБРАЗОВАТЕЛЬНАЯ ШКОЛА""",общеобразовательная организация,3614002566,"397933, ВОРОНЕЖСКАЯ ОБЛАСТЬ, М.Р-Н ЛИСКИНСКИЙ, С.П. СТОРОЖЕВСКОЕ 2-Е, С СТОРОЖЕВОЕ 2-Е, УЛ ЦЕНТРАЛЬНАЯ, Д. 2А","51.1160808, 39.6589933",действующая,03-02-2025,22-12-1994,361401001,1023601513924,06-12-2002,20221868001,20621468101,35846880,4210007,14,85.14,2014,75404,Муниципальное казенное учреждение,МКУ,2014,ДИРЕКТОР,Золотарева Елена Алексеевна,0,головная организация
Лискинский,"МКОУ ""ВЫСОКИНСКАЯ СОШ""","МУНИЦИПАЛЬНОЕ КАЗЕННОЕ ОБЩЕОБРАЗОВАТЕЛЬНОЕ УЧРЕЖДЕНИЕ ""ВЫСОКИНСКАЯ СРЕДНЯЯ ОБЩЕОБРАЗОВАТЕЛЬНАЯ ШКОЛА""",общеобразовательная организация,3614003760,"397931, ВОРОНЕЖСКАЯ ОБЛАСТЬ, Р-Н ЛИСКИНСКИЙ, С. ВЫСОКОЕ, УЛ. ПОЛЕВАЯ, Д. 2А","51.05399, 39.494288",действующая,07-02-2025,22-08-1995,361401001,1023601513968,06-12-2002,20221808001,20621408101,41213937,4210007,14,85.14,2014,75404,Муниципальное казенное учреждение,МКУ,2014,Директор,Гошкова Мария Ивановна,0,головная организация
Лискинский,"МКОУ ""ДОБРИНСКАЯ СОШ""","МУНИЦИПАЛЬНОЕ КАЗЕННОЕ ОБЩЕОБРАЗОВАТЕЛЬНОЕ УЧРЕЖДЕНИЕ ""ДОБРИНСКАЯ СРЕДНЯЯ ОБЩЕОБРАЗОВАТЕЛЬНАЯ ШКОЛА""",общеобразовательная организация,3614003802,"397954, ВОРОНЕЖСКАЯ ОБЛАСТЬ, Р-Н ЛИСКИНСКИЙ, С ДОБРИНО, УЛ ПРИДОРОЖНАЯ, ЗД. 7","51.235853, 39.538584",действующая,07-02-2025,16-08-1995,361401001,1023601512406,19-11-2002,20221872002,20621472106,35844846,4210007,14,85.14,2014,75404,Муниципальное казенное учреждение,МКУ,2014,ДИРЕКТОР,Якушенко Оксана Игоревна,0,головная организация
Лискинский,"МКОУ ""ДРАКИНСКАЯ СОШ""","МУНИЦИПАЛЬНОЕ КАЗЕННОЕ ОБЩЕОБРАЗОВАТЕЛЬНОЕ УЧРЕЖДЕНИЕ ""ДРАКИНСКАЯ СРЕДНЯЯ ОБЩЕОБРАЗОВАТЕЛЬНАЯ ШКОЛА""",общеобразовательная организация,3614003753,"397943, ВОРОНЕЖСКАЯ ОБЛАСТЬ, М.Р-Н ЛИСКИНСКИЙ, С.П. ДРАКИНСКОЕ, С ДРАКИНО, УЛ МОЛОДЕЖНАЯ, Д. 9Б","51.1381, 39.40819",действующая,30-04-2025,15-08-1995,361401001,1023601513231,28-11-2002,20221812001,20621412101,41214032,4210007,14,85.14,2014,75404,Муниципальное казенное учреждение,МКУ,2014,ДИРЕКТОР,Веретенник Анна Игоревна,0,головная организация
Лискинский,"МКОУ ""ЗАЛУЖЕНСКАЯ СОШ""","МУНИЦИПАЛЬНОЕ КАЗЕННОЕ ОБЩЕОБРАЗОВАТЕЛЬНОЕ УЧРЕЖДЕНИЕ ""ЗАЛУЖЕНСКАЯ СРЕДНЯЯ ОБЩЕОБРАЗОВАТЕЛЬНАЯ ШКОЛА""",общеобразовательная организация,3652004839,"397920, ВОРОНЕЖСКАЯ ОБЛАСТЬ, Р-Н ЛИСКИНСКИЙ, С. ЗАЛУЖНОЕ, УЛ. ШКОЛЬНАЯ, Д.27, К.А, -","50.9475767, 39.5288893",действующая,05-02-2025,01-07-1996,365201001,1023601514958,16-12-2002,20221816001,20621416101,44736570,4210007,14,85.14,2014,75404,Муниципальное казенное учреждение,МКУ,2014,Директор,Полуэктова Елена Васильевна,0,головная организация
Лискинский,"МКОУ ""КОЛОМЫЦЕВСКАЯ СОШ""","МУНИЦИПАЛЬНОЕ КАЗЕННОЕ ОБЩЕОБРАЗОВАТЕЛЬНОЕ УЧРЕЖДЕНИЕ ""КОЛОМЫЦЕВСКАЯ СРЕДНЯЯ ОБЩЕОБРАЗОВАТЕЛЬНАЯ ШКОЛА""",общеобразовательная организация,3614003697,"397921, ВОРОНЕЖСКАЯ ОБЛАСТЬ, М.Р-Н ЛИСКИНСКИЙ, С.П. КОЛОМЫЦЕВСКОЕ, С КОЛОМЫЦЕВО, УЛ СОЛНЕЧНАЯ, Д. 17","50.8802683, 39.5251037",действующая,28-02-2025,11-08-1995,361401001,1023601512857,25-11-2002,20221822001,20621422101,41214026,4210007,14,85.14,2014,75404,Муниципальное казенное учреждение,МКУ,2014,ДИРЕКТОР,Шумских Надежда Владимировна,0,головная организация
Лискинский,"МКОУ ""КОЛЫБЕЛЬСКАЯ СОШ ИМЕНИ В.Н. ШЕВЦОВА""","МУНИЦИПАЛЬНОЕ КАЗЕННОЕ ОБЩЕОБРАЗОВАТЕЛЬНОЕ УЧРЕЖДЕНИЕ ""КОЛЫБЕЛЬСКАЯ СРЕДНЯЯ ОБЩЕОБРАЗОВАТЕЛЬНАЯ ШКОЛА ИМЕНИ ГЕРОЯ СОВЕТСКОГО СОЮЗА ВАСИЛИЯ НИКИТОВИЧА ШЕВЦОВА""",общеобразовательная организация,3614003707,"397923, ВОРОНЕЖСКАЯ ОБЛАСТЬ, Р-Н ЛИСКИНСКИЙ, С КОЛЫБЕЛКА, УЛ 1 МАЯ, ЗД. 14, -","50.8373014, 39.8223127",действующая,27-07-2025,16-08-1995,361401001,1023601514166,09-12-2002,20221824001,20621424101,41213883,4210007,14,85.14,2014,75404,Муниципальное казенное учреждение,МКУ,2014,ДИРЕКТОР,Нечкина Ольга Ивановна,0,головная организация
Лискинский,"МКОУ ""НИЖНЕИКОРЕЦКАЯ СОШ""","МУНИЦИПАЛЬНОЕ КАЗЕННОЕ ОБЩЕОБРАЗОВАТЕЛЬНОЕ УЧРЕЖДЕНИЕ ""НИЖНЕИКОРЕЦКАЯ СРЕДНЯЯ ОБЩЕОБРАЗОВАТЕЛЬНАЯ ШКОЛА""",общеобразовательная организация,3614001883,"397963, ВОРОНЕЖСКАЯ ОБЛАСТЬ, М.Р-Н ЛИСКИНСКИЙ, С.П. НИЖНЕИКОРЕЦКОЕ, С НИЖНИЙ ИКОРЕЦ, УЛ 7 СЪЕЗД СОВЕТОВ, ЗД. 1А","50.982201, 39.713416",действующая,14-02-2025,28-06-2002,361401001,1023601515959,26-12-2002,20221836001,20621436101,41213966,4210007,14,85.14,2014,75404,Муниципальное казенное учреждение,МКУ,2014,ДИРЕКТОР,Пономарев Виктор Иванович,0,головная организация
Лискинский,"МКОУ ""НИЖНЕМАРЬИНСКАЯ СОШ""","МУНИЦИПАЛЬНОЕ КАЗЕННОЕ ОБЩЕОБРАЗОВАТЕЛЬНОЕ УЧРЕЖДЕНИЕ ""НИЖНЕМАРЬИНСКАЯ СРЕДНЯЯ ОБЩЕОБРАЗОВАТЕЛЬНАЯ ШКОЛА""",общеобразовательная организация,3614003841,"397956, ВОРОНЕЖСКАЯ ОБЛАСТЬ, М.Р-Н ЛИСКИНСКИЙ, С.П. ТРЕСОРУКОВСКОЕ, С НИЖНЕМАРЬИНО, УЛ ШКОЛЬНАЯ, ЗД. 2А","51.2244047, 39.5000043",действующая,14-02-2025,23-08-1995,361401001,1023601513616,04-12-2002,20221872003,20621472111,41213890,4210007,14,85.14,2014,75404,Муниципальное казенное учреждение,МКУ,2014,ДИРЕКТОР,Кузовкина Людмила Васильевна,0,головная организация
Лискинский,"МКОУ ""ООШ № 2""","МУНИЦИПАЛЬНОЕ КАЗЕННОЕ ОБЩЕОБРАЗОВАТЕЛЬНОЕ УЧРЕЖДЕНИЕ ""ОСНОВНАЯ ОБЩЕОБРАЗОВАТЕЛЬНАЯ ШКОЛА № 2""",общеобразовательная организация,3652004719,"397903, ВОРОНЕЖСКАЯ ОБЛАСТЬ, Р-Н ЛИСКИНСКИЙ, Г ЛИСКИ, УЛ 19 ПАРТСЪЕЗДА, ЗД. 5, -","50.9743664, 39.5350253",действующая,08-05-2025,12-02-2002,365201001,1023601514310,10-12-2002,20221501000,20621101001,35854135,4210007,14,85.13,2014,75404,Муниципальное казенное учреждение,МКУ,2014,ДИРЕКТОР,Корниясева Елена Ивановна,0,головная организация
Лискинский,"МКОУ ""ООШ № 9""","МУНИЦИПАЛЬНОЕ КАЗЁННОЕ ОБЩЕОБРАЗОВАТЕЛЬНОЕ УЧРЕЖДЕНИЕ ""ОСНОВНАЯ ОБЩЕОБРАЗОВАТЕЛЬНАЯ ШКОЛА № 9""",общеобразовательная организация,3652004846,"397901, ВОРОНЕЖСКАЯ ОБЛАСТЬ, Р-Н ЛИСКИНСКИЙ, Г. ЛИСКИ, УЛ. СОВЕТСКАЯ, Д.29, -, -","50.977766, 39.500315",действующая,05-02-2025,01-07-1996,365201001,1023601515068,17-12-2002,20221501000,20621101001,44736587,4210007,14,85.13,2014,75404,Муниципальное казенное учреждение,МКУ,2014,ДИРЕКТОР,Шмыглева Татьяна Николаевна,0,головная организация
Лискинский,"МКОУ ""ПЕТРОВСКАЯ СОШ""","МУНИЦИПАЛЬНОЕ КАЗЕННОЕ ОБЩЕОБРАЗОВАТЕЛЬНОЕ УЧРЕЖДЕНИЕ ""ПЕТРОВСКАЯ СРЕДНЯЯ ОБЩЕОБРАЗОВАТЕЛЬНАЯ ШКОЛА""",общеобразовательная организация,3614003827,"397922, ВОРОНЕЖСКАЯ ОБЛАСТЬ, Р-Н ЛИСКИНСКИЙ, С. ПЕТРОВСКОЕ, УЛ. 40 ЛЕТ ОКТЯБРЯ, Д. 63","50.853871, 39.6230977",действующая,04-02-2025,15-08-1995,361401001,1023601512791,25-11-2002,20221840001,20621440101,41213989,4210007,14,85.14,2014,75404,Муниципальное казенное учреждение,МКУ,2014,ДИРЕКТОР,Курносов Александр Васильевич,0,головная организация
Лискинский,"МКОУ ""ПОЧЕПСКАЯ СОШ""","МУНИЦИПАЛЬНОЕ КАЗЕННОЕ ОБЩЕОБРАЗОВАТЕЛЬНОЕ УЧРЕЖДЕНИЕ ""ПОЧЕПСКАЯ СРЕДНЯЯ ОБЩЕОБРАЗОВАТЕЛЬНАЯ ШКОЛА""",общеобразовательная организация,3614003810,"397941, ВОРОНЕЖСКАЯ ОБЛАСТЬ, Р-Н ЛИСКИНСКИЙ, С. ПОЧЕПСКОЕ, УЛ. САДОВАЯ, Д.2, -, -","51.1865481, 39.4705822",действующая,06-02-2025,16-08-1995,361401001,1023601513297,28-11-2002,20221848001,20621448101,41214078,4210007,14,85.14,2014,75404,Муниципальное казенное учреждение,МКУ,2014,ДИРЕКТОР,Менжулина Светлана Дмитриевна,0,головная организация
Лискинский,"МКОУ ""СОВХОЗНАЯ СОШ""","МУНИЦИПАЛЬНОЕ КАЗЕННОЕ ОБЩЕОБРАЗОВАТЕЛЬНОЕ УЧРЕЖДЕНИЕ ""СОВХОЗНАЯ СРЕДНЯЯ ОБЩЕОБРАЗОВАТЕЛЬНАЯ ШКОЛА""",общеобразовательная организация,3614003633,"397932, ВОРОНЕЖСКАЯ ОБЛАСТЬ, Р-Н ЛИСКИНСКИЙ, П СОВХОЗА ""2-Я ПЯТИЛЕТКА"", УЛ СОВЕТСКАЯ, ЗД. 25, -","51.0815265, 39.5345584",действующая,24-03-2025,23-08-1995,361401001,1023601512483,20-11-2002,20221863001,20621463101,41213908,4210007,14,85.14,2014,75404,Муниципальное казенное учреждение,МКУ,2014,ДИРЕКТОР,Юршин Алексей Алексеевич,0,головная организация
Лискинский,"МКОУ ""СОШ №11""","МУНИЦИПАЛЬНОЕ КАЗЕННОЕ ОБЩЕОБРАЗОВАТЕЛЬНОЕ УЧРЕЖДЕНИЕ ""СРЕДНЯЯ ОБЩЕОБРАЗОВАТЕЛЬНАЯ ШКОЛА №11""",общеобразовательная организация,3652004959,"397903, ВОРОНЕЖСКАЯ ОБЛАСТЬ, Р-Н ЛИСКИНСКИЙ, Г ЛИСКИ, УЛ ПЕРВОМАЙСКАЯ, Д. 46, -","50.9744299, 39.5205794",действующая,08-05-2025,02-12-1996,365201001,1023601514782,15-12-2002,20221501000,20621101001,44748521,4210007,14,85.14,2014,75404,Муниципальное казенное учреждение,МКУ,2014,ДИРЕКТОР,Полунина Ольга Викторовна,0,головная организация
Лискинский,"МКОУ ""СОШ №15""","МУНИЦИПАЛЬНОЕ КАЗЕННОЕ ОБЩЕОБРАЗОВАТЕЛЬНОЕ УЧРЕЖДЕНИЕ ""СРЕДНЯЯ ОБЩЕОБРАЗОВАТЕЛЬНАЯ ШКОЛА №15""",общеобразовательная организация,3652004941,"397906, ВОРОНЕЖСКАЯ ОБЛАСТЬ, Р-Н ЛИСКИНСКИЙ, Г ЛИСКИ, УЛ ЧЕРНЫШЕВСКОГО, Д. 19, -","50.985269, 39.5263282",действующая,08-05-2025,16-09-1996,365201001,1023601514914,16-12-2002,20221501000,20621101001,44736564,4210007,14,85.14,2014,75404,Муниципальное казенное учреждение,МКУ,2014,директор,Симакина Лариса Викторовна,0,головная организация
Лискинский,"МКОУ ""ТРЕСОРУКОВСКАЯ СОШ""","МУНИЦИПАЛЬНОЕ КАЗЕННОЕ ОБЩЕОБРАЗОВАТЕЛЬНОЕ УЧРЕЖДЕНИЕ ""ТРЕСОРУКОВСКАЯ СРЕДНЯЯ ОБЩЕОБРАЗОВАТЕЛЬНАЯ ШКОЛА""",общеобразовательная организация,3614003658,"397942, ВОРОНЕЖСКАЯ ОБЛАСТЬ, М.Р-Н ЛИСКИНСКИЙ, С.П. ТРЕСОРУКОВСКОЕ, С ТРЕСОРУКОВО, УЛ НАБЕРЕЖНАЯ, СТР. 30","51.2185067, 39.5087442",действующая,13-02-2026,11-08-1995,361401001,1023601513594,04-12-2002,20221872001,20621472101,41214003,4210007,14,85.14,2014,75404,Муниципальное казенное учреждение,МКУ,2014,ДИРЕКТОР,Бунина Наталья Вячеславовна,0,головная организация
Лискинский,"МКОУ ""ТРОИЦКАЯ СОШ""","МУНИЦИПАЛЬНОЕ КАЗЕННОЕ ОБЩЕОБРАЗОВАТЕЛЬНОЕ УЧРЕЖДЕНИЕ ""ТРОИЦКАЯ СРЕДНЯЯ ОБЩЕОБРАЗОВАТЕЛЬНАЯ ШКОЛА""",общеобразовательная организация,3614003746,"397949, ВОРОНЕЖСКАЯ ОБЛАСТЬ, Р-Н ЛИСКИНСКИЙ, С. ТРОИЦКОЕ, УЛ. БУДЕННОГО, Д. 143А","51.0840369, 39.2355347",действующая,09-02-2025,22-08-1995,361401001,1023601513385,29-11-2002,20221876001,20621476101,41213943,4210007,14,85.14,2014,75404,Муниципальное казенное учреждение,МКУ,2014,И.О. ДИРЕКТОРА,Меренкова Галина Валериевна,0,головная организация
Лискинский,"МКОУ ""ЩУЧЕНСКАЯ СОШ""","МУНИЦИПАЛЬНОЕ КАЗЕННОЕ ОБЩЕОБРАЗОВАТЕЛЬНОЕ УЧРЕЖДЕНИЕ ""ЩУЧЕНСКАЯ СРЕДНЯЯ ОБЩЕОБРАЗОВАТЕЛЬНАЯ ШКОЛА""",общеобразовательная организация,3614003560,"397926, ВОРОНЕЖСКАЯ ОБЛАСТЬ, Р-Н ЛИСКИНСКИЙ, С. ЩУЧЬЕ, УЛ. ШКОЛЬНАЯ, Д.7, К.А, -","50.9322009, 39.7451557",действующая,04-02-2025,22-08-1995,361401001,1023601512967,26-11-2002,20221880001,20621480101,41213955,4210007,14,85.14,2014,75404,Муниципальное казенное учреждение,МКУ,2014,ДИРЕКТОР,Солошенко Наталья Михайловна,0,головная организация
Лискинский,МКОУ АНОШКИНСКАЯ СОШ,"МУНИЦИПАЛЬНОЕ КАЗЕННОЕ ОБЩЕОБРАЗОВАТЕЛЬНОЕ УЧРЕЖДЕНИЕ ""АНОШКИНСКАЯ СРЕДНЯЯ ОБЩЕОБРАЗОВАТЕЛЬНАЯ ШКОЛА""",общеобразовательная организация,3614003601,"397944, ВОРОНЕЖСКАЯ ОБЛАСТЬ, Р-Н ЛИСКИНСКИЙ, С. АНОШКИНО, УЛ. ЦЕНТРАЛЬНАЯ, Д.84, -, -","51.2011695, 39.2691043",действующая,07-02-2025,17-08-1995,361401001,1023601513495,03-12-2002,20221860002,20621460106,41214084,4210007,14,85.14,2014,75404,Муниципальное казенное учреждение,МКУ,2014,ДИРЕКТОР,Смородинова Лариса Васильевна,0,головная организация
Лискинский,МКОУ ВЛАДИМИРОВСКАЯ СОШ,"МУНИЦИПАЛЬНОЕ КАЗЕННОЕ ОБЩЕОБРАЗОВАТЕЛЬНОЕ УЧРЕЖДЕНИЕ ""ВЛАДИМИРОВСКАЯ СРЕДНЯЯ ОБЩЕОБРАЗОВАТЕЛЬНАЯ ШКОЛА""",общеобразовательная организация,3614003584,"397925, ВОРОНЕЖСКАЯ ОБЛАСТЬ, Р-Н ЛИСКИНСКИЙ, С. ВЛАДИМИРОВКА, УЛ. ТАМБОВСКАЯ, Д. 10","50.8291468, 39.8827966",действующая,01-02-2025,16-08-1995,361401001,1023601513605,04-12-2002,20221844002,20621444106,41213831,4210007,14,85.14,2014,75404,Муниципальное казенное учреждение,МКУ,2014,ДИРЕКТОР,Рыжков Андрей Николаевич,0,головная организация
Лискинский,МКОУ ВОЗНЕСЕНОВСКАЯ СОШ,"МУНИЦИПАЛЬНОЕ КАЗЕННОЕ ОБЩЕОБРАЗОВАТЕЛЬНОЕ УЧРЕЖДЕНИЕ ""ВОЗНЕСЕНОВСКАЯ СРЕДНЯЯ ОБЩЕОБРАЗОВАТЕЛЬНАЯ ШКОЛА""",общеобразовательная организация,3614003792,"397940, ВОРОНЕЖСКАЯ ОБЛАСТЬ, М.Р-Н ЛИСКИНСКИЙ, Г.П. ДАВЫДОВСКОЕ, С ВОЗНЕСЕНОВКА, УЛ ЗАВОДСКАЯ, ЗД. 10","51.1761176, 39.438429",действующая,05-02-2025,16-08-1995,361401001,1023601516850,31-12-2002,20221560001,20621160106,41213860,4210007,14,85.14,2014,75404,Муниципальное казенное учреждение,МКУ,2014,Директор,Сморчкова Татьяна Николаевна,0,головная организация
Лискинский,МКОУ ДИВНОГОРСКАЯ СОШ,"МУНИЦИПАЛЬНОЕ КАЗЕННОЕ ОБЩЕОБРАЗОВАТЕЛЬНОЕ УЧРЕЖДЕНИЕ ""ДИВНОГОРСКАЯ СРЕДНЯЯ ОБЩЕОБРАЗОВАТЕЛЬНАЯ ШКОЛА""",общеобразовательная организация,3614003680,"397965, ВОРОНЕЖСКАЯ ОБЛАСТЬ, Р-Н ЛИСКИНСКИЙ, С. СЕЛЯВНОЕ, УЛ. 9 МАЯ, Д. 1А","50.981265, 39.3496636",действующая,21-10-2025,16-08-1995,361401001,1023601512582,20-11-2002,20221852001,20621452101,41214090,4210007,14,85.14,2014,75404,Муниципальное казенное учреждение,МКУ,2014,ДИРЕКТОР,Ульянова Елена Владимировна,0,головная организация
Лискинский,МКОУ ЕРМОЛОВСКАЯ СОШ,МУНИЦИПАЛЬНОЕ КАЗЕННОЕ ОБЩЕОБРАЗОВАТЕЛЬНОЕ УЧРЕЖДЕНИЕ ЕРМОЛОВСКАЯ СРЕДНЯЯ ОБЩЕОБРАЗОВАТЕЛЬНАЯ ШКОЛА,общеобразовательная организация,3614003640,"397953, ВОРОНЕЖСКАЯ ОБЛАСТЬ, Р-Н ЛИСКИНСКИЙ, С. ЕРМОЛОВКА, УЛ. ШКОЛЬНАЯ, Д.2, -, -","51.1934494, 39.4406451",действующая,13-02-2025,15-08-1995,361401001,1023601513935,06-12-2002,20221848003,20621448111,41213848,4210007,14,85.14,2014,75404,Муниципальное казенное учреждение,МКУ,2014,ДИРЕКТОР,Машкова Ольга Александровна,0,головная организация
Лискинский,МКОУ КОВАЛЁВСКАЯ СОШ,МУНИЦИПАЛЬНОЕ КАЗЁННОЕ ОБЩЕОБРАЗОВАТЕЛЬНОЕ УЧРЕЖДЕНИЕ КОВАЛЁВСКАЯ СРЕДНЯЯ ОБЩЕОБРАЗОВАТЕЛЬНАЯ ШКОЛА ИМЕНИ ГЕРОЯ СОВЕТСКОГО СОЮЗА ПЕТРА АЛЕКСЕЕВИЧА КОЗЛОВА,общеобразовательная организация,3614003665,"397951, ВОРОНЕЖСКАЯ ОБЛАСТЬ, Р-Н ЛИСКИНСКИЙ, С. КОВАЛЁВО, УЛ. ШКОЛЬНАЯ, Д.1, -, -","50.8853744, 39.393874",действующая,18-05-2025,11-08-1995,361401001,1023601512769,25-11-2002,20221820001,20621420101,41213877,4210007,14,85.14,2014,75404,Муниципальное казенное учреждение,МКУ,2014,ДИРЕКТОР,Михнова Любовь Степановна,0,головная организация
Лискинский,МКОУ КОПАНИЩЕНСКАЯ СОШ,"МУНИЦИПАЛЬНОЕ КАЗЕННОЕ ОБЩЕОБРАЗОВАТЕЛЬНОЕ УЧРЕЖДЕНИЕ ""КОПАНИЩЕНСКАЯ СРЕДНЯЯ ОБЩЕОБРАЗОВАТЕЛЬНАЯ ШКОЛА""",общеобразовательная организация,3614003591,"397934, ВОРОНЕЖСКАЯ ОБЛАСТЬ, Р-Н ЛИСКИНСКИЙ, С. КОПАНИЩЕ, УЛ. ЛИСИЦЫНА, Д.71, -, -","51.0042441, 39.342628",действующая,04-02-2025,22-08-1995,361401001,1023601512813,25-11-2002,20221828001,20621428101,41213920,4210007,14,85.14,2014,75404,Муниципальное казенное учреждение,МКУ,2014,ДИРЕКТОР,Никитина Ольга Ивановна,0,головная организация
Лискинский,МКОУ КРАСНОЗНАМЕНСКАЯ СОШ,"МУНИЦИПАЛЬНОЕ КАЗЕННОЕ ОБЩЕОБРАЗОВАТЕЛЬНОЕ УЧРЕЖДЕНИЕ ""КРАСНОЗНАМЕНСКАЯ СРЕДНЯЯ ОБЩЕОБРАЗОВАТЕЛЬНАЯ ШКОЛА""",общеобразовательная организация,3614003714,"397929, ВОРОНЕЖСКАЯ ОБЛАСТЬ, Р-Н ЛИСКИНСКИЙ, С. ЛИСКИНСКОЕ, УЛ. 40 ЛЕТ ПОБЕДЫ, Д.14","51.02337, 39.5477866",действующая,19-03-2025,15-08-1995,361401001,1023601512989,26-11-2002,20221830001,20621430101,41213854,4210007,14,85.14,2014,75404,Муниципальное казенное учреждение,МКУ,2014,ДИРЕКТОР,Блинова Елена Владимировна,0,головная организация
Лискинский,МКОУ ЛИСЯНСКАЯ СОШ,"МУНИЦИПАЛЬНОЕ КАЗЕННОЕ ОБЩЕОБРАЗОВАТЕЛЬНОЕ УЧРЕЖДЕНИЕ ""ЛИСЯНСКАЯ СРЕДНЯЯ ОБЩЕОБРАЗОВАТЕЛЬНАЯ ШКОЛА""",общеобразовательная организация,3614003577,"397955, ВОРОНЕЖСКАЯ ОБЛАСТЬ, М.Р-Н ЛИСКИНСКИЙ, С.П. ЗАЛУЖЕНСКОЕ, С ЛИСКИ, УЛ СОВЕТСКАЯ, ЗД. 304","50.9413287, 39.4734844",действующая,01-02-2025,15-08-1995,361401001,1023601512990,26-11-2002,20221816002,20621416106,41213972,4210007,14,85.14,2014,75404,Муниципальное казенное учреждение,МКУ,2014,ДИРЕКТОР,Кириченко Елена Васильевна,0,головная организация
Лискинский,МКОУ ПЕТРОПАВЛОВСКАЯ СОШ,"МУНИЦИПАЛЬНОЕ КАЗЕННОЕ ОБЩЕОБРАЗОВАТЕЛЬНОЕ УЧРЕЖДЕНИЕ ""ПЕТРОПАВЛОВСКАЯ СРЕДНЯЯ ОБЩЕОБРАЗОВАТЕЛЬНАЯ ШКОЛА ИМЕНИ ГЕНЕРАЛА АРМИИ А.И. ГРИБКОВА""",общеобразовательная организация,3614003672,"397924, ВОРОНЕЖСКАЯ ОБЛАСТЬ, Р-Н ЛИСКИНСКИЙ, С ПЕТРОПАВЛОВКА, УЛ КУБЫШКИНА, ЗД. 2","50.8602705, 39.8477374",действующая,13-02-2025,16-08-1995,361401001,1023601513561,03-12-2002,20221844001,20621444101,41214061,4210007,14,85.14,2014,75404,Муниципальное казенное учреждение,МКУ,2014,ДИРЕКТОР,Бобохина Римма Серафимовна,0,головная организация
Лискинский,МКОУ СЕЛЯВИНСКАЯ ООШ,"МУНИЦИПАЛЬНОЕ КАЗЕННОЕ ОБЩЕОБРАЗОВАТЕЛЬНОЕ УЧРЕЖДЕНИЕ ""СЕЛЯВИНСКАЯ ОСНОВНАЯ ОБЩЕОБРАЗОВАТЕЛЬНАЯ ШКОЛА""",общеобразовательная организация,3614003859,"397945, ВОРОНЕЖСКАЯ ОБЛАСТЬ, Р-Н ЛИСКИНСКИЙ, С СЕЛЯВНОЕ, УЛ САДОВАЯ, Д. 1, -","51.1438998, 39.2279688",действующая,30-05-2025,18-12-1995,361401001,1023601512692,22-11-2002,20221860007,20621460126,41213914,4210007,14,85.13,2014,75404,Муниципальное казенное учреждение,МКУ,2014,ДИРЕКТОР,Воронина Мария Николаевна,0,головная организация
Лискинский,МКОУ СОШ №1 Г.ЛИСКИ,"МУНИЦИПАЛЬНОЕ КАЗЕННОЕ ОБЩЕОБРАЗОВАТЕЛЬНОЕ УЧРЕЖДЕНИЕ ""СРЕДНЯЯ ОБЩЕОБРАЗОВАТЕЛЬНАЯ ШКОЛА №1 ИМЕНИ ГЕРОЯ СОВЕТСКОГО СОЮЗА М.А.МАШИНА"" Г.ЛИСКИ ВОРОНЕЖСКОЙ ОБЛАСТИ",общеобразовательная организация,3652004758,"397902, ВОРОНЕЖСКАЯ ОБЛАСТЬ, Р-Н ЛИСКИНСКИЙ, Г ЛИСКИ, УЛ 40 ЛЕТ ПОБЕДЫ, ЗД. 1, -","50.9722676, 39.5759985",действующая,07-02-2025,17-04-1995,365201001,1023601512461,19-11-2002,20221501000,20621101001,35854141,4210007,14,85.14,2014,75404,Муниципальное казенное учреждение,МКУ,2014,Директор,Блинов Владимир Михайлович,0,головная организация
Лискинский,МКОУ СТАРОХВОРОСТАНСКАЯ СОШ,"МУНИЦИПАЛЬНОЕ КАЗЕННОЕ ОБЩЕОБРАЗОВАТЕЛЬНОЕ УЧРЕЖДЕНИЕ ""СТАРОХВОРОСТАНСКАЯ СРЕДНЯЯ ОБЩЕОБРАЗОВАТЕЛЬНАЯ ШКОЛА""",общеобразовательная организация,3614003619,"397944, ВОРОНЕЖСКАЯ ОБЛАСТЬ, Р-Н ЛИСКИНСКИЙ, С. СТАРАЯ ХВОРОСТАНЬ, УЛ. ШКОЛЬНАЯ, Д.13, -, -","51.1743989, 39.30232",действующая,12-01-2025,11-08-1995,361401001,1023601513000,26-11-2002,20221860001,20621460101,41213995,4210007,14,85.14,2014,75404,Муниципальное казенное учреждение,МКУ,2014,ДИРЕКТОР ШКОЛЫ,Семейкин Евгений Викторович,0,головная организация
Лискинский,"МКУ ДО ""ДАВЫДОВСКАЯ СШ""","МУНИЦИПАЛЬНОЕ КАЗЕННОЕ УЧРЕЖДЕНИЕ ДОПОЛНИТЕЛЬНОГО ОБРАЗОВАНИЯ ""ДАВЫДОВСКАЯ СПОРТИВНАЯ ШКОЛА""",организация доп. образования,3614004877,"397940, ВОРОНЕЖСКАЯ ОБЛАСТЬ, Р-Н ЛИСКИНСКИЙ, РП. ДАВЫДОВКА, УЛ. ЛЕНИНА, Д.32, К.А","51.1614969, 39.422922",действующая,02-02-2025,29-10-2004,361401001,1043684504082,29-10-2004,20221560000,20621160051,74342325,4210007,14,93.19,2014,75404,Муниципальное казенное учреждение,МКУ,2014,ДИРЕКТОР,Мельников Валерий Павлович,0,головная организация
Лискинский,"МКУ ДО ""СШ ""ВОСТОЧНАЯ""","МУНИЦИПАЛЬНОЕ КАЗЕННОЕ УЧРЕЖДЕНИЕ ДОПОЛНИТЕЛЬНОГО ОБРАЗОВАНИЯ ""СПОРТИВНАЯ ШКОЛА ""ВОСТОЧНАЯ""",организация доп. образования,3652011096,"397902, ВОРОНЕЖСКАЯ ОБЛАСТЬ, Р-Н ЛИСКИНСКИЙ, Г ЛИСКИ, УЛ 40 ЛЕТ ПОБЕДЫ, Д. 3, -","50.9725672, 39.5729277",действующая,08-05-2025,01-06-2009,365201001,1093652000738,01-06-2009,20221501000,20621101001,61972929,4210007,14,85.41,2014,75404,Муниципальное казенное учреждение,МКУ,2014,ДИРЕКТОР,Лямзина Елена Николаевна,0,головная организация
Лискинский,"МКУ ДО ""СШ ПО СПОРТИВНОЙ ГИМНАСТИКЕ ИМ.В.С.РАСТОРОЦКОГО""","МУНИЦИПАЛЬНОЕ КАЗЕННОЕ УЧРЕЖДЕНИЕ ДОПОЛНИТЕЛЬНОГО ОБРАЗОВАНИЯ ""СПОРТИВНАЯ ШКОЛА ПО СПОРТИВНОЙ ГИМНАСТИКЕ ИМЕНИ В.С.РАСТОРОЦКОГО""",организация доп. образования,3652006554,"397900, ВОРОНЕЖСКАЯ ОБЛАСТЬ, Р-Н ЛИСКИНСКИЙ, Г. ЛИСКИ, ПР-КТ ЛЕНИНА, Д.32, К.А, -","50.9880097, 39.4971106",действующая,29-04-2025,12-07-2001,365201001,1023601516487,30-12-2002,20221501000,20621101001,56460765,4210007,14,85.41,2014,75404,Муниципальное казенное учреждение,МКУ,2014,ДИРЕКТОР,Коровина Анна Александровна,0,головная организация
Лискинский,МКУДО ДШИ ИМ.Л.И.БОЛДИНА,"МУНИЦИПАЛЬНОЕ КАЗЕННОЕ УЧРЕЖДЕНИЕ ДОПОЛНИТЕЛЬНОГО ОБРАЗОВАНИЯ ""ДЕТСКАЯ ШКОЛА ИСКУССТВ ИМ.Л.И.БОЛДИНА"" Г.ЛИСКИ",организация доп. образования,3652006850,"397901, ВОРОНЕЖСКАЯ ОБЛАСТЬ, Р-Н ЛИСКИНСКИЙ, Г ЛИСКИ, ПЛ РЕВОЛЮЦИИ, Д. 10","50.977034, 39.501798",действующая,08-05-2025,31-08-1995,365201001,1023601516454,30-12-2002,20221501000,20621101001,05186972,4210007,14,85.41,2014,75404,Муниципальное казенное учреждение,МКУ,2014,ДИРЕКТОР,Кочукова Ольга Николаевна,0,головная организация
Лискинский,ОТДЕЛ ОБРАЗОВАНИЯ АДМИНИСТРАЦИИ ЛИСКИНСКОГО МУНИЦИПАЛЬНОГО РАЙОНА,ОТДЕЛ ОБРАЗОВАНИЯ АДМИНИСТРАЦИИ ЛИСКИНСКОГО МУНИЦИПАЛЬНОГО РАЙОНА,отдел,3652010568,"397900, ВОРОНЕЖСКАЯ ОБЛАСТЬ, Р-Н ЛИСКИНСКИЙ, Г. ЛИСКИ, ПР-КТ ЛЕНИНА, Д.32, -, -","50.9876157, 39.4957795",действующая,06-11-2025,17-04-2008,365201001,1083652000794,17-04-2008,20221501000,20621101001,85976263,3300100,14,84.11.3,2014,75404,Муниципальное казенное учреждение,МКУ,2014,РУКОВОДИТЕЛЬ,Тихонова Татьяна Алексеевна,0,головная организация
Лискинский,РЖД ДЕТСКИЙ САД № 25,"ЧАСТНОЕ ДОШКОЛЬНОЕ ОБРАЗОВАТЕЛЬНОЕ УЧРЕЖДЕНИЕ ""РЖД ДЕТСКИЙ САД № 25""",дошкольное образование,3652007759,"397904, ВОРОНЕЖСКАЯ ОБЛАСТЬ, Р-Н ЛИСКИНСКИЙ, Г. ЛИСКИ, УЛ. ТРУДОВЫЕ РЕЗЕРВЫ, Д.90, -, -","50.9907344, 39.4785251",действующая,05-02-2025,08-07-2004,365201001,1043684502190,08-07-2004,20221501000,20621101001,44736529,4100612,16,85.11,2014,75500,Частное учреждение,ЧУ,2014,ЗАВЕДУЮЩИЙ,Перекопная Светлана Анатольевна,0,головная организация
Нижнедевицкий,"МБОУ ""НИЖНЕДЕВИЦКАЯ ГИМНАЗИЯ""","МУНИЦИПАЛЬНОЕ БЮДЖЕТНОЕ ОБЩЕОБРАЗОВАТЕЛЬНОЕ УЧРЕЖДЕНИЕ ""НИЖНЕДЕВИЦКАЯ ГИМНАЗИЯ""",общеобразовательная организация,3615003072,"396870, ВОРОНЕЖСКАЯ ОБЛАСТЬ, Р-Н НИЖНЕДЕВИЦКИЙ, С. НИЖНЕДЕВИЦК, УЛ. РЕВОЛЮЦИОННАЯ, Д. 38","51.546254, 38.362266",действующая,08-02-2025,18-06-2002,361501001,1023601315572,11-11-2002,20223828001,20623428101,56444884,4210007,14,85.14,2014,75403,Муниципальное бюджетное учреждение,МБУ,2014,ДИРЕКТОР,Рощупкина Надежда Ивановна,0,головная организация
Нижнедевицкий,"МКДОУ ""НИЖНЕДЕВИЦКИЙ ЦППМСП - ДЕТСКИЙ САД""","МУНИЦИПАЛЬНОЕ КАЗЕННОЕ ДОШКОЛЬНОЕ ОБРАЗОВАТЕЛЬНОЕ УЧРЕЖДЕНИЕ ""НИЖНЕДЕВИЦКИЙ ЦЕНТР ПСИХОЛОГО-ПЕДАГОГИЧЕСКОЙ, МЕДИЦИНСКОЙ И СОЦИАЛЬНОЙ ПОМОЩИ - ДЕТСКИЙ САД ОБЩЕРАЗВИВАЮЩЕГО ВИДА НИЖНЕДЕВИЦКОГО МУНИЦИПАЛЬНОГО РАЙОНА ВОРОНЕЖСКОЙ ОБЛАСТИ""",дошкольное образование,3615002801,"396870, ВОРОНЕЖСКАЯ ОБЛАСТЬ, Р-Н НИЖНЕДЕВИЦКИЙ, С. НИЖНЕДЕВИЦК, УЛ. НАДИ КОВАЛЕНКО, Д. 10","51.5477533, 38.3575343",действующая,20-01-2026,26-01-2001,361501001,1023601315781,12-11-2002,20223828001,20623428101,56445033,4210007,14,85.11,2014,75404,Муниципальное казенное учреждение,МКУ,2014,ЗАВЕДУЮЩАЯ,Александрова Елена Анатольевна,0,головная организация
Нижнедевицкий,"МКОУ ""ВЕРХНЕТУРОВСКАЯ СОШ""","МУНИЦИПАЛЬНОЕ КАЗЕННОЕ ОБЩЕОБРАЗОВАТЕЛЬНОЕ УЧРЕЖДЕНИЕ ""ВЕРХНЕТУРОВСКАЯ СРЕДНЯЯ ОБЩЕОБРАЗОВАТЕЛЬНАЯ ШКОЛА""",общеобразовательная организация,3615003058,"396892, ВОРОНЕЖСКАЯ ОБЛАСТЬ, Р-Н НИЖНЕДЕВИЦКИЙ, С. ВЕРХНЕЕ ТУРОВО, УЛ. ШКОЛЬНАЯ, Д.1","51.6228821, 38.6056572",действующая,03-12-2025,24-05-2002,361501001,1023601315528,11-11-2002,20223808001,20623408101,56444861,4210007,14,85.14,2014,75404,Муниципальное казенное учреждение,МКУ,2014,ДИРЕКТОР,Воронова Елена Алексеевна,0,головная организация
Нижнедевицкий,"МКОУ ""ВЯЗНОВАТОВСКАЯ СОШ ИМЕНИ ПЕНЬКОВА С.В.""","МУНИЦИПАЛЬНОЕ КАЗЕННОЕ ОБЩЕОБРАЗОВАТЕЛЬНОЕ УЧРЕЖДЕНИЕ ""ВЯЗНОВАТОВСКАЯ СРЕДНЯЯ ОБЩЕОБРАЗОВАТЕЛЬНАЯ ШКОЛА ИМЕНИ ПЕНЬКОВА СЕМЁНА ВАСИЛЬЕВИЧА""",общеобразовательная организация,3615002953,"396891, ВОРОНЕЖСКАЯ ОБЛАСТЬ, Р-Н НИЖНЕДЕВИЦКИЙ, С. ВЯЗНОВАТОВКА, УЛ. ИМ ЗАГОРСКОГО, Д.7","51.5957654, 38.4576175",действующая,26-11-2025,26-01-2001,361501001,1023601315649,11-11-2002,20223812001,20623412101,56444915,4210007,14,85.14,2014,75404,Муниципальное казенное учреждение,МКУ,2014,ДИРЕКТОР,Просветова Елена Викторовна,1,головная организация
Нижнедевицкий,"МКОУ ""КУРБАТОВСКАЯ СОШ""","МУНИЦИПАЛЬНОЕ КАЗЕННОЕ ОБЩЕОБРАЗОВАТЕЛЬНОЕ УЧРЕЖДЕНИЕ ""КУРБАТОВСКАЯ СРЕДНЯЯ ОБЩЕОБРАЗОВАТЕЛЬНАЯ ШКОЛА""",общеобразовательная организация,3615002738,"396875, ВОРОНЕЖСКАЯ ОБЛАСТЬ, Р-Н НИЖНЕДЕВИЦКИЙ, П. КУРБАТОВО, УЛ. ШКОЛЬНАЯ, Д.114","51.649591, 38.58956",действующая,02-12-2025,26-01-2001,361501001,1023601314770,06-11-2002,20223816001,20623416101,56444714,4210007,14,85.14,2014,75404,Муниципальное казенное учреждение,МКУ,2014,ДИРЕКТОР,Булгакова Вера Александровна,0,головная организация
Нижнедевицкий,"МКОУ ""КУЧУГУРОВСКАЯ СОШ""","МУНИЦИПАЛЬНОЕ КАЗЕННОЕ ОБЩЕОБРАЗОВАТЕЛЬНОЕ УЧРЕЖДЕНИЕ ""КУЧУГУРОВСКАЯ СРЕДНЯЯ ОБЩЕОБРАЗОВАТЕЛЬНАЯ ШКОЛА""",общеобразовательная организация,3615002760,"396862, ВОРОНЕЖСКАЯ ОБЛАСТЬ, Р-Н НИЖНЕДЕВИЦКИЙ, П. СОВХОЗА НИЖНЕДЕВИЦКИЙ, УЛ. ЧАГАДАЕВА, Д.16","51.6255694, 38.2640543",действующая,12-08-2025,26-01-2001,361501001,1023601315231,10-11-2002,20223820001,20623420101,56444720,4210007,14,85.14,2014,75404,Муниципальное казенное учреждение,МКУ,2014,ДИРЕКТОР,Колтакова Юлия Алексеевна,0,головная организация
Нижнедевицкий,"МКОУ ""ЛЕСОПОЛЯНСКАЯ СОШ""","МУНИЦИПАЛЬНОЕ КАЗЕННОЕ ОБЩЕОБРАЗОВАТЕЛЬНОЕ УЧРЕЖДЕНИЕ ""ЛЕСОПОЛЯНСКАЯ СРЕДНЯЯ ОБЩЕОБРАЗОВАТЕЛЬНАЯ ШКОЛА""",общеобразовательная организация,3615003001,"396860, ВОРОНЕЖСКАЯ ОБЛАСТЬ, Р-Н НИЖНЕДЕВИЦКИЙ, П. НИЖНЕДЕВИЦК, УЛ. ЦЕНТРАЛЬНАЯ, Д.22","51.6851262, 38.3251175",действующая,28-04-2025,26-01-2001,361501001,1023601315220,10-11-2002,20223836006,20623436111,54686270,4210007,14,85.14,2014,75404,Муниципальное казенное учреждение,МКУ,2014,ДИРЕКТОР,Юрина Ирина Александровна,0,головная организация
Нижнедевицкий,"МКОУ ""ПЕРШИНСКАЯ СОШ""","МУНИЦИПАЛЬНОЕ КАЗЕННОЕ ОБЩЕОБРАЗОВАТЕЛЬНОЕ УЧРЕЖДЕНИЕ ""ПЕРШИНСКАЯ СРЕДНЯЯ ОБЩЕОБРАЗОВАТЕЛЬНАЯ ШКОЛА""",общеобразовательная организация,3615002826,"396882, ВОРОНЕЖСКАЯ ОБЛАСТЬ, Р-Н НИЖНЕДЕВИЦКИЙ, С. ПЕРШИНО, УЛ. МЕРКУЛОВА, Д.12","51.492745, 38.379431",действующая,05-02-2025,26-01-2001,361501001,1023601316177,15-11-2002,20223848001,20623448101,56444921,4210007,14,85.14,2014,75404,Муниципальное казенное учреждение,МКУ,2014,ДИРЕКТОР,Нестерова Татьяна Анатольевна,0,головная организация
Нижнедевицкий,"МКОУ ""СИНЕЛИПЯГОВСКАЯ СОШ""","МУНИЦИПАЛЬНОЕ КАЗЕННОЕ ОБЩЕОБРАЗОВАТЕЛЬНОЕ УЧРЕЖДЕНИЕ ""СИНЕЛИПЯГОВСКАЯ СРЕДНЯЯ ОБЩЕОБРАЗОВАТЕЛЬНАЯ ШКОЛА""",общеобразовательная организация,3615002946,"396885, ВОРОНЕЖСКАЯ ОБЛАСТЬ, Р-Н НИЖНЕДЕВИЦКИЙ, С. СИНИЕ ЛИПЯГИ, ПЕР. ШКОЛЬНЫЙ, Д.10А","51.3800674, 38.4736857",действующая,18-12-2025,26-01-2001,361501001,1023601315055,08-11-2002,20223852001,20623452101,54686287,4210007,14,85.14,2014,75404,Муниципальное казенное учреждение,МКУ,2014,ДИРЕКТОР,Постникова Любовь Павловна,0,головная организация
Нижнедевицкий,"МКОУ ""ХВОЩЕВАТОВСКАЯ СОШ""","МУНИЦИПАЛЬНОЕ КАЗЕННОЕ ОБЩЕОБРАЗОВАТЕЛЬНОЕ УЧРЕЖДЕНИЕ ""ХВОЩЕВАТОВСКАЯ СРЕДНЯЯ ОБЩЕОБРАЗОВАТЕЛЬНАЯ ШКОЛА""",общеобразовательная организация,3615003026,"396884, ВОРОНЕЖСКАЯ ОБЛАСТЬ, Р-Н НИЖНЕДЕВИЦКИЙ, П. СОВХОЗА КУЧУГУРОВСКИЙ, УЛ. САДОВАЯ, Д.10","51.4183971, 38.3238443",действующая,01-12-2025,26-01-2001,361501001,1023601315143,08-11-2002,20223860001,20623460101,56444803,4210007,14,85.14,2014,75404,Муниципальное казенное учреждение,МКУ,2014,ДИРЕКТОР,Баркалова Наталья Сергеевна,0,головная организация
Нижнедевицкий,"МКУ ДО ""НИЖНЕДЕВИЦКАЯ ДЮСШ""","МУНИЦИПАЛЬНОЕ КАЗЕННОЕ УЧРЕЖДЕНИЕ ДОПОЛНИТЕЛЬНОГО ОБРАЗОВАНИЯ ""НИЖНЕДЕВИЦКАЯ ДЕТСКО-ЮНОШЕСКАЯ СПОРТИВНАЯ ШКОЛА""",организация доп. образования,3615005344,"396870, ВОРОНЕЖСКАЯ ОБЛАСТЬ, Р-Н НИЖНЕДЕВИЦКИЙ, С. НИЖНЕДЕВИЦК, ПЛ. ЛЕНИНА, Д. 3","51.5475691, 38.3635211",действующая,29-04-2025,24-12-2009,361501001,1093668052059,24-12-2009,20223828001,20623428101,63860152,4210007,14,85.41,2014,75404,Муниципальное казенное учреждение,МКУ,2014,ДИРЕКТОР,Хорошилов Александр Александрович,0,головная организация
Нижнедевицкий,"МКУ ДО ""НИЖНЕДЕВИЦКИЙ ДОМ ПИОНЕРОВ И ШКОЛЬНИКОВ""","МУНИЦИПАЛЬНОЕ КАЗЕННОЕ УЧРЕЖДЕНИЕ ДОПОЛНИТЕЛЬНОГО ОБРАЗОВАНИЯ ""НИЖНЕДЕВИЦКИЙ ДОМ ПИОНЕРОВ И ШКОЛЬНИКОВ""",организация доп. образования,3615003065,"396870, ВОРОНЕЖСКАЯ ОБЛАСТЬ, Р-Н НИЖНЕДЕВИЦКИЙ, С. НИЖНЕДЕВИЦК, УЛ. БРАТЬЕВ СЕРЫХ, Д. 4","51.5434851, 38.36437",действующая,13-02-2025,26-01-2001,361501001,1023601315429,10-11-2002,20223828001,20623428101,56444878,4210007,14,85.41,2014,75404,Муниципальное казенное учреждение,МКУ,2014,ДИРЕКТОР,Шурова Ольга Васильевна,0,головная организация
Нижнедевицкий,"ОТДЕЛ ПО ОБРАЗОВАНИЮ, СПОРТУ И РАБОТЕ С МОЛОДЕЖЬЮ АДМИНИСТРАЦИИ НИЖНЕДЕВИЦКОГО МУНИЦИПАЛЬНОГО РАЙОНА ВОРОНЕЖСКОЙ ОБЛАСТИ","ОТДЕЛ ПО ОБРАЗОВАНИЮ, СПОРТУ И РАБОТЕ С МОЛОДЕЖЬЮ АДМИНИСТРАЦИИ НИЖНЕДЕВИЦКОГО МУНИЦИПАЛЬНОГО РАЙОНА ВОРОНЕЖСКОЙ ОБЛАСТИ",отдел,3615001653,"396870, ВОРОНЕЖСКАЯ ОБЛАСТЬ, Р-Н НИЖНЕДЕВИЦКИЙ, С. НИЖНЕДЕВИЦК, ПЛ. ЛЕНИНА, Д. 1","51.547326, 38.36365",действующая,09-02-2025,13-10-1994,361501001,1023601314923,08-11-2002,20223828001,20623428101,02104749,3300100,14,84.11.3,2014,75404,Муниципальное казенное учреждение,МКУ,2014,РУКОВОДИТЕЛЬ,Шмойлова Ольга Ивановна,0,головная организация
Новоусманский,"АНОО-ШКОЛА ""РАДУГА""","АВТОНОМНАЯ НЕКОММЕРЧЕСКАЯ ОБЩЕОБРАЗОВАТЕЛЬНАЯ ОРГАНИЗАЦИЯ - СРЕДНЯЯ ОБЩЕОБРАЗОВАТЕЛЬНАЯ ШКОЛА ""РАДУГА""",общеобразовательная организация,3664047072,"396313, ВОРОНЕЖСКАЯ ОБЛАСТЬ, Р-Н НОВОУСМАНСКИЙ, С. БАБЯКОВО, УЛ. ЗАЗЕРКАЛЬНАЯ, Д. 1","51.6825311, 39.3965468",действующая,09-02-2025,30-01-2002,361601001,1023602241706,31-07-2002,20225804001,20625404101,05205416,4210014,16,85.13,2014,71400,Автономная некоммерческая организация,АНО,2014,ИСПОЛНИТЕЛЬНЫЙ ДИРЕКТОР,Елисеева Анастасия Владимировна,0,головная организация
Новоусманский,"ГБПОУ ВО ""НМТ""","ГОСУДАРСТВЕННОЕ БЮДЖЕТНОЕ ПРОФЕССИОНАЛЬНОЕ ОБРАЗОВАТЕЛЬНОЕ УЧРЕЖДЕНИЕ ВОРОНЕЖСКОЙ ОБЛАСТИ ""НОВОУСМАНСКИЙ МНОГОПРОФИЛЬНЫЙ ТЕХНИКУМ""",профессиональная образовательная организация,3616001166,"396310, ВОРОНЕЖСКАЯ ОБЛАСТЬ, Р-Н НОВОУСМАНСКИЙ, С НОВАЯ УСМАНЬ, УЛ ЛЕНИНА, Д. 310","51.649594, 39.424196",действующая,23-04-2025,20-01-2000,361601001,1023600936831,19-12-2002,20225891001,20625491101,05236351,2300223,13,85.21,2014,75203,Государственное бюджетное учреждение субъекта Российской Федерации,ГБУ,2014,ДИРЕКТОР,Матыцин Виктор Иванович,1,головная организация
Новоусманский,"КОУ ВО ""НОВОУСМАНСКАЯ ШКОЛА-ИНТЕРНАТ""","КАЗЕННОЕ ОБЩЕОБРАЗОВАТЕЛЬНОЕ УЧРЕЖДЕНИЕ ВОРОНЕЖСКОЙ ОБЛАСТИ ""НОВОУСМАНСКАЯ ШКОЛА-ИНТЕРНАТ ДЛЯ ОБУЧАЮЩИХСЯ С ОГРАНИЧЕННЫМИ ВОЗМОЖНОСТЯМИ ЗДОРОВЬЯ""",интернат,3616004544,"396310, ВОРОНЕЖСКАЯ ОБЛАСТЬ, Р-Н НОВОУСМАНСКИЙ, С НОВАЯ УСМАНЬ, УЛ ПЕСОЦКАЯ, Д. 69","51.6324068, 39.4153165",действующая,10-02-2025,29-12-1995,361601001,1023600935280,09-12-2002,20225891001,20625491101,01508284,2300223,13,85.13,2014,75204,Государственное казенное учреждение субъекта Российской Федерации,ГКУ,2014,ДИРЕКТОР,Ковалев Эдуард Валентинович,0,головная организация
Новоусманский,"МБДОУ ""ДЕТСКИЙ САД ""ИЗУМРУДНЫЙ ГОРОД""","МУНИЦИПАЛЬНОЕ БЮДЖЕТНОЕ ДОШКОЛЬНОЕ ОБРАЗОВАТЕЛЬНОЕ УЧРЕЖДЕНИЕ НОВОУСМАНСКОГО МУНИЦИПАЛЬНОГО РАЙОНА ВОРОНЕЖСКОЙ ОБЛАСТИ ""ДЕТСКИЙ САД ""ИЗУМРУДНЫЙ ГОРОД""",дошкольное образование,3616024847,"396335, ВОРОНЕЖСКАЯ ОБЛАСТЬ, Р-Н НОВОУСМАНСКИЙ, П ОТРАДНОЕ, УЛ РОМАНТИЧЕСКАЯ, ЗД. 1","51.652003, 39.314113",действующая,08-05-2025,25-03-2020,361601001,1203600010525,25-03-2020,20225881001,20625481101,43959233,4210007,14,85.11,2014,75403,Муниципальное бюджетное учреждение,МБУ,2014,ЗАВЕДУЮЩИЙ,Житенева Юлия Николаевна,0,головная организация
Новоусманский,"МБДОУ ""ДЕТСКИЙ САД ""РАЗВИТИЕ""","МУНИЦИПАЛЬНОЕ БЮДЖЕТНОЕ ДОШКОЛЬНОЕ ОБРАЗОВАТЕЛЬНОЕ УЧРЕЖДЕНИЕ НОВОУСМАНСКОГО МУНИЦИПАЛЬНОГО РАЙОНА ВОРОНЕЖСКОЙ ОБЛАСТИ ""ДЕТСКИЙ САД ""РАЗВИТИЕ""",дошкольное образование,3661172519,"396310, ВОРОНЕЖСКАЯ ОБЛАСТЬ, Р-Н НОВОУСМАНСКИЙ, С НОВАЯ УСМАНЬ, УЛ МИНИНА, Д. 36","51.6571305, 39.4594708",действующая,04-02-2025,03-04-2019,361601001,1193668014726,03-04-2019,20225891001,20625491101,40627329,4210007,14,85.11,2014,75403,Муниципальное бюджетное учреждение,МБУ,2014,ЗАВЕДУЮЩИЙ,Бунина Инна Анатольевна,0,головная организация
Новоусманский,"МБДОУ ""ДЕТСКИЙ САД ""СОЛНЫШКО""","МУНИЦИПАЛЬНОЕ БЮДЖЕТНОЕ ДОШКОЛЬНОЕ ОБРАЗОВАТЕЛЬНОЕ УЧРЕЖДЕНИЕ НОВОУСМАНСКОГО МУНИЦИПАЛЬНОГО РАЙОНА ВОРОНЕЖСКОЙ ОБЛАСТИ ""ДЕТСКИЙ САД ""СОЛНЫШКО""",дошкольное образование,3661173664,"396302, ВОРОНЕЖСКАЯ ОБЛАСТЬ, Р-Н НОВОУСМАНСКИЙ, С НОВАЯ УСМАНЬ, УЛ РАЗДОЛЬНАЯ, Д. 2","51.6125504, 39.3673759",действующая,10-02-2025,09-08-2019,361601001,1193668030159,09-08-2019,20225891001,20625491101,41094941,4210007,14,85.11,2014,75403,Муниципальное бюджетное учреждение,МБУ,2014,ЗАВЕДУЮЩИЙ,Головкова Олеся Васильевна,0,головная организация
Новоусманский,"МБДОУ ""ДЕТСКИЙ САД ""СЧАСТЛИВОЕ ДЕТСТВО""-ЦЕНТР ПСИХОЛОГО-ПЕДАГОГИЧЕСКОЙ,МЕДИЦИНСКОЙ И СОЦИАЛЬНОЙ ПОМОЩИ НОВОУСМАНСКОГО МУНИЦИПАЛЬНОГО РАЙОНА""","МУНИЦИПАЛЬНОЕ БЮДЖЕТНОЕ ДОШКОЛЬНОЕ ОБРАЗОВАТЕЛЬНОЕ УЧРЕЖДЕНИЕ НОВОУСМАНСКОГО МУНИЦИПАЛЬНОГО РАЙОНА ВОРОНЕЖСКОЙ ОБЛАСТИ ""ДЕТСКИЙ САД ""СЧАСТЛИВОЕ ДЕТСТВО""-ЦЕНТР ПСИХОЛОГО-ПЕДАГОГИЧЕСКОЙ, МЕДИЦИНСКОЙ И СОЦИАЛЬНОЙ ПОМОЩИ НОВОУСМАНСКОГО МУНИЦИПАЛЬНОГО РАЙОНА""",дошкольное образование,3616014849,"396320, ВОРОНЕЖСКАЯ ОБЛАСТЬ, Р-Н НОВОУСМАНСКИЙ, П. ШУБЕРСКОЕ, УЛ. ПОДЛЕСНАЯ, Д.22","51.752747, 39.430633",действующая,25-02-2026,05-10-2011,361601001,1113668041321,05-10-2011,20225899001,20625499101,30072675,4210007,14,85.11,2014,75403,Муниципальное бюджетное учреждение,МБУ,2014,ЗАВЕДУЮЩИЙ,Сорокина Елена Владимировна,0,головная организация
Новоусманский,"МБДОУ ""НОВОУСМАНСКИЙ ДС №1 ОВ""","МУНИЦИПАЛЬНОЕ БЮДЖЕТНОЕ ДОШКОЛЬНОЕ ОБРАЗОВАТЕЛЬНОЕ УЧРЕЖДЕНИЕ НОВОУСМАНСКОГО МУНИЦИПАЛЬНОГО РАЙОНА ВОРОНЕЖСКОЙ ОБЛАСТИ ""НОВОУСМАНСКИЙ ДЕТСКИЙ САД №1 ОБЩЕРАЗВИВАЮЩЕГО ВИДА""",дошкольное образование,3616007249,"396302, ВОРОНЕЖСКАЯ ОБЛАСТЬ, Р-Н НОВОУСМАНСКИЙ, С НОВАЯ УСМАНЬ, УЛ ПОЛЕВАЯ, ЗД. 19А","51.611358, 39.380138",действующая,13-02-2025,11-08-1999,361601001,1023600934477,03-12-2002,20225891001,20625491101,41211157,4210007,14,85.11,2014,75403,Муниципальное бюджетное учреждение,МБУ,2014,ЗАВЕДУЮЩИЙ,Немченко Ирина Николаевна,0,головная организация
Новоусманский,"МБДОУ ""ОТРАДНЕНСКИЙ ДЕТСКИЙ САД""","МУНИЦИПАЛЬНОЕ БЮДЖЕТНОЕ ДОШКОЛЬНОЕ ОБРАЗОВАТЕЛЬНОЕ УЧРЕЖДЕНИЕ НОВОУСМАНСКОГО МУНИЦИПАЛЬНОГО РАЙОНА ВОРОНЕЖСКОЙ ОБЛАСТИ ""ОТРАДНЕНСКИЙ ДЕТСКИЙ САД""",дошкольное образование,3616007070,"396335, ВОРОНЕЖСКАЯ ОБЛАСТЬ, Р-Н НОВОУСМАНСКИЙ, П ОТРАДНОЕ, УЛ 50 ЛЕТ ОКТЯБРЯ, Д. 43","51.6529475, 39.3325087",действующая,08-05-2025,16-08-1999,361601001,1023600935324,09-12-2002,20225881001,20625481101,47799631,4210007,14,85.11,2014,75403,Муниципальное бюджетное учреждение,МБУ,2014,ЗАВЕДУЮЩИЙ,Караборчева Наталья Владимировна,0,головная организация
Новоусманский,"МБДОУ ""ЦРР - ДС ""РАДУГА""","МУНИЦИПАЛЬНОЕ БЮДЖЕТНОЕ ДОШКОЛЬНОЕ ОБРАЗОВАТЕЛЬНОЕ УЧРЕЖДЕНИЕ НОВОУСМАНСКОГО МУНИЦИПАЛЬНОГО РАЙОНА ВОРОНЕЖСКОЙ ОБЛАСТИ ""ЦЕНТР РАЗВИТИЯ РЕБЕНКА - ДЕТСКИЙ САД ""РАДУГА""",дошкольное образование,3616015296,"396335, ВОРОНЕЖСКАЯ ОБЛАСТЬ, Р-Н НОВОУСМАНСКИЙ, С. АЛЕКСАНДРОВКА, УЛ. РОСТОВСКАЯ, Д.7","51.6214753, 39.3328009",действующая,19-12-2025,09-06-2012,361601001,1123668027856,09-06-2012,20225881002,20625481106,09509018,4210007,14,85.11,2014,75403,Муниципальное бюджетное учреждение,МБУ,2014,ЗАВЕДУЮЩИЙ,Новгородова Галина Николаевна,0,головная организация
Новоусманский,"МБДОУ ""ЦРР-ДЕТСКИЙ САД №3""","МУНИЦИПАЛЬНОЕ БЮДЖЕТНОЕ ДОШКОЛЬНОЕ ОБРАЗОВАТЕЛЬНОЕ УЧРЕЖДЕНИЕ НОВОУСМАНСКОГО МУНИЦИПАЛЬНОГО РАЙОНА ВОРОНЕЖСКОЙ ОБЛАСТИ ""ЦЕНТР РАЗВИТИЯ РЕБЕНКА-ДЕТСКИЙ САД №3""",дошкольное образование,3616006929,"396310, ВОРОНЕЖСКАЯ ОБЛАСТЬ, Р-Н НОВОУСМАНСКИЙ, С НОВАЯ УСМАНЬ, УЛ ЛЕНИНА, ЗД. 263А","51.643359, 39.407471",действующая,13-08-2025,20-05-2002,361601001,1023600935159,06-12-2002,20225891001,20625491101,01022400,4210007,14,85.11,2014,75403,Муниципальное бюджетное учреждение,МБУ,2014,ЗАВЕДУЮЩИЙ,Путрина Марина Николаевна,0,головная организация
Новоусманский,"МБДОУ ""ЦРР-ДС ""РИТМ""","МУНИЦИПАЛЬНОЕ БЮДЖЕТНОЕ ДОШКОЛЬНОЕ ОБРАЗОВАТЕЛЬНОЕ УЧРЕЖДЕНИЕ НОВОУСМАНСКОГО МУНИЦИПАЛЬНОГО РАЙОНА ВОРОНЕЖСКОЙ ОБЛАСТИ ""ЦЕНТР РАЗВИТИЯ РЕБЕНКА-ДЕТСКИЙ САД ""РИТМ (РАСТИ, ИГРАЙ, ТВОРИ, МЕЧТАЙ)""",дошкольное образование,3616021130,"396336, ВОРОНЕЖСКАЯ ОБЛАСТЬ, Р-Н НОВОУСМАНСКИЙ, П. ОТРАДНОЕ, УЛ. МАГИСТРАЛЬНАЯ, Д. 9, ОФИС 1","51.67045, 39.323204",действующая,31-01-2025,07-08-2017,361601001,1173668042393,07-08-2017,20225881001,20625481101,19112687,4210007,14,85.11,2014,75403,Муниципальное бюджетное учреждение,МБУ,2014,ЗАВЕДУЮЩИЙ,Захарова Вера Борисовна,0,головная организация
Новоусманский,"МБОУ ""ВОЦ""","МУНИЦИПАЛЬНОЕ БЮДЖЕТНОЕ ОБЩЕОБРАЗОВАТЕЛЬНОЕ УЧРЕЖДЕНИЕ НОВОУСМАНСКОГО МУНИЦИПАЛЬНОГО РАЙОНА ВОРОНЕЖСКОЙ ОБЛАСТИ ""ВОЛЕНСКИЙ ОБРАЗОВАТЕЛЬНЫЙ ЦЕНТР""",общеобразовательная организация,3616006301,"396331, ВОРОНЕЖСКАЯ ОБЛАСТЬ, Р-Н НОВОУСМАНСКИЙ, П ВОЛЯ, УЛ ШКОЛЬНАЯ, ЗД. 2А","51.748771, 39.491772",действующая,04-02-2025,20-05-2002,361601001,1023600935258,09-12-2002,20225812001,20625412101,47799269,4210007,14,85.14,2014,75403,Муниципальное бюджетное учреждение,МБУ,2014,ДИРЕКТОР,Пыркова Галина Юрьевна,0,головная организация
Новоусманский,"МБОУ ""НОВОУСМАНСКАЯ СОШ № 5 ""ЭВРИКА""","МУНИЦИПАЛЬНОЕ БЮДЖЕТНОЕ ОБЩЕОБРАЗОВАТЕЛЬНОЕ УЧРЕЖДЕНИЕ НОВОУСМАНСКОГО МУНИЦИПАЛЬНОГО РАЙОНА ВОРОНЕЖСКОЙ ОБЛАСТИ ""НОВОУСМАНСКАЯ СРЕДНЯЯ ОБЩЕОБРАЗОВАТЕЛЬНАЯ ШКОЛА № 5 ""ЭВРИКА""",общеобразовательная организация,3616026026,"396302, ВОРОНЕЖСКАЯ ОБЛАСТЬ, М.Р-Н НОВОУСМАНСКИЙ, С.П. УСМАНСКОЕ 1-Е, С НОВАЯ УСМАНЬ, УЛ МАРИИ ЛУКШИНОЙ, ЗД. 28","51.6440564, 39.4129162",действующая,13-11-2025,29-09-2021,361601001,1213600028510,29-09-2021,20225891001,20625491101,53546851,4210007,14,85.14,2014,75403,Муниципальное бюджетное учреждение,МБУ,2014,ДИРЕКТОР,Боброва Марина Викторовна,0,головная организация
Новоусманский,"МБОУ ""НОВОУСМАНСКАЯ СОШ №3""","МУНИЦИПАЛЬНОЕ БЮДЖЕТНОЕ ОБЩЕОБРАЗОВАТЕЛЬНОЕ УЧРЕЖДЕНИЕ НОВОУСМАНСКОГО МУНИЦИПАЛЬНОГО РАЙОНА ВОРОНЕЖСКОЙ ОБЛАСТИ ""НОВОУСМАНСКАЯ СРЕДНЯЯ ОБЩЕОБРАЗОВАТЕЛЬНАЯ ШКОЛА №3""",общеобразовательная организация,3616006125,"396302, ВОРОНЕЖСКАЯ ОБЛАСТЬ, Р-Н НОВОУСМАНСКИЙ, С НОВАЯ УСМАНЬ, УЛ ПОЛЕВАЯ, ЗД. 1П","51.609808, 39.377312",действующая,05-02-2025,30-03-1998,361601001,1023600934433,03-12-2002,20225891001,20625491101,45967952,4210007,14,85.14,2014,75403,Муниципальное бюджетное учреждение,МБУ,2014,ДИРЕКТОР,Золотых Борис Викторович,0,головная организация
Новоусманский,"МБОУ ""НОВОУСМАНСКИЙ ЛИЦЕЙ""","МУНИЦИПАЛЬНОЕ БЮДЖЕТНОЕ ОБЩЕОБРАЗОВАТЕЛЬНОЕ УЧРЕЖДЕНИЕ НОВОУСМАНСКОГО МУНИЦИПАЛЬНОГО РАЙОНА ВОРОНЕЖСКОЙ ОБЛАСТИ ""НОВОУСМАНСКИЙ ЛИЦЕЙ""",общеобразовательная организация,3616007295,"396310, ВОРОНЕЖСКАЯ ОБЛАСТЬ, Р-Н НОВОУСМАНСКИЙ, С НОВАЯ УСМАНЬ, УЛ ЛЕНИНА, Д. 295, -","51.645899, 39.413536",действующая,04-02-2025,21-09-1998,361601001,1023600937029,20-12-2002,20225891001,20625491101,72604442,4210007,14,85.14,2014,75403,Муниципальное бюджетное учреждение,МБУ,2014,ДИРЕКТОР,Шеменева Татьяна Ивановна,0,головная организация
Новоусманский,"МБОУ ""НОЦ""","МУНИЦИПАЛЬНОЕ БЮДЖЕТНОЕ ОБЩЕОБРАЗОВАТЕЛЬНОЕ УЧРЕЖДЕНИЕ НОВОУСМАНСКОГО МУНИЦИПАЛЬНОГО РАЙОНА ВОРОНЕЖСКОЙ ОБЛАСТИ ""НОВОУСМАНСКИЙ ОБРАЗОВАТЕЛЬНЫЙ ЦЕНТР""",общеобразовательная организация,3661172526,"396310, ВОРОНЕЖСКАЯ ОБЛАСТЬ, Р-Н НОВОУСМАНСКИЙ, С НОВАЯ УСМАНЬ, УЛ СЕРЕБРЯНЫЙ ВЕК, Д. 3","51.6440564, 39.4129162",действующая,06-06-2025,03-04-2019,361601001,1193668014737,03-04-2019,20225891001,20625491101,40628464,4210007,14,85.14,2014,75403,Муниципальное бюджетное учреждение,МБУ,2014,ДИРЕКТОР,Кремс Наталия Владимировна,0,головная организация
Новоусманский,"МБОУ ""ОТРАДНЕНСКАЯ ГИМНАЗИЯ""","МУНИЦИПАЛЬНОЕ БЮДЖЕТНОЕ ОБЩЕОБРАЗОВАТЕЛЬНОЕ УЧРЕЖДЕНИЕ НОВОУСМАНСКОГО МУНИЦИПАЛЬНОГО РАЙОНА ВОРОНЕЖСКОЙ ОБЛАСТИ ""ОТРАДНЕНСКАЯ ГИМНАЗИЯ""",общеобразовательная организация,3616025544,"396335, ВОРОНЕЖСКАЯ ОБЛАСТЬ, М.Р-Н НОВОУСМАНСКИЙ, С.П. ОТРАДНЕНСКОЕ, П ОТРАДНОЕ, УЛ РОМАНТИЧЕСКАЯ, ЗД. 7","51.653411, 39.321524",действующая,24-11-2025,04-02-2021,361601001,1213600003209,04-02-2021,20225881001,20625481101,99324570,4210007,14,85.14,2014,75403,Муниципальное бюджетное учреждение,МБУ,2014,ДИРЕКТОР,Горбунов Андрей Андреевич,0,головная организация
Новоусманский,"МБОУ ""ОТРАДНЕНСКАЯ СОШ № 2""","МУНИЦИПАЛЬНОЕ БЮДЖЕТНОЕ ОБЩЕОБРАЗОВАТЕЛЬНОЕ УЧРЕЖДЕНИЕ НОВОУСМАНСКОГО МУНИЦИПАЛЬНОГО РАЙОНА ВОРОНЕЖСКОЙ ОБЛАСТИ ""ОТРАДНЕНСКАЯ СРЕДНЯЯ ОБЩЕОБРАЗОВАТЕЛЬНАЯ ШКОЛА № 2""",общеобразовательная организация,3616022991,"396336, ВОРОНЕЖСКАЯ ОБЛАСТЬ, Р-Н НОВОУСМАНСКИЙ, П. ОТРАДНОЕ, Б-Р 70 ЛЕТ ПОБЕДЫ, Д. 7","51.67031, 39.316847",действующая,24-01-2025,18-09-2018,361601001,1183668037189,18-09-2018,20225881001,20625481101,32985569,4210007,14,85.14,2014,75403,Муниципальное бюджетное учреждение,МБУ,2014,ДИРЕКТОР,Суверина Наталья Александровна,0,головная организация
Новоусманский,"МБУДО ""ДЮЦ""","МУНИЦИПАЛЬНОЕ БЮДЖЕТНОЕ УЧРЕЖДЕНИЕ ДОПОЛНИТЕЛЬНОГО ОБРАЗОВАНИЯ НОВОУСМАНСКОГО МУНИЦИПАЛЬНОГО РАЙОНА ВОРОНЕЖСКОЙ ОБЛАСТИ ""ДЕТСКО-ЮНОШЕСКИЙ ЦЕНТР""",организация доп. образования,3616009736,"396310, ВОРОНЕЖСКАЯ ОБЛАСТЬ, Р-Н НОВОУСМАНСКИЙ, С НОВАЯ УСМАНЬ, УЛ ЮБИЛЕЙНАЯ, Д. 4А","51.643374, 39.414212",действующая,03-02-2025,01-12-2005,361601001,1053675034225,01-12-2005,20225891001,20625491101,79267870,4210007,14,85.41,2014,75403,Муниципальное бюджетное учреждение,МБУ,2014,ДИРЕКТОР,Степанова Алёна Юрьевна,0,головная организация
Новоусманский,"МБУДО ""ЦРФКС""","МУНИЦИПАЛЬНОЕ БЮДЖЕТНОЕ УЧРЕЖДЕНИЕ ДОПОЛНИТЕЛЬНОГО ОБРАЗОВАНИЯ НОВОУСМАНСКОГО МУНИЦИПАЛЬНОГО РАЙОНА ВОРОНЕЖСКОЙ ОБЛАСТИ ""ЦЕНТР РАЗВИТИЯ ФИЗИЧЕСКОЙ КУЛЬТУРЫ И СПОРТА""",организация доп. образования,3616017448,"396310, ВОРОНЕЖСКАЯ ОБЛАСТЬ, М.Р-Н НОВОУСМАНСКИЙ, С.П. УСМАНСКОЕ 1-Е, С НОВАЯ УСМАНЬ, УЛ ЛЕНИНА, Д. 310А","51.648755, 39.424444",действующая,11-09-2025,26-08-2014,361601001,1143668041538,26-08-2014,20225891001,20625491101,31265293,4210007,14,85.41,2014,75403,Муниципальное бюджетное учреждение,МБУ,2014,ДИРЕКТОР,Терешков Иван Валерьевич,0,головная организация
Новоусманский,"МКДОУ ""БАБЯКОВСКИЙ ДЕТСКИЙ САД""","МУНИЦИПАЛЬНОЕ КАЗЕННОЕ ДОШКОЛЬНОЕ ОБРАЗОВАТЕЛЬНОЕ УЧРЕЖДЕНИЕ НОВОУСМАНСКОГО МУНИЦИПАЛЬНОГО РАЙОНА ВОРОНЕЖСКОЙ ОБЛАСТИ ""БАБЯКОВСКИЙ ДЕТСКИЙ САД""",дошкольное образование,3616007256,"396313, ВОРОНЕЖСКАЯ ОБЛАСТЬ, Р-Н НОВОУСМАНСКИЙ, С. БАБЯКОВО, УЛ. СОВХОЗНАЯ, Д.10, -, -","51.693193, 39.3645474",действующая,12-02-2025,11-08-1999,361601001,1023600935918,13-12-2002,20225804001,20625404101,56457480,4210007,14,85.11,2014,75404,Муниципальное казенное учреждение,МКУ,2014,ЗАВЕДУЮЩАЯ,Бачурина Елена Владимировна,0,головная организация
Новоусманский,"МКДОУ ""НИКОЛЬСКИЙ ДЕТСКИЙ САД""","МУНИЦИПАЛЬНОЕ КАЗЕННОЕ ДОШКОЛЬНОЕ ОБРАЗОВАТЕЛЬНОЕ УЧРЕЖДЕНИЕ НОВОУСМАНСКОГО МУНИЦИПАЛЬНОГО РАЙОНА ВОРОНЕЖСКОЙ ОБЛАСТИ ""НИКОЛЬСКИЙ ДЕТСКИЙ САД""",дошкольное образование,3616007930,"396333, ВОРОНЕЖСКАЯ ОБЛАСТЬ, Р-Н НОВОУСМАНСКИЙ, П 1-ГО ОТДЕЛЕНИЯ СОВХОЗА ""МАСЛОВСКИЙ"", УЛ ШКОЛЬНАЯ, ЗД. 15А","51.539501, 39.341421",действующая,10-02-2025,21-12-2001,361601001,1023600935940,13-12-2002,20225878001,20625478101,01031362,4210007,14,85.11,2014,75404,Муниципальное казенное учреждение,МКУ,2014,ЗАВЕДУЮЩИЙ,Бреда Алла Николаевна,0,головная организация
Новоусманский,"МКДОУ ""РОЖДЕСТВЕНСКО-ХАВСКИЙ ДС ОВ""","МУНИЦИПАЛЬНОЕ КАЗЕННОЕ ДОШКОЛЬНОЕ ОБРАЗОВАТЕЛЬНОЕ УЧРЕЖДЕНИЕ НОВОУСМАНСКОГО МУНИЦИПАЛЬНОГО РАЙОНА ВОРОНЕЖСКОЙ ОБЛАСТИ ""РОЖДЕСТВЕНСКО-ХАВСКИЙ ДЕТСКИЙ САД ОБЩЕРАЗВИВАЮЩЕГО ВИДА""",дошкольное образование,3616007062,"396315, ВОРОНЕЖСКАЯ ОБЛАСТЬ, Р-Н НОВОУСМАНСКИЙ, С. РОЖДЕСТВЕНСКАЯ ХАВА, УЛ. ЛЕНИНА, Д.41","51.6596603, 39.6889141",действующая,06-02-2025,16-08-1999,361601001,1023600935830,11-12-2002,20225884001,20625484101,42618622,4210007,14,85.11,2014,75404,Муниципальное казенное учреждение,МКУ,2014,ЗАВЕДУЮЩИЙ,Токарева Марина Николаевна,0,головная организация
Новоусманский,"МКОУ ""БАБЯКОВСКАЯ ООШ""","МУНИЦИПАЛЬНОЕ КАЗЕННОЕ ОБЩЕОБРАЗОВАТЕЛЬНОЕ УЧРЕЖДЕНИЕ НОВОУСМАНСКОГО МУНИЦИПАЛЬНОГО РАЙОНА ВОРОНЕЖСКОЙ ОБЛАСТИ ""БАБЯКОВСКАЯ ОСНОВНАЯ ОБЩЕОБРАЗОВАТЕЛЬНАЯ ШКОЛА""",общеобразовательная организация,3616007351,"396314, ВОРОНЕЖСКАЯ ОБЛАСТЬ, Р-Н НОВОУСМАНСКИЙ, П 1-ГО ОТДЕЛЕНИЯ СОВХОЗА ""НОВОУСМАНСКИЙ"", УЛ ЛЕНИНА, ЗД. 1, -","51.717771, 39.493207",действующая,28-10-2025,20-05-2002,361601001,1023600936248,16-12-2002,20225804002,20625404106,57711324,4210007,14,85.13,2014,75404,Муниципальное казенное учреждение,МКУ,2014,ИСПОЛНЯЮЩИЙ ОБЯЗАННОСТИ ДИРЕКТОРА,Черник Ольга Сергеевна,0,головная организация
Новоусманский,"МКОУ ""БАБЯКОВСКАЯ СОШ № 1""","МУНИЦИПАЛЬНОЕ КАЗЕННОЕ ОБЩЕОБРАЗОВАТЕЛЬНОЕ УЧРЕЖДЕНИЕ НОВОУСМАНСКОГО МУНИЦИПАЛЬНОГО РАЙОНА ВОРОНЕЖСКОЙ ОБЛАСТИ ""БАБЯКОВСКАЯ СРЕДНЯЯ ОБЩЕОБРАЗОВАТЕЛЬНАЯ ШКОЛА № 1""",общеобразовательная организация,3616007263,"396313, ВОРОНЕЖСКАЯ ОБЛАСТЬ, Р-Н НОВОУСМАНСКИЙ, С. БАБЯКОВО, УЛ. САДОВАЯ, Д.1, -, -","51.686333, 39.365963",действующая,05-02-2025,20-05-2002,361601001,1023600934917,05-12-2002,20225804001,20625404101,47799163,4210007,14,85.14,2014,75404,Муниципальное казенное учреждение,МКУ,2014,ДИРЕКТОР,Высотин Дмитрий Александрович,0,головная организация
Новоусманский,"МКОУ ""МАСЛОВСКАЯ СОШ""","МУНИЦИПАЛЬНОЕ КАЗЕННОЕ ОБЩЕОБРАЗОВАТЕЛЬНОЕ УЧРЕЖДЕНИЕ НОВОУСМАНСКОГО МУНИЦИПАЛЬНОГО РАЙОНА ВОРОНЕЖСКОЙ ОБЛАСТИ ""МАСЛОВСКАЯ СРЕДНЯЯ ОБЩЕОБРАЗОВАТЕЛЬНАЯ ШКОЛА""",общеобразовательная организация,3616006446,"396334, ВОРОНЕЖСКАЯ ОБЛАСТЬ, Р-Н НОВОУСМАНСКИЙ, П СОВХОЗА ""ВОРОНЕЖСКИЙ"", УЛ ВОРОНЕЖСКАЯ, ЗД. 25","51.511912, 39.2928123",действующая,17-11-2025,20-05-2002,361601001,1023600936370,17-12-2002,20225885001,20625478116,47799140,4210007,14,85.14,2014,75404,Муниципальное казенное учреждение,МКУ,2014,Директор,Мелькова Валентина Евгеньевна,0,головная организация
Новоусманский,"МКОУ ""МИХАЙЛОВСКАЯ СОШ""","МУНИЦИПАЛЬНОЕ КАЗЕННОЕ ОБЩЕОБРАЗОВАТЕЛЬНОЕ УЧРЕЖДЕНИЕ НОВОУСМАНСКОГО МУНИЦИПАЛЬНОГО РАЙОНА ВОРОНЕЖСКОЙ ОБЛАСТИ ""МИХАЙЛОВСКАЯ СРЕДНЯЯ ОБЩЕОБРАЗОВАТЕЛЬНАЯ ШКОЛА""",общеобразовательная организация,3616006326,"396322, ВОРОНЕЖСКАЯ ОБЛАСТЬ, Р-Н НОВОУСМАНСКИЙ, Д. МИХАЙЛОВКА, УЛ. КОМСОМОЛЬСКАЯ, Д.11, -, -","51.5066318, 39.6708498",действующая,03-02-2025,21-09-1998,361601001,1023600935665,10-12-2002,20225888006,20625488126,47799068,4210007,14,85.14,2014,75404,Муниципальное казенное учреждение,МКУ,2014,ДИРЕКТОР,Сергеева Елена Вячеславовна,0,головная организация
Новоусманский,"МКОУ ""НИКОЛЬСКАЯ СОШ""","МУНИЦИПАЛЬНОЕ КАЗЕННОЕ ОБЩЕОБРАЗОВАТЕЛЬНОЕ УЧРЕЖДЕНИЕ НОВОУСМАНСКОГО МУНИЦИПАЛЬНОГО РАЙОНА ВОРОНЕЖСКОЙ ОБЛАСТИ ""НИКОЛЬСКАЯ СРЕДНЯЯ ОБЩЕОБРАЗОВАТЕЛЬНАЯ ШКОЛА""",общеобразовательная организация,3616006319,"396333, ВОРОНЕЖСКАЯ ОБЛАСТЬ, Р-Н НОВОУСМАНСКИЙ, П 1-ГО ОТДЕЛЕНИЯ СОВХОЗА ""МАСЛОВСКИЙ"", УЛ ШКОЛЬНАЯ, ЗД. 1, -","51.539501, 39.341421",действующая,29-08-2025,23-04-2000,361601001,1023600934818,04-12-2002,20225878001,20625478101,47799329,4210007,14,85.14,2014,75404,Муниципальное казенное учреждение,МКУ,2014,ДИРЕКТОР,Фурсова Мария Георгиевна,0,головная организация
Новоусманский,"МКОУ ""НОВОУСМАНСКАЯ СОШ № 2""","МУНИЦИПАЛЬНОЕ КАЗЕННОЕ ОБЩЕОБРАЗОВАТЕЛЬНОЕ УЧРЕЖДЕНИЕ НОВОУСМАНСКОГО МУНИЦИПАЛЬНОГО РАЙОНА ВОРОНЕЖСКОЙ ОБЛАСТИ ""НОВОУСМАНСКАЯ СРЕДНЯЯ ОБЩЕОБРАЗОВАТЕЛЬНАЯ ШКОЛА № 2""",общеобразовательная организация,3616007288,"396311, ВОРОНЕЖСКАЯ ОБЛАСТЬ, Р-Н НОВОУСМАНСКИЙ, С НОВАЯ УСМАНЬ, УЛ ШКОЛЬНАЯ, Д. 11А","51.6187752, 39.3866074",действующая,19-02-2026,21-09-1998,361601001,1023600936204,16-12-2002,20225891001,20625491101,47799045,4210007,14,85.14,2014,75404,Муниципальное казенное учреждение,МКУ,2014,ИСПОЛНЯЮЩИЙ ОБЯЗАННОСТИ ДИРЕКТОРА,Куренков Сергей Александрович,0,головная организация
Новоусманский,"МКОУ ""НОВОУСМАНСКАЯ СОШ № 4""","МУНИЦИПАЛЬНОЕ КАЗЕННОЕ ОБЩЕОБРАЗОВАТЕЛЬНОЕ УЧРЕЖДЕНИЕ НОВОУСМАНСКОГО МУНИЦИПАЛЬНОГО РАЙОНА ВОРОНЕЖСКОЙ ОБЛАСТИ ""НОВОУСМАНСКАЯ СРЕДНЯЯ ОБЩЕОБРАЗОВАТЕЛЬНАЯ ШКОЛА № 4""",общеобразовательная организация,3616007369,"396310, ВОРОНЕЖСКАЯ ОБЛАСТЬ, Р-Н НОВОУСМАНСКИЙ, С НОВАЯ УСМАНЬ, УЛ ЗАРЕЧНАЯ, Д. 1, -","51.6395022, 39.3904085",действующая,28-10-2025,21-09-1998,361601001,1023600934939,05-12-2002,20225891001,20625491101,54685566,4210007,14,85.14,2014,75404,Муниципальное казенное учреждение,МКУ,2014,ДИРЕКТОР,Саввинов Иван Андреевич,0,головная организация
Новоусманский,"МКОУ ""ОРЛОВСКАЯ СОШ""","МУНИЦИПАЛЬНОЕ КАЗЕННОЕ ОБЩЕОБРАЗОВАТЕЛЬНОЕ УЧРЕЖДЕНИЕ НОВОУСМАНСКОГО МУНИЦИПАЛЬНОГО РАЙОНА ВОРОНЕЖСКОЙ ОБЛАСТИ ""ОРЛОВСКАЯ СРЕДНЯЯ ОБЩЕОБРАЗОВАТЕЛЬНАЯ ШКОЛА""",общеобразовательная организация,3616007305,"396305, ВОРОНЕЖСКАЯ ОБЛАСТЬ, Р-Н НОВОУСМАНСКИЙ, С ОРЛОВО, УЛ ПИОНЕРСКАЯ, Д. 14А","51.752606, 39.585753",действующая,10-11-2025,21-09-1998,361601001,1023600936721,18-12-2002,20225880001,20625480101,57711330,4210007,14,85.14,2014,75404,Муниципальное казенное учреждение,МКУ,2014,ДИРЕКТОР,Росси Владимир Александрович,0,головная организация
Новоусманский,"МКОУ ""ОТРАДНЕНСКАЯ СОШ""","МУНИЦИПАЛЬНОЕ КАЗЕННОЕ ОБЩЕОБРАЗОВАТЕЛЬНОЕ УЧРЕЖДЕНИЕ НОВОУСМАНСКОГО МУНИЦИПАЛЬНОГО РАЙОНА ВОРОНЕЖСКОЙ ОБЛАСТИ ""ОТРАДНЕНСКАЯ СРЕДНЯЯ ОБЩЕОБРАЗОВАТЕЛЬНАЯ ШКОЛА""",общеобразовательная организация,3616007344,"396335, ВОРОНЕЖСКАЯ ОБЛАСТЬ, Р-Н НОВОУСМАНСКИЙ, П ОТРАДНОЕ, УЛ 50 ЛЕТ ОКТЯБРЯ, Д. 26","51.655184, 39.333516",действующая,08-05-2025,20-05-2002,361601001,1023600937216,23-12-2002,20225881001,20625481101,47799080,4210007,14,85.14,2014,75404,Муниципальное казенное учреждение,МКУ,2014,ДИРЕКТОР,Змаева Инна Юрьевна,0,головная организация
Новоусманский,"МКОУ ""РОГАЧЁВСКАЯ СОШ""","МУНИЦИПАЛЬНОЕ КАЗЕННОЕ ОБЩЕОБРАЗОВАТЕЛЬНОЕ УЧРЕЖДЕНИЕ НОВОУСМАНСКОГО МУНИЦИПАЛЬНОГО РАЙОНА ВОРОНЕЖСКОЙ ОБЛАСТИ ""РОГАЧЁВСКАЯ СРЕДНЯЯ ОБЩЕОБРАЗОВАТЕЛЬНАЯ ШКОЛА""",общеобразовательная организация,3616006358,"396321, ВОРОНЕЖСКАЯ ОБЛАСТЬ, Р-Н НОВОУСМАНСКИЙ, С РОГАЧЁВКА, УЛ МИРА, Д. 1А, -","51.4990754, 39.5554484",действующая,28-04-2025,21-09-1998,361601001,1023600936292,17-12-2002,20225883001,20625483101,47799005,4210007,14,85.14,2014,75404,Муниципальное казенное учреждение,МКУ,2014,ДИРЕКТОР,Царёв Игорь Васильевич,0,головная организация
Новоусманский,"МКОУ ""РОЖДЕСТВЕНСКО - ХАВСКАЯ СОШ""","МУНИЦИПАЛЬНОЕ КАЗЕННОЕ ОБЩЕОБРАЗОВАТЕЛЬНОЕ УЧРЕЖДЕНИЕ НОВОУСМАНСКОГО МУНИЦИПАЛЬНОГО РАЙОНА ВОРОНЕЖСКОЙ ОБЛАСТИ ""РОЖДЕСТВЕНСКО - ХАВСКАЯ СРЕДНЯЯ ОБЩЕОБРАЗОВАТЕЛЬНАЯ ШКОЛА""",общеобразовательная организация,3616006333,"396315, ВОРОНЕЖСКАЯ ОБЛАСТЬ, Р-Н НОВОУСМАНСКИЙ, С. РОЖДЕСТВЕНСКАЯ ХАВА, УЛ. КАРЛА МАРКСА, Д.82","51.6599008, 39.6904927",действующая,09-02-2025,13-05-2002,361601001,1023600936479,17-12-2002,20225884001,20625484101,47799022,4210007,14,85.14,2014,75404,Муниципальное казенное учреждение,МКУ,2014,ДИРЕКТОР,Щеблыкин Леонид Леонидович,0,головная организация
Новоусманский,"МКОУ ""РЫКАНСКАЯ СОШ""","МУНИЦИПАЛЬНОЕ КАЗЕННОЕ ОБЩЕОБРАЗОВАТЕЛЬНОЕ УЧРЕЖДЕНИЕ НОВОУСМАНСКОГО МУНИЦИПАЛЬНОГО РАЙОНА ВОРОНЕЖСКОЙ ОБЛАСТИ ""РЫКАНСКАЯ СРЕДНЯЯ ОБЩЕОБРАЗОВАТЕЛЬНАЯ ШКОЛА""",общеобразовательная организация,3616006679,"396319, ВОРОНЕЖСКАЯ ОБЛАСТЬ, Р-Н НОВОУСМАНСКИЙ, С. РЫКАНЬ, УЛ. ЦЕНТРАЛЬНАЯ, Д.23, -, -","51.6211464, 39.5550348",действующая,06-02-2025,20-05-2002,361601001,1023600936237,16-12-2002,20225896003,20625496111,47799223,4210007,14,85.14,2014,75404,Муниципальное казенное учреждение,МКУ,2014,ДИРЕКТОР,Рыжков Андрей Александрович,0,головная организация
Новоусманский,"МКОУ ""ТИМИРЯЗЕВСКАЯ СОШ""","МУНИЦИПАЛЬНОЕ КАЗЕННОЕ ОБЩЕОБРАЗОВАТЕЛЬНОЕ УЧРЕЖДЕНИЕ НОВОУСМАНСКОГО МУНИЦИПАЛЬНОГО РАЙОНА ВОРОНЕЖСКОЙ ОБЛАСТИ ""ТИМИРЯЗЕВСКАЯ СРЕДНЯЯ ОБЩЕОБРАЗОВАТЕЛЬНАЯ ШКОЛА""",общеобразовательная организация,3616007270,"396323, ВОРОНЕЖСКАЯ ОБЛАСТЬ, Р-Н НОВОУСМАНСКИЙ, П. ТИМИРЯЗЕВО, УЛ. ТИМИРЯЗЕВА, Д.1, -, -","51.5776642, 39.6467203",действующая,02-08-2025,20-05-2002,361601001,1023600935995,15-12-2002,20225888001,20625488101,54685537,4210007,14,85.14,2014,75404,Муниципальное казенное учреждение,МКУ,2014,ДИРЕКТОР,Дмитриева Наталья Викторовна,0,головная организация
Новоусманский,"МКОУ ""ТРЕСВЯТСКАЯ СОШ ИМЕНИ В.М. ПЕСКОВА""","МУНИЦИПАЛЬНОЕ КАЗЕННОЕ ОБЩЕОБРАЗОВАТЕЛЬНОЕ УЧРЕЖДЕНИЕ НОВОУСМАНСКОГО МУНИЦИПАЛЬНОГО РАЙОНА ВОРОНЕЖСКОЙ ОБЛАСТИ ""ТРЕСВЯТСКАЯ СРЕДНЯЯ ОБЩЕОБРАЗОВАТЕЛЬНАЯ ШКОЛА ИМЕНИ В.М. ПЕСКОВА""",общеобразовательная организация,3616005523,"396330, ВОРОНЕЖСКАЯ ОБЛАСТЬ, Р-Н НОВОУСМАНСКИЙ, П ВОЛЯ, УЛ САДОВАЯ, Д. 61А, -","51.7671223, 39.52399",действующая,05-02-2025,05-03-1996,361601001,1023600938063,27-12-2002,20225812001,20625412101,59560160,4210007,14,85.14,2014,75404,Муниципальное казенное учреждение,МКУ,2014,директор,Безгина Татьяна Николаевна,0,головная организация
Новоусманский,"МКОУ ""ХЛЕБЕНСКАЯ ООШ""","МУНИЦИПАЛЬНОЕ КАЗЕННОЕ ОБЩЕОБРАЗОВАТЕЛЬНОЕ УЧРЕЖДЕНИЕ НОВОУСМАНСКОГО МУНИЦИПАЛЬНОГО РАЙОНА ВОРОНЕЖСКОЙ ОБЛАСТИ ""ХЛЕБЕНСКАЯ ОСНОВНАЯ ОБЩЕОБРАЗОВАТЕЛЬНАЯ ШКОЛА""",общеобразовательная организация,3616006661,"396317, ВОРОНЕЖСКАЯ ОБЛАСТЬ, Р-Н НОВОУСМАНСКИЙ, С. ХЛЕБНОЕ, УЛ. ЗАРЕЧНАЯ, Д.1, -, -","51.6091331, 39.8026501",действующая,28-05-2025,21-09-1998,361601001,1023600935137,06-12-2002,20225894001,20625494101,47799200,4210007,14,85.13,2014,75404,Муниципальное казенное учреждение,МКУ,2014,ДИРЕКТОР,Инпушкин Виктор Алексеевич,0,головная организация
Новоусманский,"МКОУ ""ХРЕНОВСКАЯ ООШ""","МУНИЦИПАЛЬНОЕ КАЗЕННОЕ ОБЩЕОБРАЗОВАТЕЛЬНОЕ УЧРЕЖДЕНИЕ НОВОУСМАНСКОГО МУНИЦИПАЛЬНОГО РАЙОНА ВОРОНЕЖСКОЙ ОБЛАСТИ ""ХРЕНОВСКАЯ ОСНОВНАЯ ОБЩЕОБРАЗОВАТЕЛЬНАЯ ШКОЛА""",общеобразовательная организация,3616006830,"396318, ВОРОНЕЖСКАЯ ОБЛАСТЬ, Р-Н НОВОУСМАНСКИЙ, С. ХРЕНОВОЕ, УЛ. МОЛОДЕЖНАЯ, Д.16","51.6519938, 39.5681036",действующая,09-02-2026,21-09-1998,361601001,1023600935907,13-12-2002,20225896001,20625496101,47799447,4210007,14,85.13,2014,75404,Муниципальное казенное учреждение,МКУ,2014,ДИРЕКТОР,Сергеев Сергей Сергеевич,0,головная организация
Новоусманский,"МКОУ ""ШУБЕРСКАЯ СОШ""","МУНИЦИПАЛЬНОЕ КАЗЕННОЕ ОБЩЕОБРАЗОВАТЕЛЬНОЕ УЧРЕЖДЕНИЕ НОВОУСМАНСКОГО МУНИЦИПАЛЬНОГО РАЙОНА ВОРОНЕЖСКОЙ ОБЛАСТИ ""ШУБЕРСКАЯ СРЕДНЯЯ ОБЩЕОБРАЗОВАТЕЛЬНАЯ ШКОЛА""",общеобразовательная организация,3616006453,"396320, ВОРОНЕЖСКАЯ ОБЛАСТЬ, Р-Н НОВОУСМАНСКИЙ, П. ШУБЕРСКОЕ, УЛ. ПОДЛЕСНАЯ, Д.19","51.7530688, 39.4271468",действующая,05-02-2025,20-05-2002,361601001,1023600935270,09-12-2002,20225899001,20625499101,47799246,4210007,14,85.14,2014,75404,Муниципальное казенное учреждение,МКУ,2014,ДИРЕКТОР,Утицких Инна Павловна,0,головная организация
Новоусманский,ОТДЕЛ ОБРАЗОВАНИЯ И МОЛОДЕЖНОЙ ПОЛИТИКИ АДМИНИСТРАЦИИ НОВОУСМАНСКОГО МУНИЦИПАЛЬНОГО РАЙОНА,ОТДЕЛ ОБРАЗОВАНИЯ И МОЛОДЕЖНОЙ ПОЛИТИКИ АДМИНИСТРАЦИИ НОВОУСМАНСКОГО МУНИЦИПАЛЬНОГО РАЙОНА ВОРОНЕЖСКОЙ ОБЛАСТИ,отдел,3616002579,"396310, ВОРОНЕЖСКАЯ ОБЛАСТЬ, М.Р-Н НОВОУСМАНСКИЙ, С.П. УСМАНСКОЕ 1-Е, С НОВАЯ УСМАНЬ, УЛ СОВЕТСКАЯ, Д. 1, ОФИС 217","51.6444914, 39.4111815",действующая,15-05-2025,09-12-2000,361601001,1023600936413,17-12-2002,20225891001,20625491101,02104755,3300100,14,84.11.3,2014,75404,Муниципальное казенное учреждение,МКУ,2014,РУКОВОДИТЕЛЬ,Брылева Вера Ивановна,0,головная организация
Новохопёрский,АДМИНИСТРАЦИЯ НОВОХОПЕРСКОГО МУНИЦИПАЛЬНОГО РАЙОНА ВОРОНЕЖСКОЙ ОБЛАСТИ,АДМИНИСТРАЦИЯ НОВОХОПЕРСКОГО МУНИЦИПАЛЬНОГО РАЙОНА ВОРОНЕЖСКОЙ ОБЛАСТИ,отдел,3617002155,"397400, ВОРОНЕЖСКАЯ ОБЛАСТЬ, Р-Н НОВОХОПЕРСКИЙ, Г. НОВОХОПЕРСК, УЛ. СОВЕТСКАЯ, Д.14","51.099975, 41.628833",действующая,07-02-2025,23-08-1996,361701001,1023600991589,27-12-2002,20227501000,20627101001,04025988,3300100,14,84.11.33,2014,75404,Муниципальное казенное учреждение,МКУ,2014,ГЛАВА НОВОХОПЁРСКОГО МУНИЦИПАЛЬНОГО РАЙОНА,Королев Виктор Владимирович,0,головная организация
Новохопёрский,"ГАПОУ ВО ""НАЭТ""","ГОСУДАРСТВЕННОЕ АВТОНОМНОЕ ПРОФЕССИОНАЛЬНОЕ ОБРАЗОВАТЕЛЬНОЕ УЧРЕЖДЕНИЕ ВОРОНЕЖСКОЙ ОБЛАСТИ ""НОВОХОПЁРСКИЙ АГРАРНО-ЭКОНОМИЧЕСКИЙ ТЕХНИКУМ""",профессиональная образовательная организация,3617002959,"397400, ВОРОНЕЖСКАЯ ОБЛАСТЬ, Р-Н НОВОХОПЕРСКИЙ, Г. НОВОХОПЕРСК, УЛ. ЛЕНИНА, Д.42","51.1004332, 41.6245361",действующая,17-12-2025,19-01-2001,361701001,1023600990819,26-11-2002,20227501000,20627101001,02509050,2300223,13,85.21,2014,75201,Государственное автономное учреждение субъекта Российской Федерации,ГАУ,2014,ИСПОЛНЯЮЩИЙ ОБЯЗАННОСТИ ДИРЕКТОРА,Латышова Елена Ивановна,0,головная организация
Новохопёрский,"КОУ ВО ""КРАСНЯНСКАЯ ШКОЛА-ИНТЕРНАТ ДЛЯ ОБУЧАЮЩИХСЯ С ОВЗ""","КАЗЕННОЕ ОБЩЕОБРАЗОВАТЕЛЬНОЕ УЧРЕЖДЕНИЕ ВОРОНЕЖСКОЙ ОБЛАСТИ ""КРАСНЯНСКАЯ ШКОЛА-ИНТЕРНАТ ДЛЯ ОБУЧАЮЩИХСЯ С ОГРАНИЧЕННЫМИ ВОЗМОЖНОСТЯМИ ЗДОРОВЬЯ""",интернат,3617003127,"397411, ВОРОНЕЖСКАЯ ОБЛАСТЬ, Р-Н НОВОХОПЕРСКИЙ, С. КРАСНОЕ, ПЛ. РЕВОЛЮЦИИ, Д.16","51.1703565, 41.4768588",действующая,04-02-2025,28-12-2000,361701001,1023600991600,30-12-2002,20227828001,20627428101,02083088,2300223,13,85.12,2014,75204,Государственное казенное учреждение субъекта Российской Федерации,ГКУ,2014,ДИРЕКТОР,Семкина Ирина Александровна,0,головная организация
Новохопёрский,"КОУВО ""ЕЛАНЬ-КОЛЕНОВСКИЙ ЦППМСП""","КАЗЕННОЕ ОБЩЕОБРАЗОВАТЕЛЬНОЕ УЧРЕЖДЕНИЕ ВОРОНЕЖСКОЙ ОБЛАСТИ ""ЕЛАНЬ-КОЛЕНОВСКИЙ ЦЕНТР ПСИХОЛОГО-ПЕДАГОГИЧЕСКОЙ, МЕДИЦИНСКОЙ И СОЦИАЛЬНОЙ ПОМОЩИ""",интернат,3617002518,"397420, ВОРОНЕЖСКАЯ ОБЛАСТЬ, Р-Н НОВОХОПЁРСКИЙ, С ЕЛАНЬ-КОЛЕНО, УЛ КРАСНЫЙ ОКТЯБРЬ, Д. 86А","51.1485048, 41.231214",действующая,10-10-2025,08-11-2000,361701001,1023600990434,10-11-2002,20227824001,20627424101,02083071,2300223,13,85.13,2014,75204,Государственное казенное учреждение субъекта Российской Федерации,ГКУ,2014,ДИРЕКТОР,Свешникова Светлана Александровна,0,головная организация
Новохопёрский,"МБДОУ ""ДЕТСКИЙ САД №1""","МУНИЦИПАЛЬНОЕ БЮДЖЕТНОЕ ДОШКОЛЬНОЕ ОБРАЗОВАТЕЛЬНОЕ УЧРЕЖДЕНИЕ НОВОХОПЕРСКОГО МУНИЦИПАЛЬНОГО РАЙОНА ВОРОНЕЖСКОЙ ОБЛАСТИ ""ЕЛАНЬ-КОЛЕНОВСКИЙ ДЕТСКИЙ САД ОБЩЕРАЗВИВАЮЩЕГО ВИДА №1""",дошкольное образование,3617006030,"397420, ВОРОНЕЖСКАЯ ОБЛАСТЬ, Р-Н НОВОХОПЁРСКИЙ, С ЕЛАНЬ-КОЛЕНО, УЛ 40 ЛЕТ ОКТЯБРЯ, Д. 53","51.1527725, 41.2269339",действующая,08-05-2025,06-06-2000,361701001,1023600990137,23-10-2002,20227824001,20627424101,56446015,4210007,14,85.11,2014,75403,Муниципальное бюджетное учреждение,МБУ,2014,ЗАВЕДУЮЩИЙ,Глотова Ирина Сергеевна,0,головная организация
Новохопёрский,"МБДОУ ""НОВОХОПЕРСКИЙ ЦЕНТР РАЗВИТИЯ РЕБЕНКА ""ПРИСТАНЬ ДЕТСТВА""","МУНИЦИПАЛЬНОЕ БЮДЖЕТНОЕ ДОШКОЛЬНОЕ ОБРАЗОВАТЕЛЬНОЕ УЧРЕЖДЕНИЕ НОВОХОПЕРСКОГО МУНИЦИПАЛЬНОГО РАЙОНА ВОРОНЕЖСКОЙ ОБЛАСТИ ""НОВОХОПЕРСКИЙ ЦЕНТР РАЗВИТИЯ РЕБЕНКА ""ПРИСТАНЬ ДЕТСТВА""",дошкольное образование,3617008573,"397401, ВОРОНЕЖСКАЯ ОБЛАСТЬ, Р-Н НОВОХОПЕРСКИЙ, Г. НОВОХОПЕРСК, УЛ. СОВЕТСКАЯ, Д. 146","51.089024, 41.599025",действующая,11-01-2025,08-08-2016,361701001,1163668097548,08-08-2016,20227501000,20627101001,03868199,4210007,14,85.11,2014,75403,Муниципальное бюджетное учреждение,МБУ,2014,ДИРЕКТОР,Спесивцева Ирина Владиславовна,0,головная организация
Новохопёрский,"МБОУ ""ЕЛАНЬ - КОЛЕНОВСКАЯ СОШ №2""","МУНИЦИПАЛЬНОЕ БЮДЖЕТНОЕ ОБЩЕОБРАЗОВАТЕЛЬНОЕ УЧРЕЖДЕНИЕ НОВОХОПЕРСКОГО МУНИЦИПАЛЬНОГО РАЙОНА ВОРОНЕЖСКОЙ ОБЛАСТИ ""ЕЛАНЬ - КОЛЕНОВСКАЯ СРЕДНЯЯ ОБЩЕОБРАЗОВАТЕЛЬНАЯ ШКОЛА №2""",общеобразовательная организация,3617006248,"397431, ВОРОНЕЖСКАЯ ОБЛАСТЬ, Р-Н НОВОХОПЕРСКИЙ, РП. ЕЛАНЬ-КОЛЕНОВСКИЙ, УЛ. СВОБОДА, Д.19","51.1636937, 41.1520695",действующая,06-02-2025,28-03-2002,361701001,1023600990093,21-10-2002,20227560000,20627160051,56446707,4210007,14,85.12,2014,75403,Муниципальное бюджетное учреждение,МБУ,2014,ДИРЕКТОР,Осыкина Оксана Павловна,0,головная организация
Новохопёрский,"МБОУ ""НОЦ ""ПРИНЦИПИУМ""","МУНИЦИПАЛЬНОЕ БЮДЖЕТНОЕ ОБЩЕОБРАЗОВАТЕЛЬНОЕ УЧРЕЖДЕНИЕ НОВОХОПЁРСКОГО МУНИЦИПАЛЬНОГО РАЙОНА ВОРОНЕЖСКОЙ ОБЛАСТИ ""НОВОХОПЁРСКИЙ ОБРАЗОВАТЕЛЬНЫЙ ЦЕНТР ""ПРИНЦИПИУМ"" ИМЕНИ ВИКТОРА ТИХОНОВИЧА ПЕТРОВА""",общеобразовательная организация,3604083904,"397401, ВОРОНЕЖСКАЯ ОБЛАСТЬ, М.Р-Н НОВОХОПЁРСКИЙ, Г.П. ГОРОД НОВОХОПЁРСК, Г НОВОХОПЁРСК, УЛ СОВЕТСКАЯ, ЗД. 168","51.087299, 41.595434",действующая,22-10-2025,04-05-2023,360401001,1233600008421,04-05-2023,20227501000,20627101001,55118384,4210007,14,85.14,2014,75403,Муниципальное бюджетное учреждение,МБУ,2014,ДИРЕКТОР,Борисов Виктор Сергеевич,0,головная организация
Новохопёрский,"МБУ ДО ""НДШИ""","МУНИЦИПАЛЬНОЕ БЮДЖЕТНОЕ УЧРЕЖДЕНИЕ ДОПОЛНИТЕЛЬНОГО ОБРАЗОВАНИЯ НОВОХОПЕРСКОГО МУНИЦИПАЛЬНОГО РАЙОНА ВОРОНЕЖСКОЙ ОБЛАСТИ ""НОВОХОПЕРСКАЯ ДЕТСКАЯ ШКОЛА ИСКУССТВ""",организация доп. образования,3617007347,"397400, ВОРОНЕЖСКАЯ ОБЛАСТЬ, М.Р-Н НОВОХОПЁРСКИЙ, Г.П. ГОРОД НОВОХОПЁРСК, Г НОВОХОПЁРСК, УЛ СОВЕТСКАЯ, Д. 25","51.1015095, 41.6312682",действующая,08-05-2025,15-02-2006,361701001,1063629002370,15-02-2006,20227501000,20627101001,94001847,4210007,14,85.41,2014,75403,Муниципальное бюджетное учреждение,МБУ,2014,Директор,Григорьева Любовь Юрьевна,1,головная организация
Новохопёрский,"МБУДО ""ЦДОД""","МУНИЦИПАЛЬНОЕ БЮДЖЕТНОЕ УЧРЕЖДЕНИЕ ДОПОЛНИТЕЛЬНОГО ОБРАЗОВАНИЯ НОВОХОПЕРСКОГО МУНИЦИПАЛЬНОГО РАЙОНА ВОРОНЕЖСКОЙ ОБЛАСТИ ""ЦЕНТР ДОПОЛНИТЕЛЬНОГО ОБРАЗОВАНИЯ ДЕТЕЙ""",организация доп. образования,3617006632,"397401, ВОРОНЕЖСКАЯ ОБЛАСТЬ, М.Р-Н НОВОХОПЁРСКИЙ, Г.П. ГОРОД НОВОХОПЁРСК, Г НОВОХОПЁРСК, УЛ СОВЕТСКАЯ, ЗД. 142","51.0913303, 41.6062227",действующая,02-06-2025,20-12-2002,361701001,1023600991369,20-12-2002,20227501000,20627101001,59564809,4210007,14,85.41,2014,75403,Муниципальное бюджетное учреждение,МБУ,2014,ДИРЕКТОР,Мерненко Анна Викторовна,0,головная организация
Новохопёрский,"МКДОУ ""ДЕТСКИЙ САД ""СОЛНЫШКО"" - ЦППМСП""","МУНИЦИПАЛЬНОЕ КАЗЕННОЕ ДОШКОЛЬНОЕ ОБРАЗОВАТЕЛЬНОЕ УЧРЕЖДЕНИЕ НОВОХОПЕРСКОГО МУНИЦИПАЛЬНОГО РАЙОНА ВОРОНЕЖСКОЙ ОБЛАСТИ ""НОВОХОПЕРСКИЙ ДЕТСКИЙ САД ОБЩЕРАЗВИВАЮЩЕГО ВИДА №3 ""СОЛНЫШКО""-ЦЕНТР ПСИХОЛОГО-ПЕДАГОГИЧЕСКОЙ, МЕДИЦИНСКОЙ И СОЦИАЛЬНОЙ ПОМОЩИ""",дошкольное образование,3617005886,"397400, ВОРОНЕЖСКАЯ ОБЛАСТЬ, Р-Н НОВОХОПЕРСКИЙ, Г. НОВОХОПЕРСК, УЛ. СОВЕТСКАЯ, Д.99","51.097318, 41.618954",действующая,28-01-2026,06-06-2000,361701001,1023600989521,09-09-2002,20227501000,20627101001,56446601,4210007,14,85.11,2014,75404,Муниципальное казенное учреждение,МКУ,2014,ЗАВЕДУЮЩИЙ,Латышова Наталия Васильевна,0,головная организация
Новохопёрский,"МКДОУ ""ЕЛАНЬ-КОЛЕНОВСКИЙ ДЕТСКИЙ САД ОБЩЕРАЗВИВАЮЩЕГО ВИДА ""СВЕТЛЯЧОК""","МУНИЦИПАЛЬНОЕ КАЗЕННОЕ ДОШКОЛЬНОЕ ОБРАЗОВАТЕЛЬНОЕ УЧРЕЖДЕНИЕ НОВОХОПЕРСКОГО МУНИЦИПАЛЬНОГО РАЙОНА ВОРОНЕЖСКОЙ ОБЛАСТИ ""ЕЛАНЬ-КОЛЕНОВСКИЙ ДЕТСКИЙ САД ОБЩЕРАЗВИВАЮЩЕГО ВИДА ""СВЕТЛЯЧОК""",дошкольное образование,3617006640,"397431, ВОРОНЕЖСКАЯ ОБЛАСТЬ, Р-Н НОВОХОПЕРСКИЙ, РП. ЕЛАНЬ-КОЛЕНОВСКИЙ, ПР-КТ КОЛЬЦОВА, Д.14","51.1681032, 41.1491758",действующая,24-06-2025,14-01-2003,361701001,1033690000024,14-01-2003,20227560000,20627160051,59564815,4210007,14,85.11,2014,75404,Муниципальное казенное учреждение,МКУ,2014,ЗАВЕДУЮЩИЙ,Гулакова Елена Анатольевна,0,головная организация
Новохопёрский,"МКДОУ ""КРАСНЯНСКИЙ ДЕТСКИЙ САД""","МУНИЦИПАЛЬНОЕ КАЗЕННОЕ ДОШКОЛЬНОЕ ОБРАЗОВАТЕЛЬНОЕ УЧРЕЖДЕНИЕ НОВОХОПЕРСКОГО МУНИЦИПАЛЬНОГО РАЙОНА ВОРОНЕЖСКОЙ ОБЛАСТИ ""КРАСНЯНСКИЙ ДЕТСКИЙ САД""",дошкольное образование,3617006738,"397411, ВОРОНЕЖСКАЯ ОБЛАСТЬ, Р-Н НОВОХОПЕРСКИЙ, С. КРАСНОЕ, УЛ. ЗАВОДСКАЯ, Д.119, К.Б","51.160752, 41.494553",действующая,08-02-2025,24-06-2003,361701001,1033690000310,24-06-2003,20227828001,20627428101,14359466,4210007,14,85.11,2014,75404,Муниципальное казенное учреждение,МКУ,2014,ЗАВЕДУЮЩАЯ ДЕТСКИМ САДОМ,Шилова Надежда Михайловна,0,головная организация
Новохопёрский,"МКДОУ ""НОВОХОПЕРСКИЙ ДЕТСКИЙ САД ОБЩЕРАЗВИВАЮЩЕГО ВИДА ""ЛАСТОЧКА""","МУНИЦИПАЛЬНОЕ КАЗЕННОЕ ДОШКОЛЬНОЕ ОБРАЗОВАТЕЛЬНОЕ УЧРЕЖДЕНИЕ НОВОХОПЕРСКОГО МУНИЦИПАЛЬНОГО РАЙОНА ВОРОНЕЖСКОЙ ОБЛАСТИ ""НОВОХОПЕРСКИЙ ДЕТСКИЙ САД ОБЩЕРАЗВИВАЮЩЕГО ВИДА ""ЛАСТОЧКА""",дошкольное образование,3617004226,"397440, ВОРОНЕЖСКАЯ ОБЛАСТЬ, Р-Н НОВОХОПЕРСКИЙ, РП. НОВОХОПЁРСКИЙ, ПЛ. ЖЕЛЕЗНОДОРОЖНАЯ, Д.13","51.0812127, 41.5679499",действующая,09-02-2025,12-08-1996,361701001,1023600989994,17-10-2002,20227563000,20627101056,42613751,4210007,14,85.11,2014,75404,Муниципальное казенное учреждение,МКУ,2014,ЗАВЕДУЮЩИЙ,Кончакова Светлана Васильевна,0,головная организация
Новохопёрский,"МКОУ ""АЛФЕРОВСКАЯ ООШ""","МУНИЦИПАЛЬНОЕ КАЗЕННОЕ ОБЩЕОБРАЗОВАТЕЛЬНОЕ УЧРЕЖДЕНИЕ НОВОХОПЕРСКОГО МУНИЦИПАЛЬНОГО РАЙОНА ВОРОНЕЖСКОЙ ОБЛАСТИ ""АЛФЕРОВСКАЯ ОСНОВНАЯ ОБЩЕОБРАЗОВАТЕЛЬНАЯ ШКОЛА""",общеобразовательная организация,3617005967,"397415, ВОРОНЕЖСКАЯ ОБЛАСТЬ, Р-Н НОВОХОПЕРСКИЙ, С. АЛФЁРОВКА, УЛ. ЦЕНТРАЛЬНАЯ, Д.134","51.19643, 41.675212",действующая,03-04-2025,28-03-2002,361701001,1023600990170,25-10-2002,20227501003,20627101111,56445961,4210007,14,85.13,2014,75404,Муниципальное казенное учреждение,МКУ,2014,ДИРЕКТОР,Быценко Светлана Алексеевна,0,головная организация
Новохопёрский,"МКОУ ""БОРОЗДИНОВСКАЯ СОШ""","МУНИЦИПАЛЬНОЕ КАЗЕННОЕ ОБЩЕОБРАЗОВАТЕЛЬНОЕ УЧРЕЖДЕНИЕ НОВОХОПЕРСКОГО МУНИЦИПАЛЬНОГО РАЙОНА ВОРОНЕЖСКОЙ ОБЛАСТИ ""БОРОЗДИНОВСКАЯ СРЕДНЯЯ ОБЩЕОБРАЗОВАТЕЛЬНАЯ ШКОЛА""",общеобразовательная организация,3617006174,"397402, ВОРОНЕЖСКАЯ ОБЛАСТЬ, Р-Н НОВОХОПЁРСКИЙ, П БОРОЗДИНОВСКИЙ, УЛ СПОРТИВНАЯ, ЗД. 7А","51.2077297, 41.3391274",действующая,08-06-2025,28-03-2002,361701001,1023600989708,01-10-2002,20227844003,20627444111,56445984,4210007,14,85.14,2014,75404,Муниципальное казенное учреждение,МКУ,2014,ДИРЕКТОР,Лычагина Светлана Васильевна,0,головная организация
Новохопёрский,"МКОУ ""КАМЕНКА-САДОВСКАЯ ООШ""","МУНИЦИПАЛЬНОЕ КАЗЕННОЕ ОБЩЕОБРАЗОВАТЕЛЬНОЕ УЧРЕЖДЕНИЕ НОВОХОПЕРСКОГО МУНИЦИПАЛЬНОГО РАЙОНА ВОРОНЕЖСКОЙ ОБЛАСТИ ""КАМЕНКА-САДОВСКАЯ ОСНОВНАЯ ОБЩЕОБРАЗОВАТЕЛЬНАЯ ШКОЛА""",общеобразовательная организация,3617006093,"397437, ВОРОНЕЖСКАЯ ОБЛАСТЬ, Р-Н НОВОХОПЕРСКИЙ, С. КАМЕНКА-САДОВКА, УЛ. ОНЫСЮКА, Д.4","51.03068, 41.646442",действующая,04-12-2025,28-03-2002,361701001,1023600990115,22-10-2002,20227501005,20627101121,56445978,4210007,14,85.12,2014,75404,Муниципальное казенное учреждение,МКУ,2014,ДИРЕКТОР,Прохожаева Оксана Владимировна,0,головная организация
Новохопёрский,"МКОУ ""КРАСНЯНСКАЯ СОШ""","МУНИЦИПАЛЬНОЕ КАЗЕННОЕ ОБЩЕОБРАЗОВАТЕЛЬНОЕ УЧРЕЖДЕНИЕ НОВОХОПЕРСКОГО МУНИЦИПАЛЬНОГО РАЙОНА ВОРОНЕЖСКОЙ ОБЛАСТИ ""КРАСНЯНСКАЯ СРЕДНЯЯ ОБЩЕОБРАЗОВАТЕЛЬНАЯ ШКОЛА""",общеобразовательная организация,3617006054,"397411, ВОРОНЕЖСКАЯ ОБЛАСТЬ, М.Р-Н НОВОХОПЁРСКИЙ, С.П. КРАСНЯНСКОЕ, С КРАСНОЕ, ПЛ РЕВОЛЮЦИИ, ЗД. 1А","51.169907, 41.473816",действующая,05-02-2025,28-03-2002,361701001,1023600989720,02-10-2002,20227828001,20627428101,56446676,4210007,14,85.14,2014,75404,Муниципальное казенное учреждение,МКУ,2014,ДИРЕКТОР,Лоскутова Людмила Юрьевна,0,головная организация
Новохопёрский,"МКОУ ""МИХАЙЛОВСКАЯ ООШ""","МУНИЦИПАЛЬНОЕ КАЗЕННОЕ ОБЩЕОБРАЗОВАТЕЛЬНОЕ УЧРЕЖДЕНИЕ НОВОХОПЕРСКОГО МУНИЦИПАЛЬНОГО РАЙОНА ВОРОНЕЖСКОЙ ОБЛАСТИ ""МИХАЙЛОВСКАЯ ОСНОВНАЯ ОБЩЕОБРАЗОВАТЕЛЬНАЯ ШКОЛА""",общеобразовательная организация,3617006336,"397433, ВОРОНЕЖСКАЯ ОБЛАСТЬ, Р-Н НОВОХОПЕРСКИЙ, П. МИХАЙЛОВСКИЙ, УЛ. ЦЕНТРАЛЬНАЯ, Д.83","50.9129803, 41.283026",действующая,05-02-2025,28-03-2002,361701001,1023600990258,29-10-2002,20227832001,20627432101,10604064,4210007,14,85.13,2014,75404,Муниципальное казенное учреждение,МКУ,2014,ДИРЕКТОР,Аврина Елена Ивановна,0,головная организация
Новохопёрский,"МКОУ ""НОВОХОПЕРСКАЯ ООШ""","МУНИЦИПАЛЬНОЕ КАЗЕННОЕ ОБЩЕОБРАЗОВАТЕЛЬНОЕ УЧРЕЖДЕНИЕ НОВОХОПЕРСКОГО МУНИЦИПАЛЬНОГО РАЙОНА ВОРОНЕЖСКОЙ ОБЛАСТИ ""НОВОХОПЕРСКАЯ ОСНОВНАЯ ОБЩЕОБРАЗОВАТЕЛЬНАЯ ШКОЛА""",общеобразовательная организация,3617004177,"397442, ВОРОНЕЖСКАЯ ОБЛАСТЬ, Р-Н НОВОХОПЁРСКИЙ, РП НОВОХОПЁРСКИЙ, УЛ ШОЛОХОВА, ЗД. 59","51.0819623, 41.5442625",действующая,07-02-2025,25-03-1996,361701001,1023600991260,17-12-2002,20227563000,20627101056,42613691,4210007,14,85.13,2014,75404,Муниципальное казенное учреждение,МКУ,2014,ДИРЕКТОР,Салымова Лариса Владимировна,0,головная организация
Новохопёрский,"МКОУ ""ТРОИЦКАЯ СОШ""","МУНИЦИПАЛЬНОЕ КАЗЕННОЕ ОБЩЕОБРАЗОВАТЕЛЬНОЕ УЧРЕЖДЕНИЕ НОВОХОПЕРСКОГО МУНИЦИПАЛЬНОГО РАЙОНА ВОРОНЕЖСКОЙ ОБЛАСТИ ""ТРОИЦКАЯ СРЕДНЯЯ ОБЩЕОБРАЗОВАТЕЛЬНАЯ ШКОЛА""",общеобразовательная организация,3617007900,"397445, ВОРОНЕЖСКАЯ ОБЛАСТЬ, Р-Н НОВОХОПЁРСКИЙ, С ТРОИЦКОЕ, УЛ СОВЕТСКАЯ М., Д. 10","51.2877274, 41.4729847",действующая,05-02-2025,26-08-2008,361701001,1083629000674,26-08-2008,20227874001,20627474101,87964235,4210007,14,85.12,2014,75404,Муниципальное казенное учреждение,МКУ,2014,ДИРЕКТОР,Степина Людмила Дмитриевна,0,головная организация
Новохопёрский,"МКОУ ""ЦЕНТРАЛЬСКАЯ СОШ""","МУНИЦИПАЛЬНОЕ КАЗЕННОЕ ОБЩЕОБРАЗОВАТЕЛЬНОЕ УЧРЕЖДЕНИЕ НОВОХОПЕРСКОГО МУНИЦИПАЛЬНОГО РАЙОНА ВОРОНЕЖСКОЙ ОБЛАСТИ ""ЦЕНТРАЛЬСКАЯ СРЕДНЯЯ ОБЩЕОБРАЗОВАТЕЛЬНАЯ ШКОЛА""",общеобразовательная организация,3617006618,"397404, ВОРОНЕЖСКАЯ ОБЛАСТЬ, Р-Н НОВОХОПЕРСКИЙ, П. ЦЕНТРАЛЬ, ПЕР. ШКОЛЬНЫЙ, Д. 11","50.9171057, 41.3646864",действующая,06-02-2025,28-03-2002,361701001,1023600991370,20-12-2002,20227876001,20627476101,59564790,4210007,14,85.14,2014,75404,Муниципальное казенное учреждение,МКУ,2014,ДИРЕКТОР,Ремпель Яна Вячеславовна,0,головная организация
Новохопёрский,"МКОУ ""ЯРКОВСКАЯ СОШ""","МУНИЦИПАЛЬНОЕ КАЗЕННОЕ ОБЩЕОБРАЗОВАТЕЛЬНОЕ УЧРЕЖДЕНИЕ НОВОХОПЕРСКОГО МУНИЦИПАЛЬНОГО РАЙОНА ВОРОНЕЖСКОЙ ОБЛАСТИ ""ЯРКОВСКАЯ СРЕДНЯЯ ОБЩЕОБРАЗОВАТЕЛЬНАЯ ШКОЛА""",общеобразовательная организация,3617006216,"397425, ВОРОНЕЖСКАЯ ОБЛАСТЬ, Р-Н НОВОХОПЕРСКИЙ, С. ЯРКИ, УЛ. ЦЕНТРАЛЬНАЯ, Д.159А","51.346485, 41.145149",действующая,10-02-2025,28-03-2002,361701001,1023600990270,30-10-2002,20227880001,20627480101,56445955,4210007,14,85.14,2014,75404,Муниципальное казенное учреждение,МКУ,2014,ДИРЕКТОР,Хромова Наталья Юрьевна,0,головная организация
Новохопёрский,"МКУ КСК ""КРИСТАЛЛ""","МУНИЦИПАЛЬНОЕ КАЗЕННОЕ УЧРЕЖДЕНИЕ КУЛЬТУРНО-СПОРТИВНЫЙ КОМПЛЕКС ""КРИСТАЛЛ""",организация доп. образования,3617008319,"397431, ВОРОНЕЖСКАЯ ОБЛАСТЬ, М.Р-Н НОВОХОПЁРСКИЙ, Г.П. ЕЛАНЬ-КОЛЕНОВСКОЕ, РП ЕЛАНЬ-КОЛЕНОВСКИЙ, УЛ ЦЕНТРАЛЬНАЯ, Д. 4Б","51.1688274, 41.1481746",действующая,14-02-2025,13-12-2011,361701001,1113629000737,13-12-2011,20227560000,20627160051,37972910,4210007,14,90.04.3,2014,75404,Муниципальное казенное учреждение,МКУ,2014,ДИРЕКТОР,Калинина Валентина Александровна,0,головная организация
Новохопёрский,"МКУДО ""СЮН""","МУНИЦИПАЛЬНОЕ КАЗЕННОЕ УЧРЕЖДЕНИЕ ДОПОЛНИТЕЛЬНОГО ОБРАЗОВАНИЯ НОВОХОПЕРСКОГО МУНИЦИПАЛЬНОГО РАЙОНА ВОРОНЕЖСКОЙ ОБЛАСТИ ""СТАНЦИЯ ЮНЫХ НАТУРАЛИСТОВ""",организация доп. образования,3617005572,"397401, ВОРОНЕЖСКАЯ ОБЛАСТЬ, М.Р-Н НОВОХОПЁРСКИЙ, Г.П. ГОРОД НОВОХОПЁРСК, Г НОВОХОПЁРСК, УЛ СОВЕТСКАЯ, ЗД. 142","51.0913303, 41.6062227",действующая,07-11-2025,01-02-1998,361701001,1023600990654,21-11-2002,20227501000,20627101001,49750623,4210007,14,85.41,2014,75404,Муниципальное казенное учреждение,МКУ,2014,ДИРЕКТОР,Фишер Анна Евгеньевна,0,головная организация
Новохопёрский,"МОУ ""ЕЛАНЬ-КОЛЕНОВСКАЯ СОШ №1""","МУНИЦИПАЛЬНОЕ ОБЩЕОБРАЗОВАТЕЛЬНОЕ УЧРЕЖДЕНИЕ НОВОХОПЕРСКОГО МУНИЦИПАЛЬНОГО РАЙОНА ВОРОНЕЖСКОЙ ОБЛАСТИ ""ЕЛАНЬ-КОЛЕНОВСКАЯ СРЕДНЯЯ ОБЩЕОБРАЗОВАТЕЛЬНАЯ ШКОЛА № 1""",общеобразовательная организация,3617006110,"397420, ВОРОНЕЖСКАЯ ОБЛАСТЬ, Р-Н НОВОХОПЁРСКИЙ, С ЕЛАНЬ-КОЛЕНО, УЛ ПРОСПЕКТ РЕВОЛЮЦИИ, Д. 10","51.1583129, 41.2287898",действующая,11-06-2025,06-06-2000,361701001,1023600989477,03-09-2002,20227824001,20627424101,54692098,4210007,14,85.14,2014,75403,Муниципальное бюджетное учреждение,МБУ,2014,ДИРЕКТОР,Камерова Елена Алексеевна,0,головная организация
Новохопёрский,"МОУ ""НОВОХОПЕРСКАЯ СОШ № 91""","МУНИЦИПАЛЬНОЕ ОБЩЕОБРАЗОВАТЕЛЬНОЕ УЧРЕЖДЕНИЕ НОВОХОПЕРСКОГО МУНИЦИПАЛЬНОГО РАЙОНА ВОРОНЕЖСКОЙ ОБЛАСТИ ""НОВОХОПЕРСКАЯ СРЕДНЯЯ ОБЩЕОБРАЗОВАТЕЛЬНАЯ ШКОЛА №91""",общеобразовательная организация,3617004120,"397440, ВОРОНЕЖСКАЯ ОБЛАСТЬ, Р-Н НОВОХОПЁРСКИЙ, РП НОВОХОПЁРСКИЙ, УЛ ЖЕЛЕЗНОДОРОЖНАЯ, ЗД. 27","51.0780003, 41.5742227",действующая,06-10-2025,14-02-1996,361701001,1023600991215,15-12-2002,20227563000,20627101056,42613662,4210007,14,85.14,2014,75403,Муниципальное бюджетное учреждение,МБУ,2014,ИСПОЛНЯЮЩИЙ ОБЯЗАННОСТИ ДИРЕКТОРА,Дьяков Юрий Иванович,1,головная организация
Новохопёрский,НОВОХОПЕРСКАЯ ДЮСШ,"МУНИЦИПАЛЬНОЕ КАЗЕННОЕ УЧРЕЖДЕНИЕ ДОПОЛНИТЕЛЬНОГО ОБРАЗОВАНИЯ НОВОХОПЕРСКОГО МУНИЦИПАЛЬНОГО РАЙОНА ВОРОНЕЖСКОЙ ОБЛАСТИ ""ДЕТСКО-ЮНОШЕСКАЯ СПОРТИВНАЯ ШКОЛА""",организация доп. образования,3617006223,"397400, ВОРОНЕЖСКАЯ ОБЛАСТЬ, Р-Н НОВОХОПЕРСКИЙ, Г. НОВОХОПЕРСК, УЛ. СОВЕТСКАЯ, Д.144","51.089251, 41.605988",действующая,04-02-2025,06-06-2000,361701001,1023600990467,12-11-2002,20227501000,20627101001,56456864,4210007,14,85.41.1,2014,75404,Муниципальное казенное учреждение,МКУ,2014,ДИРЕКТОР,Шурыгин Виктор Иванович,0,головная организация
Ольховатский,"МБДОУ ""ДЕТСКИЙ САД ""МИР ЧУДЕС"" - ЦППМСП""","МУНИЦИПАЛЬНОЕ БЮДЖЕТНОЕ ДОШКОЛЬНОЕ ОБРАЗОВАТЕЛЬНОЕ УЧРЕЖДЕНИЕ ""ДЕТСКИЙ САД ""МИР ЧУДЕС"" - ЦЕНТР ПСИХОЛОГО-ПЕДАГОГИЧЕСКОЙ, МЕДИЦИНСКОЙ И СОЦИАЛЬНОЙ ПОМОЩИ ОЛЬХОВАТСКОГО МУНИЦИПАЛЬНОГО РАЙОНА ВОРОНЕЖСКОЙ ОБЛАСТИ""",дошкольное образование,3618004050,"396685, ВОРОНЕЖСКАЯ ОБЛАСТЬ, М.Р-Н ОЛЬХОВАТСКИЙ, Г.П. ОЛЬХОВАТСКОЕ, П БОЛЬШИЕ БАЗЫ, УЛ ШКОЛЬНАЯ, ЗД. 15А","50.2710118, 39.2863315",действующая,20-02-2026,11-06-2003,361801001,1033664507931,11-06-2003,20229551002,20629151111,14964428,4210007,14,85.11,2014,75403,Муниципальное бюджетное учреждение,МБУ,2014,ЗАВЕДУЮЩАЯ,Байка Инна Владимировна,1,головная организация
Ольховатский,МБОУ ЗАБОЛОТОВСКАЯ СОШ,МУНИЦИПАЛЬНОЕ БЮДЖЕТНОЕ ОБЩЕОБРАЗОВАТЕЛЬНОЕ УЧРЕЖДЕНИЕ ЗАБОЛОТОВСКАЯ СРЕДНЯЯ ОБЩЕОБРАЗОВАТЕЛЬНАЯ ШКОЛА,общеобразовательная организация,3618002648,"396691, ВОРОНЕЖСКАЯ ОБЛАСТЬ, М.Р-Н ОЛЬХОВАТСКИЙ, Г.П. ОЛЬХОВАТСКОЕ, П ЗАБОЛОТОВКА, УЛ ЗЕЛЕНАЯ, ЗД. 15","50.2814097, 39.3178499",действующая,08-02-2025,05-11-2001,361801001,1023601232808,25-10-2002,20229806001,20629151121,35837711,4210007,14,85.14,2014,75403,Муниципальное бюджетное учреждение,МБУ,2014,ДИРЕКТОР,Яковенко Светлана Анатольевна,0,головная организация
Ольховатский,МБОУ ОЛЬХОВАТСКАЯ СОШ,МУНИЦИПАЛЬНОЕ БЮДЖЕТНОЕ ОБЩЕОБРАЗОВАТЕЛЬНОЕ УЧРЕЖДЕНИЕ ОЛЬХОВАТСКАЯ СРЕДНЯЯ ОБЩЕОБРАЗОВАТЕЛЬНАЯ ШКОЛА,общеобразовательная организация,3618002341,"396670, ВОРОНЕЖСКАЯ ОБЛАСТЬ, М.Р-Н ОЛЬХОВАТСКИЙ, Г.П. ОЛЬХОВАТСКОЕ, РП ОЛЬХОВАТКА, УЛ ОКТЯБРЬСКАЯ, ЗД. 56","50.276748, 39.30416",действующая,12-01-2026,05-11-2001,361801001,1023601232863,25-10-2002,20229551000,20629151051,35837680,4210007,14,85.14,2014,75403,Муниципальное бюджетное учреждение,МБУ,2014,ДИРЕКТОР,Моргун Олег Васильевич,1,головная организация
Ольховатский,МБУ ДО ОЛЬХОВАТСКАЯ ДЮСШ,МУНИЦИПАЛЬНОЕ БЮДЖЕТНОЕ УЧРЕЖДЕНИЕ ДОПОЛНИТЕЛЬНОГО ОБРАЗОВАНИЯ ОЛЬХОВАТСКАЯ ДЕТСКО-ЮНОШЕСКАЯ СПОРТИВНАЯ ШКОЛА,организация доп. образования,3618003338,"396691, ВОРОНЕЖСКАЯ ОБЛАСТЬ, М.Р-Н ОЛЬХОВАТСКИЙ, Г.П. ОЛЬХОВАТСКОЕ, П ЗАБОЛОТОВКА, УЛ ЗВЕЗДНАЯ, ЗД. 2А","50.2848613, 39.3270986",действующая,12-01-2026,19-08-1999,361801001,1023601233083,29-10-2002,20229806001,20629151121,49746142,4210007,14,93.19,2014,75403,Муниципальное бюджетное учреждение,МБУ,2014,Директор,Кальченко Владимир Ильич,0,головная организация
Ольховатский,"МКДОУ ДЕТСКИЙ САД ""ТЕРЕМОК""","МУНИЦИПАЛЬНОЕ КАЗЕННОЕ ДОШКОЛЬНОЕ ОБРАЗОВАТЕЛЬНОЕ УЧРЕЖДЕНИЕ ДЕТСКИЙ САД ОБЩЕРАЗВИВАЮЩЕГО ВИДА ""ТЕРЕМОК""",дошкольное образование,3618002729,"396691, ВОРОНЕЖСКАЯ ОБЛАСТЬ, М.Р-Н ОЛЬХОВАТСКИЙ, Г.П. ОЛЬХОВАТСКОЕ, П ЗАБОЛОТОВКА, УЛ МАЯКОВСКОГО, ЗД. 2","50.2823919, 39.3197725",действующая,03-09-2025,14-12-2001,361801001,1023601233050,29-10-2002,20229551004,20629151121,41206104,4210007,14,85.11,2014,75404,Муниципальное казенное учреждение,МКУ,2014,ЗАВЕДУЮЩИЙ,Водопьянова Наталья Сергеевна,0,головная организация
Ольховатский,"МКДОУ ОЛЬХОВАТСКИЙ ДЕТСКИЙ САД ""СКАЗКА""","МУНИЦИПАЛЬНОЕ КАЗЕННОЕ ДОШКОЛЬНОЕ ОБРАЗОВАТЕЛЬНОЕ УЧРЕЖДЕНИЕ ОЛЬХОВАТСКИЙ ДЕТСКИЙ САД ОБЩЕРАЗВИВАЮЩЕГО ВИДА ""СКАЗКА""",дошкольное образование,3618002662,"396670, ВОРОНЕЖСКАЯ ОБЛАСТЬ, М.Р-Н ОЛЬХОВАТСКИЙ, Г.П. ОЛЬХОВАТСКОЕ, РП ОЛЬХОВАТКА, УЛ ПРОЛЕТАРСКАЯ, ЗД. 8","50.2821931, 39.3013338",действующая,08-08-2025,14-12-2001,361801001,1023601233028,29-10-2002,20229551000,20629151051,41206038,4210007,14,85.11,2014,75404,Муниципальное казенное учреждение,МКУ,2014,ЗАВЕДУЮЩИЙ,Ситник Наталья Геннадьевна,0,головная организация
Ольховатский,МКОУ БАЗОВСКАЯ СОШ,МУНИЦИПАЛЬНОЕ КАЗЕННОЕ ОБЩЕОБРАЗОВАТЕЛЬНОЕ УЧРЕЖДЕНИЕ БАЗОВСКАЯ СРЕДНЯЯ ОБЩЕОБРАЗОВАТЕЛЬНАЯ ШКОЛА,общеобразовательная организация,3618002743,"396685, ВОРОНЕЖСКАЯ ОБЛАСТЬ, М.Р-Н ОЛЬХОВАТСКИЙ, Г.П. ОЛЬХОВАТСКОЕ, П БОЛЬШИЕ БАЗЫ, УЛ ШКОЛЬНАЯ, ЗД. 11","50.2700098, 39.2874605",действующая,10-02-2025,05-11-2001,361801001,1023601232786,25-10-2002,20229804001,20629151111,41206363,4210007,14,85.14,2014,75404,Муниципальное казенное учреждение,МКУ,2014,ДИРЕКТОР,Колесник Андрей Николаевич,0,головная организация
Ольховатский,МКОУ БУГАЁВСКАЯ ООШ,МУНИЦИПАЛЬНОЕ КАЗЕННОЕ ОБЩЕОБРАЗОВАТЕЛЬНОЕ УЧРЕЖДЕНИЕ БУГАЁВСКАЯ ОСНОВНАЯ ОБЩЕОБРАЗОВАТЕЛЬНАЯ ШКОЛА,общеобразовательная организация,3618002359,"396670, ВОРОНЕЖСКАЯ ОБЛАСТЬ, Р-Н ОЛЬХОВАТСКИЙ, П. БУГАЕВКА, УЛ. ПОБЕДЫ, Д. 38","50.2954554, 39.3125026",действующая,10-02-2025,05-11-2001,361801001,1023601232918,25-10-2002,20229806002,20629151126,35837705,4210007,14,85.13,2014,75404,Муниципальное казенное учреждение,МКУ,2014,ДИРЕКТОР ШКОЛЫ,Левинсон Наталья Владимировна,0,головная организация
Ольховатский,МКОУ ДРОЗДОВСКАЯ СОШ,МУНИЦИПАЛЬНОЕ КАЗЕННОЕ ОБЩЕОБРАЗОВАТЕЛЬНОЕ УЧРЕЖДЕНИЕ ДРОЗДОВСКАЯ СРЕДНЯЯ ОБЩЕОБРАЗОВАТЕЛЬНАЯ ШКОЛА ОЛЬХОВАТСКОГО МУНИЦИПАЛЬНОГО РАЙОНА ВОРОНЕЖСКОЙ ОБЛАСТИ,общеобразовательная организация,3618002616,"396677, ВОРОНЕЖСКАЯ ОБЛАСТЬ, М.Р-Н ОЛЬХОВАТСКИЙ, С.П. ЛИСИЧАНСКОЕ, Х ДРОЗДОВО, УЛ ЛЕНИНА, ЗД. 7, ПОМЕЩ. 1","50.3338523, 39.3928262",действующая,02-10-2025,05-11-2001,361801001,1023601232797,25-10-2002,20229820001,20629420101,41206009,4210007,14,85.14,2014,75404,Муниципальное казенное учреждение,МКУ,2014,ДИРЕКТОР,Савченко Александр Николаевич,0,головная организация
Ольховатский,МКОУ КАРАЯШНИКОВСКАЯ СОШ,МУНИЦИПАЛЬНОЕ КАЗЕННОЕ ОБЩЕОБРАЗОВАТЕЛЬНОЕ УЧРЕЖДЕНИЕ КАРАЯШНИКОВСКАЯ СРЕДНЯЯ ОБЩЕОБРАЗОВАТЕЛЬНАЯ ШКОЛА,общеобразовательная организация,3618002630,"396673, ВОРОНЕЖСКАЯ ОБЛАСТЬ, М.Р-Н ОЛЬХОВАТСКИЙ, С.П. КАРАЯШНИКОВСКОЕ, СЛ КАРАЯШНИК, УЛ ШКОЛЬНАЯ, ЗД. 18","50.4231689, 39.2081097",действующая,01-05-2025,05-11-2001,361801001,1023601232819,25-10-2002,20229808001,20629408101,41206067,4210007,14,85.14,2014,75404,Муниципальное казенное учреждение,МКУ,2014,Директор,Яковенко Андрей Васильевич,1,головная организация
Ольховатский,МКОУ МАРЧЕНКОВСКАЯ ООШ,МУНИЦИПАЛЬНОЕ КАЗЕННОЕ ОБЩЕОБРАЗОВАТЕЛЬНОЕ УЧРЕЖДЕНИЕ МАРЧЕНКОВСКАЯ ОСНОВНАЯ ОБЩЕОБРАЗОВАТЕЛЬНАЯ ШКОЛА,общеобразовательная организация,3618002750,"396684, ВОРОНЕЖСКАЯ ОБЛАСТЬ, М.Р-Н ОЛЬХОВАТСКИЙ, С.П. МАРЬЕВСКОЕ, СЛ МАРЧЕНКОВКА, УЛ МИЧУРИНА, ЗД. 43, ПОМЕЩ. 1","50.2730195, 39.2227008",действующая,10-08-2025,05-11-2001,361801001,1023601232940,25-10-2002,20229824013,20629424151,41206050,4210007,14,85.13,2014,75404,Муниципальное казенное учреждение,МКУ,2014,ДИРЕКТОР,Черевко Наталья Владимировна,0,головная организация
Ольховатский,МКОУ МАРЬЕВСКАЯ СОШ,МУНИЦИПАЛЬНОЕ КАЗЕННОЕ ОБЩЕОБРАЗОВАТЕЛЬНОЕ УЧРЕЖДЕНИЕ МАРЬЕВСКАЯ СРЕДНЯЯ ОБЩЕОБРАЗОВАТЕЛЬНАЯ ШКОЛА,общеобразовательная организация,3618002782,"396682, ВОРОНЕЖСКАЯ ОБЛАСТЬ, М.Р-Н ОЛЬХОВАТСКИЙ, С.П. МАРЬЕВСКОЕ, СЛ МАРЬЕВКА, УЛ ШКОЛЬНАЯ, ЗД. 211","50.3068603, 39.1536519",действующая,20-05-2025,05-11-2001,361801001,1023601232820,25-10-2002,20229824001,20629424101,41206371,4210007,14,85.14,2014,75404,Муниципальное казенное учреждение,МКУ,2014,ДИРЕКТОР,Клепиков Андрей Валентинович,1,головная организация
Ольховатский,МКОУ НОВОХАРЬКОВСКАЯ СОШ,МУНИЦИПАЛЬНОЕ КАЗЕННОЕ ОБЩЕОБРАЗОВАТЕЛЬНОЕ УЧРЕЖДЕНИЕ НОВОХАРЬКОВСКАЯ СРЕДНЯЯ ОБЩЕОБРАЗОВАТЕЛЬНАЯ ШКОЛА,общеобразовательная организация,3618002599,"396692, ВОРОНЕЖСКАЯ ОБЛАСТЬ, М.Р-Н ОЛЬХОВАТСКИЙ, С.П. НОВОХАРЬКОВСКОЕ, СЛ НОВОХАРЬКОВКА, УЛ ОКТЯБРЬСКАЯ, ЗД. 162А","50.3731366, 39.2667442",действующая,30-09-2025,05-11-2001,361801001,1023601232830,25-10-2002,20229828001,20629428101,35837674,4210007,14,85.14,2014,75404,Муниципальное казенное учреждение,МКУ,2014,ДИРЕКТОР ШКОЛЫ,Мартыненко Николай Николаевич,0,головная организация
Ольховатский,МКОУ ШАПОШНИКОВСКАЯ СОШ,МУНИЦИПАЛЬНОЕ КАЗЕННОЕ ОБЩЕОБРАЗОВАТЕЛЬНОЕ УЧРЕЖДЕНИЕ ШАПОШНИКОВСКАЯ СРЕДНЯЯ ОБЩЕОБРАЗОВАТЕЛЬНАЯ ШКОЛА,общеобразовательная организация,3618002670,"396679, ВОРОНЕЖСКАЯ ОБЛАСТЬ, М.Р-Н ОЛЬХОВАТСКИЙ, С.П. ШАПОШНИКОВСКОЕ, СЛ ШАПОШНИКОВКА, УЛ ШКОЛЬНАЯ, ЗД. 67, ПОМЕЩ. 1","50.240896, 39.3600402",действующая,10-08-2025,05-11-2001,361801001,1023601232907,25-10-2002,20229836001,20629436101,41206073,4210007,14,85.14,2014,75404,Муниципальное казенное учреждение,МКУ,2014,ДИРЕКТОР,Донченко Наталья Валериевна,0,головная организация
Ольховатский,МКОУ ЮРАСОВСКАЯ ООШ,МУНИЦИПАЛЬНОЕ КАЗЕННОЕ ОБЩЕОБРАЗОВАТЕЛЬНОЕ УЧРЕЖДЕНИЕ ЮРАСОВСКАЯ ОСНОВНАЯ ОБЩЕОБРАЗОВАТЕЛЬНАЯ ШКОЛА,общеобразовательная организация,3618002687,"396674, ВОРОНЕЖСКАЯ ОБЛАСТЬ, М.Р-Н ОЛЬХОВАТСКИЙ, С.П. КАРАЯШНИКОВСКОЕ, СЛ ЮРАСОВКА, ПЛ ПОБЕДЫ, ЗД. 18","50.4901888, 39.1841059",действующая,30-09-2025,05-11-2001,361801001,1023601233006,28-10-2002,20229840001,20629408136,41206088,4210007,14,85.13,2014,75404,Муниципальное казенное учреждение,МКУ,2014,ДИРЕКТОР,Ерёмина Нина Васильевна,0,головная организация
Ольховатский,"МКУ ДО ДЦ ""РАЗВИТИЕ""","МУНИЦИПАЛЬНОЕ КАЗЁННОЕ УЧРЕЖДЕНИЕ ДОПОЛНИТЕЛЬНОГО ОБРАЗОВАНИЯ ДЕТСКИЙ ЦЕНТР ""РАЗВИТИЕ""",организация доп. образования,3618002775,"396670, ВОРОНЕЖСКАЯ ОБЛАСТЬ, М.Р-Н ОЛЬХОВАТСКИЙ, Г.П. ОЛЬХОВАТСКОЕ, РП ОЛЬХОВАТКА, УЛ НИКИТИНА, ЗД. 24","50.2868487, 39.2803354",действующая,06-02-2025,16-06-1995,361801001,1023601233061,29-10-2002,20229551000,20629151051,41206133,4210007,14,85.41,2014,75404,Муниципальное казенное учреждение,МКУ,2014,ДИРЕКТОР,Хижнякова Нина Вячеславовна,0,головная организация
Ольховатский,ОТДЕЛ ОБРАЗОВАНИЯ АДМИНИСТРАЦИИ ОЛЬХОВАТСКОГО МУНИЦИПАЛЬНОГО РАЙОНА,ОТДЕЛ ОБРАЗОВАНИЯ АДМИНИСТРАЦИИ ОЛЬХОВАТСКОГО МУНИЦИПАЛЬНОГО РАЙОНА ВОРОНЕЖСКОЙ ОБЛАСТИ,отдел,3618001556,"396685, ВОРОНЕЖСКАЯ ОБЛАСТЬ, Р-Н ОЛЬХОВАТСКИЙ, П. БОЛЬШИЕ БАЗЫ, УЛ. ШКОЛЬНАЯ, Д. 9, ПОМЕЩ. 5","50.2690669, 39.2884168",действующая,12-01-2026,18-11-1992,361801001,1023601232775,25-10-2002,20229551002,20629151111,02104778,3300100,14,84.11.3,2014,75404,Муниципальное казенное учреждение,МКУ,2014,Руководитель,Буряк Александр Петрович,0,головная организация
Острогожский,"БПОУ ВО ""ОСТРОГОЖСКИЙ МЕДИЦИНСКИЙ КОЛЛЕДЖ""","БЮДЖЕТНОЕ ПРОФЕССИОНАЛЬНОЕ ОБРАЗОВАТЕЛЬНОЕ УЧРЕЖДЕНИЕ ВОРОНЕЖСКОЙ ОБЛАСТИ ""ОСТРОГОЖСКИЙ МЕДИЦИНСКИЙ КОЛЛЕДЖ""",профессиональная образовательная организация,3619002979,"397855, ВОРОНЕЖСКАЯ ОБЛАСТЬ, Р-Н ОСТРОГОЖСКИЙ, Г ОСТРОГОЖСК, УЛ НАРСКОГО, ЗД. 17","50.8595373, 39.0746851",действующая,11-02-2025,27-05-1996,361901001,1023601035754,26-12-2002,20231501000,20631101001,01964361,2300229,13,85.21,2014,75203,Государственное бюджетное учреждение субъекта Российской Федерации,ГБУ,2014,ДИРЕКТОР,Борисов Николай Федорович,0,головная организация
Острогожский,"ГБПОУ ВО ""ОСТРОГОЖСКИЙ МНОГОПРОФИЛЬНЫЙ ТЕХНИКУМ""","ГОСУДАРСТВЕННОЕ БЮДЖЕТНОЕ ПРОФЕССИОНАЛЬНОЕ ОБРАЗОВАТЕЛЬНОЕ УЧРЕЖДЕНИЕ ВОРОНЕЖСКОЙ ОБЛАСТИ ""ОСТРОГОЖСКИЙ МНОГОПРОФИЛЬНЫЙ ТЕХНИКУМ""",профессиональная образовательная организация,3619000499,"397855, ВОРОНЕЖСКАЯ ОБЛАСТЬ, Р-Н ОСТРОГОЖСКИЙ, Г ОСТРОГОЖСК, УЛ КОММУНАРОВ, ЗД. 29","50.8553464, 39.0747655",действующая,29-07-2025,01-04-1996,361901001,1023601033488,13-11-2002,20231501000,20631101001,00666199,2300223,13,85.21,2014,75203,Государственное бюджетное учреждение субъекта Российской Федерации,ГБУ,2014,ДИРЕКТОР,Редина Ольга Викторовна,0,головная организация
Острогожский,"КОУ ВО ""ОСТРОГОЖСКАЯ ШКОЛА-ИНТЕРНАТ ДЛЯ ОБУЧАЮЩИХСЯ С ОВЗ""","КАЗЕННОЕ ОБЩЕОБРАЗОВАТЕЛЬНОЕ УЧРЕЖДЕНИЕ ВОРОНЕЖСКОЙ ОБЛАСТИ ""ОСТРОГОЖСКАЯ ШКОЛА-ИНТЕРНАТ ДЛЯ ОБУЧАЮЩИХСЯ С ОГРАНИЧЕННЫМИ ВОЗМОЖНОСТЯМИ ЗДОРОВЬЯ""",интернат,3619002930,"397855, ВОРОНЕЖСКАЯ ОБЛАСТЬ, Р-Н ОСТРОГОЖСКИЙ, Г ОСТРОГОЖСК, УЛ КОМСОМОЛЬСКАЯ, ЗД. 51","50.8609395, 39.0693674",действующая,08-02-2026,24-08-2000,361901001,1023601033950,20-11-2002,20231501000,20631101001,01508278,2300223,13,85.12,2014,75204,Государственное казенное учреждение субъекта Российской Федерации,ГКУ,2014,ДИРЕКТОР,Шумаева Ольга Николаевна,0,головная организация
Острогожский,МКДОУ ДЕТСКИЙ САД № 15,МУНИЦИПАЛЬНОЕ КАЗЁННОЕ ДОШКОЛЬНОЕ ОБРАЗОВАТЕЛЬНОЕ УЧРЕЖДЕНИЕ ДЕТСКИЙ САД № 15,дошкольное образование,3619006525,"397855, ВОРОНЕЖСКАЯ ОБЛАСТЬ, Р-Н ОСТРОГОЖСКИЙ, Г ОСТРОГОЖСК, УЛ КАРЛА МАРКСА, ЗД. 33Г","50.866439, 39.075242",действующая,26-03-2025,05-06-2000,361901001,1023601033279,06-11-2002,20231501000,20631101001,54693117,4210007,14,85.11,2014,75404,Муниципальное казенное учреждение,МКУ,2014,ЗАВЕДУЮЩИЙ,Дыхнова Татьяна Алексеевна,0,головная организация
Острогожский,МКДОУ ДЕТСКИЙ САД № 8,МУНИЦИПАЛЬНОЕ КАЗЁННОЕ ДОШКОЛЬНОЕ ОБРАЗОВАТЕЛЬНОЕ УЧРЕЖДЕНИЕ ДЕТСКИЙ САД № 8,дошкольное образование,3619006282,"397853, ВОРОНЕЖСКАЯ ОБЛАСТЬ, М.Р-Н ОСТРОГОЖСКИЙ, Г.П. ГОРОД ОСТРОГОЖСК, Г ОСТРОГОЖСК, УЛ ОКТЯБРЬСКАЯ, Д. 146А","50.8656835, 39.0716008",действующая,26-03-2025,05-06-2000,361901001,1023601032146,21-10-2002,20231501000,20631101001,54693011,4210007,14,85.11,2014,75404,Муниципальное казенное учреждение,МКУ,2014,Заведующая,Спиридонова Светлана Владимировна,0,головная организация
Острогожский,МКОУ ВЕРЕТЬЕВСКАЯ СОШ,МУНИЦИПАЛЬНОЕ КАЗЁННОЕ ОБЩЕОБРАЗОВАТЕЛЬНОЕ УЧРЕЖДЕНИЕ ВЕРЕТЬЕВСКАЯ СРЕДНЯЯ ОБЩЕОБРАЗОВАТЕЛЬНАЯ ШКОЛА,общеобразовательная организация,3619006349,"397842, ВОРОНЕЖСКАЯ ОБЛАСТЬ, Р-Н ОСТРОГОЖСКИЙ, С ВЕРЕТЬЕ, УЛ ЦЕНТРАЛЬНАЯ, ЗД. 74","50.7805049, 38.8837755",действующая,28-12-2025,29-12-2001,361901001,1023601032377,23-10-2002,20231812001,20631412101,54693666,4210007,14,85.14,2014,75404,Муниципальное казенное учреждение,МКУ,2014,ДИРЕКТОР,Конищева Любовь Ивановна,0,головная организация
Острогожский,МКОУ ВОЛОШИНСКАЯ ООШ,МУНИЦИПАЛЬНОЕ КАЗЁННОЕ ОБЩЕОБРАЗОВАТЕЛЬНОЕ УЧРЕЖДЕНИЕ ВОЛОШИНСКАЯ ОСНОВНАЯ ОБЩЕОБРАЗОВАТЕЛЬНАЯ ШКОЛА,общеобразовательная организация,3619006437,"397806, ВОРОНЕЖСКАЯ ОБЛАСТЬ, Р-Н ОСТРОГОЖСКИЙ, С ВОЛОШИНО, УЛ ОКТЯБРЬСКОЙ РЕВОЛЮЦИИ, ЗД. 1В","50.874908, 38.939264",действующая,08-02-2025,30-05-2000,361901001,1023601032905,31-10-2002,20231501002,20631101106,54693755,4210007,14,85.13,2014,75404,Муниципальное казенное учреждение,МКУ,2014,ДИРЕКТОР,Крюкова Оксана Александровна,0,головная организация
Острогожский,МКОУ ГНИЛОВСКАЯ ООШ,МУНИЦИПАЛЬНОЕ КАЗЁННОЕ ОБЩЕОБРАЗОВАТЕЛЬНОЕ УЧРЕЖДЕНИЕ ГНИЛОВСКАЯ ОСНОВНАЯ ОБЩЕОБРАЗОВАТЕЛЬНАЯ ШКОЛА,общеобразовательная организация,3619006476,"397830, ВОРОНЕЖСКАЯ ОБЛАСТЬ, Р-Н ОСТРОГОЖСКИЙ, С ГНИЛОЕ, УЛ ШКОЛЬНАЯ, Д. 48","50.814781, 39.066124",действующая,24-08-2025,23-05-2000,361901001,1023601032399,23-10-2002,20231820001,20631420101,54693695,4210007,14,85.13,2014,75404,Муниципальное казенное учреждение,МКУ,2014,ДИРЕКТОР,Просвирина Наталья Ивановна,0,головная организация
Острогожский,МКОУ ДЕВИЦКАЯ ООШ,МУНИЦИПАЛЬНОЕ КАЗЁННОЕ ОБЩЕОБРАЗОВАТЕЛЬНОЕ УЧРЕЖДЕНИЕ ДЕВИЦКАЯ ОСНОВНАЯ ОБЩЕОБРАЗОВАТЕЛЬНАЯ ШКОЛА,общеобразовательная организация,3619006490,"397815, ВОРОНЕЖСКАЯ ОБЛАСТЬ, Р-Н ОСТРОГОЖСКИЙ, С. ДЕВИЦА, УЛ. ЛЕНИНА, Д.1А","51.076291, 39.1169262",действующая,12-02-2025,04-01-2002,361901001,1023601032234,22-10-2002,20231828001,20631428101,54693784,4210007,14,85.13,2014,75404,Муниципальное казенное учреждение,МКУ,2014,ДИРЕКТОР,Кутузова Наталья Николаевна,0,головная организация
Острогожский,МКОУ КОПАНИЩЕНСКАЯ ООШ,МУНИЦИПАЛЬНОЕ КАЗЁННОЕ ОБЩЕОБРАЗОВАТЕЛЬНОЕ УЧРЕЖДЕНИЕ КОПАНИЩЕНСКАЯ ОСНОВНАЯ ОБЩЕОБРАЗОВАТЕЛЬНАЯ ШКОЛА,общеобразовательная организация,3619006395,"397840, ВОРОНЕЖСКАЯ ОБЛАСТЬ, Р-Н ОСТРОГОЖСКИЙ, П. ЛУКИ, УЛ. ШКОЛЬНАЯ, Д. 1","50.9330334, 39.2367825",действующая,07-02-2025,23-05-2000,361901001,1023601032201,21-10-2002,20231848006,20631448126,54693198,4210007,14,85.13,2014,75404,Муниципальное казенное учреждение,МКУ,2014,ДИРЕКТОР,Полумиско Людмила Ивановна,0,головная организация
Острогожский,МКОУ КОРОТОЯКСКАЯ СОШ,МУНИЦИПАЛЬНОЕ КАЗЁННОЕ ОБЩЕОБРАЗОВАТЕЛЬНОЕ УЧРЕЖДЕНИЕ КОРОТОЯКСКАЯ СРЕДНЯЯ ОБЩЕОБРАЗОВАТЕЛЬНАЯ ШКОЛА,общеобразовательная организация,3619006155,"397813, ВОРОНЕЖСКАЯ ОБЛАСТЬ, Р-Н ОСТРОГОЖСКИЙ, С КОРОТОЯК, УЛ ЛЕНИНА, ЗД. 2","50.9866009, 39.1888086",действующая,21-04-2025,23-05-2000,361901001,1023601033060,05-11-2002,20231840001,20631440101,54693689,4210007,14,85.14,2014,75404,Муниципальное казенное учреждение,МКУ,2014,ДИРЕКТОР МКОУ КОРОТОЯКСКОЙ СОШ,Шматова Екатерина Васильевна,0,головная организация
Острогожский,МКОУ НИЖНЕОЛЬШАНСКАЯ СОШ,МУНИЦИПАЛЬНОЕ КАЗЁННОЕ ОБЩЕОБРАЗОВАТЕЛЬНОЕ УЧРЕЖДЕНИЕ НИЖНЕОЛЬШАНСКАЯ СРЕДНЯЯ ОБЩЕОБРАЗОВАТЕЛЬНАЯ ШКОЛА,общеобразовательная организация,3619006363,"397810, ВОРОНЕЖСКАЯ ОБЛАСТЬ, Р-Н ОСТРОГОЖСКИЙ, С. НИЖНИЙ ОЛЬШАН, УЛ. ПОЧТОВАЯ, Д.13","50.756821, 38.921181",действующая,02-02-2025,23-05-2000,361901001,1023601033334,10-11-2002,20231856001,20631456101,54693071,4210007,14,85.14,2014,75404,Муниципальное казенное учреждение,МКУ,2014,ДИРЕКТОР,Карнаухова Елена Васильевна,0,головная организация
Острогожский,МКОУ ПЕТРЕНКОВСКАЯ ООШ,МУНИЦИПАЛЬНОЕ КАЗЁННОЕ ОБЩЕОБРАЗОВАТЕЛЬНОЕ УЧРЕЖДЕНИЕ ПЕТРЕНКОВСКАЯ ОСНОВНАЯ ОБЩЕОБРАЗОВАТЕЛЬНАЯ ШКОЛА,общеобразовательная организация,3619006211,"397835, ВОРОНЕЖСКАЯ ОБЛАСТЬ, Р-Н ОСТРОГОЖСКИЙ, С. ПЕТРЕНКОВО, УЛ. МИРА, Д.33А","50.7896014, 39.1310586",действующая,02-02-2025,23-05-2000,361901001,1023601032180,21-10-2002,20231860001,20631460101,54693063,4210007,14,85.13,2014,75404,Муниципальное казенное учреждение,МКУ,2014,ДИРЕКТОР,Шмытко Надежда Петровна,0,головная организация
Острогожский,МКОУ ПЕТРОПАВЛОВСКАЯ СОШ,МУНИЦИПАЛЬНОЕ КАЗЁННОЕ ОБЩЕОБРАЗОВАТЕЛЬНОЕ УЧРЕЖДЕНИЕ ПЕТРОПАВЛОВСКАЯ СРЕДНЯЯ ОБЩЕОБРАЗОВАТЕЛЬНАЯ ШКОЛА,общеобразовательная организация,3619006331,"397814, ВОРОНЕЖСКАЯ ОБЛАСТЬ, Р-Н ОСТРОГОЖСКИЙ, С ПЕТРОПАВЛОВКА, УЛ ПРОЛЕТАРСКАЯ, Д. 76","51.0029549, 39.2038613",действующая,22-08-2025,17-12-2001,361901001,1023601033620,13-11-2002,20231864001,20631464101,56460995,4210007,14,85.14,2014,75404,Муниципальное казенное учреждение,МКУ,2014,ИСПОЛНЯЮЩИЙ ОБЯЗАННОСТИ ДИРЕКТОРА,Любуцина Ирина Фархадьевна,0,головная организация
Острогожский,МКОУ ПОБЕДИНСКАЯ ООШ,МУНИЦИПАЛЬНОЕ КАЗЁННОЕ ОБЩЕОБРАЗОВАТЕЛЬНОЕ УЧРЕЖДЕНИЕ ПОБЕДИНСКАЯ ОСНОВНАЯ ОБЩЕОБРАЗОВАТЕЛЬНАЯ ШКОЛА,общеобразовательная организация,3619011596,"397837, ВОРОНЕЖСКАЯ ОБЛАСТЬ, Р-Н ОСТРОГОЖСКИЙ, П 1-ГО ОТДЕЛЕНИЯ СОВХОЗА ""ПОБЕДА"", УЛ ШКОЛЬНАЯ, Д. 15","50.8395988, 39.1031139",действующая,07-02-2025,20-09-2012,361901001,1123619000559,20-09-2012,20231820005,20631420126,54694772,4210007,14,85.13,2014,75404,Муниципальное казенное учреждение,МКУ,2014,ДИРЕКТОР,Медведева Надежда Алексеевна,0,головная организация
Острогожский,МКОУ ПОКРОВСКАЯ СОШ,МУНИЦИПАЛЬНОЕ КАЗЁННОЕ ОБЩЕОБРАЗОВАТЕЛЬНОЕ УЧРЕЖДЕНИЕ ПОКРОВСКАЯ СРЕДНЯЯ ОБЩЕОБРАЗОВАТЕЛЬНАЯ ШКОЛА,общеобразовательная организация,3619006162,"397813, ВОРОНЕЖСКАЯ ОБЛАСТЬ, Р-Н ОСТРОГОЖСКИЙ, С ПОКРОВКА, УЛ МОЛОДЕЖНАЯ, ЗД. 40","50.9787579, 39.1789885",действующая,24-06-2025,17-12-2001,361901001,1023601033642,13-11-2002,20231840005,20631440121,54693713,4210007,14,85.14,2014,75404,Муниципальное казенное учреждение,МКУ,2014,ДИРЕКТОР,Трофимова Наталья Ивановна,0,головная организация
Острогожский,МКОУ СОЛДАТСКАЯ СОШ,МУНИЦИПАЛЬНОЕ КАЗЁННОЕ ОБЩЕОБРАЗОВАТЕЛЬНОЕ УЧРЕЖДЕНИЕ СОЛДАТСКАЯ СРЕДНЯЯ ОБЩЕОБРАЗОВАТЕЛЬНАЯ ШКОЛА,общеобразовательная организация,3619006370,"397822, ВОРОНЕЖСКАЯ ОБЛАСТЬ, Р-Н ОСТРОГОЖСКИЙ, С. СОЛДАТСКОЕ, УЛ. ЛЕНИНА, Д.24-А","51.0437919, 38.9816186",действующая,15-07-2025,29-12-2001,361901001,1023601032432,23-10-2002,20231870001,20631470101,54693790,4210007,14,85.14,2014,75404,Муниципальное казенное учреждение,МКУ,2014,ДИРЕКТОР,Анцупова Марина Митрофановна,0,головная организация
Острогожский,МКОУ СОШ № 1,МУНИЦИПАЛЬНОЕ КАЗЁННОЕ ОБЩЕОБРАЗОВАТЕЛЬНОЕ УЧРЕЖДЕНИЕ СРЕДНЯЯ ОБЩЕОБРАЗОВАТЕЛЬНАЯ ШКОЛА № 1,общеобразовательная организация,3619006564,"397855, ВОРОНЕЖСКАЯ ОБЛАСТЬ, Р-Н ОСТРОГОЖСКИЙ, Г ОСТРОГОЖСК, УЛ ПРОХОРЕНКО, ЗД. 136","50.861949, 39.080991",действующая,04-02-2025,06-06-2000,361901001,1023601032157,21-10-2002,20231501000,20631101001,54694803,4210007,14,85.14,2014,75404,Муниципальное казенное учреждение,МКУ,2014,ДИРЕКТОР,Деревянкин Николай Иванович,0,головная организация
Острогожский,МКОУ СОШ № 2,МУНИЦИПАЛЬНОЕ КАЗЁННОЕ ОБЩЕОБРАЗОВАТЕЛЬНОЕ УЧРЕЖДЕНИЕ СРЕДНЯЯ ОБЩЕОБРАЗОВАТЕЛЬНАЯ ШКОЛА № 2,общеобразовательная организация,3619006123,"397855, ВОРОНЕЖСКАЯ ОБЛАСТЬ, Р-Н ОСТРОГОЖСКИЙ, Г ОСТРОГОЖСК, УЛ НАРСКОГО, ЗД. 24","50.8621509, 39.0735599",действующая,03-02-2025,23-06-2000,361901001,1023601033224,06-11-2002,20231501000,20631101001,54693034,4210007,14,85.14,2014,75404,Муниципальное казенное учреждение,МКУ,2014,ДИРЕКТОР,Миронова Светлана Валентиновна,0,головная организация
Острогожский,МКОУ СОШ № 6,МУНИЦИПАЛЬНОЕ КАЗЁННОЕ ОБЩЕОБРАЗОВАТЕЛЬНОЕ УЧРЕЖДЕНИЕ СРЕДНЯЯ ОБЩЕОБРАЗОВАТЕЛЬНАЯ ШКОЛА № 6,общеобразовательная организация,3619006130,"397854, ВОРОНЕЖСКАЯ ОБЛАСТЬ, Р-Н ОСТРОГОЖСКИЙ, Г ОСТРОГОЖСК, УЛ 50 ЛЕТ ОКТЯБРЯ, ЗД. 51","50.853283, 39.052402",действующая,10-02-2025,13-06-2000,361901001,1023601032773,30-10-2002,20231501000,20631101001,53153005,4210007,14,85.14,2014,75404,Муниципальное казенное учреждение,МКУ,2014,ДИРЕКТОР,Говорова Елена Николаевна,0,головная организация
Острогожский,МКОУ СОШ № 8,МУНИЦИПАЛЬНОЕ КАЗЁННОЕ ОБЩЕОБРАЗОВАТЕЛЬНОЕ УЧРЕЖДЕНИЕ СРЕДНЯЯ ОБЩЕОБРАЗОВАТЕЛЬНАЯ ШКОЛА № 8,общеобразовательная организация,3619006691,"397852, ВОРОНЕЖСКАЯ ОБЛАСТЬ, Р-Н ОСТРОГОЖСКИЙ, Г ОСТРОГОЖСК, УЛ ЭНГЕЛЬСА, ЗД. 60","50.8724593, 39.0989155",действующая,02-02-2025,29-12-2001,361901001,1023601032784,30-10-2002,20231501000,20631101001,54693761,4210007,14,85.14,2014,75404,Муниципальное казенное учреждение,МКУ,2014,ДИРЕКТОР,Подлесная Валентина Алексеевна,0,головная организация
Острогожский,МКОУ СОШ №4,МУНИЦИПАЛЬНОЕ КАЗЁННОЕ ОБЩЕОБРАЗОВАТЕЛЬНОЕ УЧРЕЖДЕНИЕ СРЕДНЯЯ ОБЩЕОБРАЗОВАТЕЛЬНАЯ ШКОЛА № 4,общеобразовательная организация,3619006571,"397855, ВОРОНЕЖСКАЯ ОБЛАСТЬ, Р-Н ОСТРОГОЖСКИЙ, Г ОСТРОГОЖСК, УЛ МИЛИЦЕЙСКАЯ, ЗД. 52","50.8634675, 39.0570121",действующая,06-02-2025,05-06-2000,361901001,1023601032542,24-10-2002,20231501000,20631101001,54693672,4210007,14,85.14,2014,75404,Муниципальное казенное учреждение,МКУ,2014,ДИРЕКТОР,Ветрова Татьяна Петровна,0,головная организация
Острогожский,МКОУ СТОРОЖЕВСКАЯ СОШ,МУНИЦИПАЛЬНОЕ КАЗЁННОЕ ОБЩЕОБРАЗОВАТЕЛЬНОЕ УЧРЕЖДЕНИЕ СТОРОЖЕВСКАЯ СРЕДНЯЯ ОБЩЕОБРАЗОВАТЕЛЬНАЯ ШКОЛА,общеобразовательная организация,3619006444,"397847, ВОРОНЕЖСКАЯ ОБЛАСТЬ, Р-Н ОСТРОГОЖСКИЙ, С. СТОРОЖЕВОЕ 1-Е, УЛ. СОВЕТСКАЯ, Д.91","51.2127876, 39.1792331",действующая,15-07-2025,26-05-2000,361901001,1023601033048,05-11-2002,20231872001,20631472101,54694890,4210007,14,85.14,2014,75404,Муниципальное казенное учреждение,МКУ,2014,ДИРЕКТОР,Негодяева Анна Васильевна,0,головная организация
Острогожский,МКОУ ТЕРНОВСКАЯ ООШ,МУНИЦИПАЛЬНОЕ КАЗЁННОЕ ОБЩЕОБРАЗОВАТЕЛЬНОЕ УЧРЕЖДЕНИЕ ТЕРНОВСКАЯ ОСНОВНАЯ ОБЩЕОБРАЗОВАТЕЛЬНАЯ ШКОЛА,общеобразовательная организация,3619006596,"397824, ВОРОНЕЖСКАЯ ОБЛАСТЬ, Р-Н ОСТРОГОЖСКИЙ, С. ТЕРНОВОЕ, УЛ. СОВЕТСКАЯ, Д.51, К.А","50.967852, 38.968171",действующая,04-08-2025,23-05-2000,361901001,1023601032498,23-10-2002,20231876001,20631476101,54694789,4210007,14,85.13,2014,75404,Муниципальное казенное учреждение,МКУ,2014,ДИРЕКТОР,Чурина Марина Ивановна,1,головная организация
Острогожский,МКОУ УРЫВСКАЯ СОШ,МУНИЦИПАЛЬНОЕ КАЗЁННОЕ ОБЩЕОБРАЗОВАТЕЛЬНОЕ УЧРЕЖДЕНИЕ УРЫВСКАЯ СРЕДНЯЯ ОБЩЕОБРАЗОВАТЕЛЬНАЯ ШКОЛА,общеобразовательная организация,3619006451,"397816, ВОРОНЕЖСКАЯ ОБЛАСТЬ, Р-Н ОСТРОГОЖСКИЙ, С. УРЫВ-ПОКРОВКА, УЛ. СОВЕТСКАЯ, Д. 9А","51.1113829, 39.1583988",действующая,20-02-2025,24-01-2002,361901001,1023601032806,30-10-2002,20231882001,20631482101,54693732,4210007,14,85.14,2014,75404,Муниципальное казенное учреждение,МКУ,2014,ДИРЕКТОР,Лаврова Марина Юрьевна,0,головная организация
Острогожский,МКОУ ХОХОЛ-ТРОСТЯНСКАЯ ООШ,МУНИЦИПАЛЬНОЕ КАЗЁННОЕ ОБЩЕОБРАЗОВАТЕЛЬНОЕ УЧРЕЖДЕНИЕ ХОХОЛ-ТРОСТЯНСКАЯ ОСНОВНАЯ ОБЩЕОБРАЗОВАТЕЛЬНАЯ ШКОЛА,общеобразовательная организация,3619010634,"397843, ВОРОНЕЖСКАЯ ОБЛАСТЬ, Р-Н ОСТРОГОЖСКИЙ, С. ХОХОЛ-ТРОСТЯНКА, ПЕР. ШКОЛЬНЫЙ, Д. 4","50.7983591, 38.7765463",действующая,01-02-2025,13-08-2009,361901001,1093619001167,13-08-2009,20231884001,20631484101,54693643,4210007,14,85.13,2014,75404,Муниципальное казенное учреждение,МКУ,2014,ДИРЕКТОР,Зарвигорова Валентина Федоровна,0,головная организация
Острогожский,МКОУ ШУБИНСКАЯ СОШ,МУНИЦИПАЛЬНОЕ КАЗЁННОЕ ОБЩЕОБРАЗОВАТЕЛЬНОЕ УЧРЕЖДЕНИЕ ШУБИНСКАЯ СРЕДНЯЯ ОБЩЕОБРАЗОВАТЕЛЬНАЯ ШКОЛА,общеобразовательная организация,3619006170,"397805, ВОРОНЕЖСКАЯ ОБЛАСТЬ, Р-Н ОСТРОГОЖСКИЙ, С. ШУБНОЕ, УЛ. МИРА, Д. 9","50.8637871, 38.8619871",действующая,09-02-2025,23-05-2000,361901001,1023601032949,04-11-2002,20231888001,20631488101,54693614,4210007,14,85.14,2014,75404,Муниципальное казенное учреждение,МКУ,2014,ДИРЕКТОР,Горбунов Виталий Владимирович,1,головная организация
Острогожский,"МКУ ДО ""ОСТРОГОЖСКИЙ ЦЕНТР ДЕТСКОГО ТВОРЧЕСТВА""","МУНИЦИПАЛЬНОЕ КАЗЁННОЕ УЧРЕЖДЕНИЕ ДОПОЛНИТЕЛЬНОГО ОБРАЗОВАНИЯ ""ОСТРОГОЖСКИЙ ЦЕНТР ДЕТСКОГО ТВОРЧЕСТВА""",организация доп. образования,3619006500,"397855, ВОРОНЕЖСКАЯ ОБЛАСТЬ, Р-Н ОСТРОГОЖСКИЙ, Г. ОСТРОГОЖСК, УЛ. КРАМСКОГО, Д.34","50.8642265, 39.0756199",действующая,02-02-2025,13-06-2000,361901001,1023601032366,23-10-2002,20231501000,20631101001,54694861,4210007,14,85.41,2014,75404,Муниципальное казенное учреждение,МКУ,2014,ДИРЕКТОР,Копылова Елена Юрьевна,0,головная организация
Острогожский,"МКУДО ""ОСТРОГОЖСКАЯ СШ""","МУНИЦИПАЛЬНОЕ КАЗЁННОЕ УЧРЕЖДЕНИЕ ДОПОЛНИТЕЛЬНОГО ОБРАЗОВАНИЯ ""ОСТРОГОЖСКАЯ СПОРТИВНАЯ ШКОЛА""",организация доп. образования,3619006518,"397855, ВОРОНЕЖСКАЯ ОБЛАСТЬ, Р-Н ОСТРОГОЖСКИЙ, Г ОСТРОГОЖСК, УЛ КАРЛА МАРКСА, ЗД. 24А","50.865438, 39.079293",действующая,14-04-2025,09-06-2000,361901001,1023601034269,26-11-2002,20231501000,20631101001,54694878,4210007,14,85.41,2014,75404,Муниципальное казенное учреждение,МКУ,2014,ДИРЕКТОР,Медведков Виктор Николаевич,0,головная организация
Острогожский,"ОТДЕЛ ПО ОБРАЗОВАНИЮ, ФИЗИЧЕСКОЙ КУЛЬТУРЕ И СПОРТУ АДМИНИСТРАЦИИ ОСТРОГОЖСКОГО МУНИЦИПАЛЬНОГО РАЙОНА ВОРОНЕЖСКОЙ ОБЛАСТИ","ОТДЕЛ ПО ОБРАЗОВАНИЮ, ФИЗИЧЕСКОЙ КУЛЬТУРЕ И СПОРТУ АДМИНИСТРАЦИИ ОСТРОГОЖСКОГО МУНИЦИПАЛЬНОГО РАЙОНА ВОРОНЕЖСКОЙ ОБЛАСТИ",отдел,3619004126,"397855, ВОРОНЕЖСКАЯ ОБЛАСТЬ, Р-Н ОСТРОГОЖСКИЙ, Г. ОСТРОГОЖСК, УЛ. ОРДЖОНИКИДЗЕ, Д. 154","50.8602612, 39.0720559",действующая,07-04-2025,04-01-1994,361901001,1023601032410,23-10-2002,20231501000,20631101001,02105016,3300100,14,84.11.3,2014,75404,Муниципальное казенное учреждение,МКУ,2014,РУКОВОДИТЕЛЬ,Бушманов Николай Петрович,0,головная организация
Павловский,"ГБПОУ ВО ""ПАВЛОВСКИЙ ТЕХНИКУМ""","ГОСУДАРСТВЕННОЕ БЮДЖЕТНОЕ ПРОФЕССИОНАЛЬНОЕ ОБРАЗОВАТЕЛЬНОЕ УЧРЕЖДЕНИЕ ВОРОНЕЖСКОЙ ОБЛАСТИ ""ПАВЛОВСКИЙ ТЕХНИКУМ""",профессиональная образовательная организация,3620001458,"396422, ВОРОНЕЖСКАЯ ОБЛАСТЬ, Р-Н ПАВЛОВСКИЙ, Г. ПАВЛОВСК, УЛ. СОВЕТСКАЯ, Д.1, ---, ---","50.4582072, 40.0953343",действующая,18-02-2026,17-07-2001,362001001,1023601074265,05-12-2002,20233501000,20633101001,00666207,2300223,13,85.21,2014,75203,Государственное бюджетное учреждение субъекта Российской Федерации,ГБУ,2014,ДИРЕКТОР,Русинов Юрий Юрьевич,0,головная организация
Павловский,"КОУ ВО ""ПАВЛОВСКАЯ ШКОЛА - ИНТЕРНАТ № 1""","КАЗЕННОЕ ОБЩЕОБРАЗОВАТЕЛЬНОЕ УЧРЕЖДЕНИЕ ВОРОНЕЖСКОЙ ОБЛАСТИ ""ПАВЛОВСКАЯ ШКОЛА - ИНТЕРНАТ № 1 ДЛЯ ОБУЧАЮЩИХСЯ С ОГРАНИЧЕННЫМИ ВОЗМОЖНОСТЯМИ ЗДОРОВЬЯ""",интернат,3620003960,"396422, ВОРОНЕЖСКАЯ ОБЛАСТЬ, Р-Н ПАВЛОВСКИЙ, Г. ПАВЛОВСК, УЛ. К.ГОТВАЛЬДА, Д.8","50.4615212, 40.0937348",действующая,07-08-2025,26-06-2002,362001001,1023601070470,02-11-2002,20233501000,20633101001,02083160,2300223,13,85.13,2014,75204,Государственное казенное учреждение субъекта Российской Федерации,ГКУ,2014,ДИРЕКТОР,Шеверев Александр Владимирович,0,головная организация
Павловский,"МБ ДОУ ""ЦППМСП ПАВЛОВСКОГО МУНИЦИПАЛЬНОГО РАЙОНА ВОРОНЕЖСКОЙ ОБЛАСТИ"" - Д/САД № 8","МУНИЦИПАЛЬНОЕ БЮДЖЕТНОЕ ДОШКОЛЬНОЕ ОБРАЗОВАТЕЛЬНОЕ УЧРЕЖДЕНИЕ ""ЦЕНТР ПСИХОЛОГО-ПЕДАГОГИЧЕСКОЙ, МЕДИЦИНСКОЙ И СОЦИАЛЬНОЙ ПОМОЩИ ПАВЛОВСКОГО МУНИЦИПАЛЬНОГО РАЙОНА ВОРОНЕЖСКОЙ ОБЛАСТИ"" - ДЕТСКИЙ САД № 8",дошкольное образование,3620007178,"396420, ВОРОНЕЖСКАЯ ОБЛАСТЬ, Р-Н ПАВЛОВСКИЙ, Г. ПАВЛОВСК, МКР ГРАНИТНЫЙ, --------------, К.11А, ------------","50.449881, 40.134424",действующая,06-02-2026,25-06-2002,362001001,1023601072549,22-11-2002,20233501000,20633101001,44748449,4210007,14,85.11,2014,75403,Муниципальное бюджетное учреждение,МБУ,2014,ЗАВЕДУЮЩИЙ,Севостьянова Наталия Юрьевна,0,головная организация
Павловский,"МБ ДОУ ПАВЛОВСКИЙ Д/САД ""МОЗАИКА""","МУНИЦИПАЛЬНОЕ БЮДЖЕТНОЕ ДОШКОЛЬНОЕ ОБРАЗОВАТЕЛЬНОЕ УЧРЕЖДЕНИЕ ПАВЛОВСКИЙ ДЕТСКИЙ САД ""МОЗАИКА"" ПАВЛОВСКОГО МУНИЦИПАЛЬНОГО РАЙОНА ВОРОНЕЖСКОЙ ОБЛАСТИ",дошкольное образование,3620014231,"396420, ВОРОНЕЖСКАЯ ОБЛАСТЬ, Р-Н ПАВЛОВСКИЙ, Г. ПАВЛОВСК, МКР СЕВЕРНЫЙ, Д. 4","50.454132, 40.133276",действующая,07-02-2025,16-06-2016,362001001,1163668086670,16-06-2016,20233501000,20633101001,03095981,4210007,14,85.11,2014,75403,Муниципальное бюджетное учреждение,МБУ,2014,ЗАВЕДУЮЩИЙ,Нежельская Татьяна Михайловна,0,головная организация
Павловский,МБОУ ПАВЛОВСКАЯ СОШ № 3,МУНИЦИПАЛЬНОЕ БЮДЖЕТНОЕ ОБЩЕОБРАЗОВАТЕЛЬНОЕ УЧРЕЖДЕНИЕ ПАВЛОВСКАЯ СРЕДНЯЯ ОБЩЕОБРАЗОВАТЕЛЬНАЯ ШКОЛА № 3 ПАВЛОВСКОГО МУНИЦИПАЛЬНОГО РАЙОНА ВОРОНЕЖСКОЙ ОБЛАСТИ,общеобразовательная организация,3620006706,"396420, ВОРОНЕЖСКАЯ ОБЛАСТЬ, Р-Н ПАВЛОВСКИЙ, Г. ПАВЛОВСК, МКР ГРАНИТНЫЙ, Д.25, ---, ----","50.4498973, 40.133652",действующая,06-02-2025,25-04-2002,362001001,1023601072835,23-11-2002,20233501000,20633101001,41216261,4210007,14,85.14,2014,75403,Муниципальное бюджетное учреждение,МБУ,2014,ДИРЕКТОР,Топчиев Александр Николаевич,0,головная организация
Павловский,МБОУ ПАВЛОВСКАЯ СОШ С УИОП,МУНИЦИПАЛЬНОЕ БЮДЖЕТНОЕ ОБЩЕОБРАЗОВАТЕЛЬНОЕ УЧРЕЖДЕНИЕ ПАВЛОВСКАЯ СРЕДНЯЯ ОБЩЕОБРАЗОВАТЕЛЬНАЯ ШКОЛА С УГЛУБЛЕННЫМ ИЗУЧЕНИЕМ ОТДЕЛЬНЫХ ПРЕДМЕТОВ ПАВЛОВСКОГО МУНИЦИПАЛЬНОГО РАЙОНА ВОРОНЕЖСКОЙ ОБЛАСТИ,общеобразовательная организация,3620006696,"396422, ВОРОНЕЖСКАЯ ОБЛАСТЬ, Р-Н ПАВЛОВСКИЙ, Г. ПАВЛОВСК, ПР-КТ РЕВОЛЮЦИИ, Д. 15","50.4603271, 40.0971403",действующая,02-02-2025,09-04-2002,362001001,1023601073957,01-12-2002,20233501000,20633101001,41216290,4210007,14,85.13,2014,75403,Муниципальное бюджетное учреждение,МБУ,2014,ДИРЕКТОР,Должникова Людмила Петровна,0,головная организация
Павловский,"МБУ ДО ""ЦДО""","МУНИЦИПАЛЬНОЕ БЮДЖЕТНОЕ УЧРЕЖДЕНИЕ ДОПОЛНИТЕЛЬНОГО ОБРАЗОВАНИЯ ""ЦЕНТР ДОПОЛНИТЕЛЬНОГО ОБРАЗОВАНИЯ"" ПАВЛОВСКОГО МУНИЦИПАЛЬНОГО РАЙОНА ВОРОНЕЖСКОЙ ОБЛАСТИ",организация доп. образования,3652902744,"396422, ВОРОНЕЖСКАЯ ОБЛАСТЬ, М.Р-Н ПАВЛОВСКИЙ, Г.П. ГОРОД ПАВЛОВСК, Г ПАВЛОВСК, ПР-КТ РЕВОЛЮЦИИ, Д. 14","50.460248, 40.0962055",действующая,26-03-2025,28-09-2023,365201001,1233600017309,28-09-2023,20233501000,20633101001,53119304,4210007,14,85.41,2014,75403,Муниципальное бюджетное учреждение,МБУ,2014,ДИРЕКТОР,Ашифина Алла Владимировна,0,головная организация
Павловский,МК ДОУ ВОРОНЦОВСКИЙ Д/С,МУНИЦИПАЛЬНОЕ КАЗЕННОЕ ДОШКОЛЬНОЕ ОБРАЗОВАТЕЛЬНОЕ УЧРЕЖДЕНИЕ ВОРОНЦОВСКИЙ ДЕТСКИЙ САД ПАВЛОВСКОГО МУНИЦИПАЛЬНОГО РАЙОНА ВОРОНЕЖСКОЙ ОБЛАСТИ,дошкольное образование,3620006897,"396440, ВОРОНЕЖСКАЯ ОБЛАСТЬ, Р-Н ПАВЛОВСКИЙ, С. ВОРОНЦОВКА, ПЛ. 1 МАЯ, Д.49","50.6157228, 40.3500412",действующая,09-02-2025,26-06-2000,362001001,1023601073726,01-12-2002,20233812001,20633412101,41216396,4210007,14,85.11,2014,75404,Муниципальное казенное учреждение,МКУ,2014,ЗАВЕДУЮЩИЙ,Бородавченко Валентина Анатольевна,0,головная организация
Павловский,МК ДОУ ЛОСЕВСКИЙ Д/САД № 2,МУНИЦИПАЛЬНОЕ КАЗЕННОЕ ДОШКОЛЬНОЕ ОБРАЗОВАТЕЛЬНОЕ УЧРЕЖДЕНИЕ ЛОСЕВСКИЙ ДЕТСКИЙ САД № 2 ПАВЛОВСКОГО МУНИЦИПАЛЬНОГО РАЙОНА ВОРОНЕЖСКОЙ ОБЛАСТИ,дошкольное образование,3620007210,"396431, ВОРОНЕЖСКАЯ ОБЛАСТЬ, Р-Н ПАВЛОВСКИЙ, С. ЛОСЕВО, УЛ. КУЗНЕЧНАЯ, Д.7А","50.6689532, 40.0278063",действующая,09-06-2025,26-06-2000,362001001,1023601071702,14-11-2002,20233840001,20633440101,47796503,4210007,14,85.11,2014,75404,Муниципальное казенное учреждение,МКУ,2014,ЗАВЕДУЮЩИЙ,Курина Нина Вячеславовна,0,головная организация
Павловский,МК ДОУ ЛОСЕВСКИЙ Д/САД №1,МУНИЦИПАЛЬНОЕ КАЗЕННОЕ ДОШКОЛЬНОЕ ОБРАЗОВАТЕЛЬНОЕ УЧРЕЖДЕНИЕ ЛОСЕВСКИЙ ДЕТСКИЙ САД №1 ПАВЛОВСКОГО МУНИЦИПАЛЬНОГО РАЙОНА ВОРОНЕЖСКОЙ ОБЛАСТИ,дошкольное образование,3620007202,"396432, ВОРОНЕЖСКАЯ ОБЛАСТЬ, Р-Н ПАВЛОВСКИЙ, С. ЛОСЕВО, ПР-КТ РЕВОЛЮЦИИ, Д.77, ---, ----","50.6821202, 40.0513955",действующая,10-02-2025,26-06-2000,362001001,1023601072110,18-11-2002,20233840001,20633440101,47796489,4210007,14,85.11,2014,75404,Муниципальное казенное учреждение,МКУ,2014,ЗАВЕДУЮЩИЙ,Русинова Елена Владимировна,0,головная организация
Павловский,МК ДОУ ПАВЛОВСКИЙ Д/САД № 10,МУНИЦИПАЛЬНОЕ КАЗЕННОЕ ДОШКОЛЬНОЕ ОБРАЗОВАТЕЛЬНОЕ УЧРЕЖДЕНИЕ ПАВЛОВСКИЙ ДЕТСКИЙ САД № 10 ПАВЛОВСКОГО МУНИЦИПАЛЬНОГО РАЙОНА ВОРОНЕЖСКОЙ ОБЛАСТИ,дошкольное образование,3620007273,"396420, ВОРОНЕЖСКАЯ ОБЛАСТЬ, Р-Н ПАВЛОВСКИЙ, Г. ПАВЛОВСК, МКР ГРАНИТНЫЙ, Д.16А","50.450009, 40.135417",действующая,13-02-2025,26-06-2000,362001001,1023601073715,01-12-2002,20233501000,20633101001,42622566,4210007,14,85.11,2014,75404,Муниципальное казенное учреждение,МКУ,2014,ЗАВЕДУЮЩАЯ,Лустина Евдокия Ивановна,0,головная организация
Павловский,МК ДОУ ПАВЛОВСКИЙ Д/САД №5,МУНИЦИПАЛЬНОЕ КАЗЕННОЕ ДОШКОЛЬНОЕ ОБРАЗОВАТЕЛЬНОЕ УЧРЕЖДЕНИЕ ПАВЛОВСКИЙ ДЕТСКИЙ САД №5 ПАВЛОВСКОГО МУНИЦИПАЛЬНОГО РАЙОНА ВОРОНЕЖСКОЙ ОБЛАСТИ,дошкольное образование,3620006939,"396422, ВОРОНЕЖСКАЯ ОБЛАСТЬ, М.Р-Н ПАВЛОВСКИЙ, Г.П. ГОРОД ПАВЛОВСК, Г ПАВЛОВСК, УЛ К.ГОТВАЛЬДА, Д. 10","50.4622591, 40.0945429",действующая,07-02-2025,26-06-2000,362001001,1023601070657,04-11-2002,20233501000,20633101001,42622543,4210007,14,85.11,2014,75404,Муниципальное казенное учреждение,МКУ,2014,ЗАВЕДУЮЩИЙ,Князева Наталья Юрьевна,0,головная организация
Павловский,МК ДОУ ПАВЛОВСКИЙ Д/САД №7,МУНИЦИПАЛЬНОЕ КАЗЕННОЕ ДОШКОЛЬНОЕ ОБРАЗОВАТЕЛЬНОЕ УЧРЕЖДЕНИЕ ПАВЛОВСКИЙ ДЕТСКИЙ САД №7 ПАВЛОВСКОГО МУНИЦИПАЛЬНОГО РАЙОНА ВОРОНЕЖСКОЙ ОБЛАСТИ,дошкольное образование,3620007322,"396420, ВОРОНЕЖСКАЯ ОБЛАСТЬ, Р-Н ПАВЛОВСКИЙ, Г ПАВЛОВСК, МКР ЧЕРЕМУШКИ, ЗД. 16","50.4578166, 40.1275343",действующая,09-05-2025,22-02-2001,362001001,1023601073693,01-12-2002,20233501000,20633101001,42622557,4210007,14,85.11,2014,75404,Муниципальное казенное учреждение,МКУ,2014,ЗАВЕДУЮЩИЙ,Кульбачная Ольга Антоновна,0,головная организация
Павловский,МК ДОУ ПАВЛОВСКИЙ Д/САД. №11,МУНИЦИПАЛЬНОЕ КАЗЕННОЕ ДОШКОЛЬНОЕ ОБРАЗОВАТЕЛЬНОЕ УЧРЕЖДЕНИЕ ПАВЛОВСКИЙ ДЕТСКИЙ САД №11 ПАВЛОВСКОГО МУНИЦИПАЛЬНОГО РАЙОНА ВОРОНЕЖСКОЙ ОБЛАСТИ,дошкольное образование,3620006946,"396420, ВОРОНЕЖСКАЯ ОБЛАСТЬ, Р-Н ПАВЛОВСКИЙ, Г. ПАВЛОВСК, МКР ЧЕРЕМУШКИ, Д.4А, -----------, ---------","50.4578207, 40.1308486",действующая,16-06-2025,26-06-2000,362001001,1023601070415,01-11-2002,20233501000,20633101001,44745764,4210007,14,85.11,2014,75404,Муниципальное казенное учреждение,МКУ,2014,ЗАВЕДУЮЩИЙ,Лукьянова Оксана Викторовна,0,головная организация
Павловский,МКОУ А-ДОНСКАЯ СОШ,МУНИЦИПАЛЬНОЕ КАЗЁННОЕ ОБЩЕОБРАЗОВАТЕЛЬНОЕ УЧРЕЖДЕНИЕ А-ДОНСКАЯ СРЕДНЯЯ ОБЩЕОБРАЗОВАТЕЛЬНАЯ ШКОЛА ПАВЛОВСКОГО МУНИЦИПАЛЬНОГО РАЙОНА ВОРОНЕЖСКОЙ ОБЛАСТИ,общеобразовательная организация,3620006833,"396456, ВОРОНЕЖСКАЯ ОБЛАСТЬ, Р-Н ПАВЛОВСКИЙ, С. АЛЕКСАНДРОВКА ДОНСКАЯ, УЛ. ШКОЛЬНАЯ, Д.16, -----------, --------","50.5163034, 40.0659799",действующая,28-04-2025,22-06-2000,362001001,1023601077455,30-12-2002,20233808001,20633408101,41216255,4210007,14,85.12,2014,75404,Муниципальное казенное учреждение,МКУ,2014,ДИРЕКТОР,Тертышникова Светлана Алексеевна,0,головная организация
Павловский,МКОУ АЛЕКСАНДРОВСКАЯ СОШ,МУНИЦИПАЛЬНОЕ КАЗЕННОЕ ОБЩЕОБРАЗОВАТЕЛЬНОЕ УЧРЕЖДЕНИЕ АЛЕКСАНДРОВСКАЯ СРЕДНЯЯ ОБЩЕОБРАЗОВАТЕЛЬНАЯ ШКОЛА ПАВЛОВСКОГО МУНИЦИПАЛЬНОГО РАЙОНА ВОРОНЕЖСКОЙ ОБЛАСТИ,общеобразовательная организация,3620006657,"396444, ВОРОНЕЖСКАЯ ОБЛАСТЬ, Р-Н ПАВЛОВСКИЙ, С. АЛЕКСАНДРОВКА, УЛ. КОММУНАЛЬНАЯ, Д.69, ------, ------","50.5769081, 40.3136088",действующая,02-02-2025,22-06-2000,362001001,1023601079050,31-12-2002,20233804001,20633404101,41216385,4210007,14,85.14,2014,75404,Муниципальное казенное учреждение,МКУ,2014,ДИРЕКТОР,Ковгар Елена Васильевна,0,головная организация
Павловский,МКОУ ВОРОНЦОВСКАЯ СОШ,МУНИЦИПАЛЬНОЕ КАЗЁННОЕ ОБЩЕОБРАЗОВАТЕЛЬНОЕ УЧРЕЖДЕНИЕ ВОРОНЦОВСКАЯ СРЕДНЯЯ ОБЩЕОБРАЗОВАТЕЛЬНАЯ ШКОЛА ПАВЛОВСКОГО МУНИЦИПАЛЬНОГО РАЙОНА ВОРОНЕЖСКОЙ ОБЛАСТИ,общеобразовательная организация,3620006689,"396440, ВОРОНЕЖСКАЯ ОБЛАСТЬ, Р-Н ПАВЛОВСКИЙ, С. ВОРОНЦОВКА, УЛ. ПОЧТОВАЯ, Д.6, -------, --------","50.6176728, 40.3408526",действующая,07-02-2025,22-06-2000,362001001,1023601072703,23-11-2002,20233812001,20633412101,47796590,4210007,14,85.12,2014,75404,Муниципальное казенное учреждение,МКУ,2014,ДИРЕКТОР,Подорожная Светлана Васильевна,0,головная организация
Павловский,МКОУ ГАВРИЛЬСКАЯ СОШ,МУНИЦИПАЛЬНОЕ КАЗЕННОЕ ОБЩЕОБРАЗОВАТЕЛЬНОЕ УЧРЕЖДЕНИЕ ГАВРИЛЬСКАЯ СРЕДНЯЯ ОБЩЕОБРАЗОВАТЕЛЬНАЯ ШКОЛА ПАВЛОВСКОГО МУНИЦИПАЛЬНОГО РАЙОНА ВОРОНЕЖСКОЙ ОБЛАСТИ,общеобразовательная организация,3620006760,"396454, ВОРОНЕЖСКАЯ ОБЛАСТЬ, Р-Н ПАВЛОВСКИЙ, С. ГАВРИЛЬСК, УЛ. СОВЕТСКАЯ, Д.152, ------, ----------","50.4294306, 40.344044",действующая,10-02-2025,30-04-2002,362001001,1023601072692,23-11-2002,20233816001,20633416101,41216226,4210007,14,85.12,2014,75404,Муниципальное казенное учреждение,МКУ,2014,ДИРЕКТОР,Ночёвкин Юрий Николаевич,0,головная организация
Павловский,"МКОУ ДО ""ПАВЛОВСКАЯ СШ""","МУНИЦИПАЛЬНОЕ КАЗЕННОЕ ОБРАЗОВАТЕЛЬНОЕ УЧРЕЖДЕНИЕ ДОПОЛНИТЕЛЬНОГО ОБРАЗОВАНИЯ ""ПАВЛОВСКАЯ СПОРТИВНАЯ ШКОЛА"" ПАВЛОВСКОГО МУНИЦИПАЛЬНОГО РАЙОНА ВОРОНЕЖСКОЙ ОБЛАСТИ",организация доп. образования,3620007298,"396420, ВОРОНЕЖСКАЯ ОБЛАСТЬ, Р-Н ПАВЛОВСКИЙ, Г ПАВЛОВСК, ПР-КТ РЕВОЛЮЦИИ, ЗД. 102А, ----","50.4543816, 40.1215571",действующая,29-04-2025,05-02-1996,362001001,1023601078412,31-12-2002,20233501000,20633101001,44748353,4210007,14,85.41,2014,75404,Муниципальное казенное учреждение,МКУ,2014,ДИРЕКТОР,Рясин Вадим Алексеевич,1,головная организация
Павловский,МКОУ ЕЛИЗАВЕТОВСКАЯ СОШ,МУНИЦИПАЛЬНОЕ КАЗЕННОЕ ОБЩЕОБРАЗОВАТЕЛЬНОЕ УЧРЕЖДЕНИЕ ЕЛИЗАВЕТОВСКАЯ СРЕДНЯЯ ОБЩЕОБРАЗОВАТЕЛЬНАЯ ШКОЛА ПАВЛОВСКОГО МУНИЦИПАЛЬНОГО РАЙОНА ВОРОНЕЖСКОЙ ОБЛАСТИ,общеобразовательная организация,3620006720,"396446, ВОРОНЕЖСКАЯ ОБЛАСТЬ, Р-Н ПАВЛОВСКИЙ, С. ЕЛИЗАВЕТОВКА, ПР-КТ РЕВОЛЮЦИИ, ----------, К.67","50.459261, 40.1950616",действующая,17-12-2025,22-06-2000,362001001,1023601076113,19-12-2002,20233820001,20633420101,47796555,4210007,14,85.14,2014,75404,Муниципальное казенное учреждение,МКУ,2014,ДИРЕКТОР,Сиденко Светлана Николаевна,0,головная организация
Павловский,МКОУ К-ОКТЯБРЬСКАЯ СОШ,МУНИЦИПАЛЬНОЕ КАЗЕННОЕ ОБЩЕОБРАЗОВАТЕЛЬНОЕ УЧРЕЖДЕНИЕ КРАСНО-ОКТЯБРЬСКАЯ СРЕДНЯЯ ОБЩЕОБРАЗОВАТЕЛЬНАЯ ШКОЛА ПАВЛОВСКОГО МУНИЦИПАЛЬНОГО РАЙОНА ВОРОНЕЖСКОЙ ОБЛАСТИ,общеобразовательная организация,3620006784,"396448, ВОРОНЕЖСКАЯ ОБЛАСТЬ, Р-Н ПАВЛОВСКИЙ, С. ШУВАЛОВ, УЛ. МОЛОДЕЖНАЯ, Д.14","50.5124107, 40.4917478",действующая,07-03-2025,26-04-2002,362001001,1023601070316,31-10-2002,20233832001,20633432101,41216410,4210007,14,85.12,2014,75404,Муниципальное казенное учреждение,МКУ,2014,ДИРЕКТОР,Барбашина Ольга Тихоновна,0,головная организация
Павловский,МКОУ КАЗИНСКАЯ СОШ,МУНИЦИПАЛЬНОЕ КАЗЕННОЕ ОБЩЕОБРАЗОВАТЕЛЬНОЕ УЧРЕЖДЕНИЕ КАЗИНСКАЯ СРЕДНЯЯ ОБЩЕОБРАЗОВАТЕЛЬНАЯ ШКОЛА ПАВЛОВСКОГО МУНИЦИПАЛЬНОГО РАЙОНА ВОРОНЕЖСКОЙ ОБЛАСТИ,общеобразовательная организация,3620006801,"396452, ВОРОНЕЖСКАЯ ОБЛАСТЬ, Р-Н ПАВЛОВСКИЙ, С. БОЛЬШАЯ КАЗИНКА, УЛ. ПОЧТОВАЯ, Д.8, ---------------, ---------","50.2497956, 40.0833165",действующая,19-12-2025,22-06-2002,362001001,1023601070492,02-11-2002,20233828001,20633428101,47796578,4210007,14,85.14,2014,75404,Муниципальное казенное учреждение,МКУ,2014,ДИРЕКТОР,Черепкова Ирина Владимировна,0,головная организация
Павловский,МКОУ ЛИВЕНСКАЯ ООШ,МУНИЦИПАЛЬНОЕ КАЗЕННОЕ ОБЩЕОБРАЗОВАТЕЛЬНОЕ УЧРЕЖДЕНИЕ ЛИВЕНСКАЯ ОСНОВНАЯ ОБЩЕОБРАЗОВАТЕЛЬНАЯ ШКОЛА ПАВЛОВСКОГО МУНИЦИПАЛЬНОГО РАЙОНА ВОРОНЕЖСКОЙ ОБЛАСТИ,общеобразовательная организация,3620011304,"396434, ВОРОНЕЖСКАЯ ОБЛАСТЬ, Р-Н ПАВЛОВСКИЙ, С. ЛИВЕНКА, УЛ. СОВЕТСКАЯ, Д.166","50.7230408, 40.2275816",действующая,11-02-2025,27-03-2009,362001001,1093620000264,27-03-2009,20233836001,20633436101,41216344,4210007,14,85.12,2014,75404,Муниципальное казенное учреждение,МКУ,2014,ДИРЕКТОР,Сахарова Людмила Ивановна,0,головная организация
Павловский,МКОУ ЛОСЕВСКАЯ СОШ,МУНИЦИПАЛЬНОЕ КАЗЕННОЕ ОБЩЕОБРАЗОВАТЕЛЬНОЕ УЧРЕЖДЕНИЕ ЛОСЕВСКАЯ СРЕДНЯЯ ОБЩЕОБРАЗОВАТЕЛЬНАЯ ШКОЛА ПАВЛОВСКОГО МУНИЦИПАЛЬНОГО РАЙОНА ВОРОНЕЖСКОЙ ОБЛАСТИ,общеобразовательная организация,3620015348,"396432, ВОРОНЕЖСКАЯ ОБЛАСТЬ, М.Р-Н ПАВЛОВСКИЙ, С.П. ЛОСЕВСКОЕ, С ЛОСЕВО, ПЛ ПЕРВОМАЙСКАЯ, Д. 10А","50.6740569, 40.0497062",действующая,04-02-2025,02-11-2022,362001001,1223600017684,02-11-2022,20233840001,20633440101,95714723,4210007,14,85.12,2014,75404,Муниципальное казенное учреждение,МКУ,2014,ДИРЕКТОР,Кулоянц Сергей Александрович,0,головная организация
Павловский,МКОУ ПАВЛОВСКАЯ СОШ № 2,МУНИЦИПАЛЬНОЕ КАЗЕННОЕ ОБЩЕОБРАЗОВАТЕЛЬНОЕ УЧРЕЖДЕНИЕ ПАВЛОВСКАЯ СРЕДНЯЯ ОБЩЕОБРАЗОВАТЕЛЬНАЯ ШКОЛА № 2 ПАВЛОВСКОГО МУНИЦИПАЛЬНОГО РАЙОНА ВОРОНЕЖСКОЙ ОБЛАСТИ,общеобразовательная организация,3620005396,"396420, ВОРОНЕЖСКАЯ ОБЛАСТЬ, Р-Н ПАВЛОВСКИЙ, Г. ПАВЛОВСК, УЛ. ЮЛИУСА ФУЧИКА, Д.13, ---, ---","50.4591623, 40.1249293",действующая,28-04-2025,11-03-2002,362001001,1023601072318,19-11-2002,20233501000,20633101001,41216338,4210007,14,85.12,2014,75404,Муниципальное казенное учреждение,МКУ,2014,ДИРЕКТОР,Шибаева Лариса Дмитриевна,0,головная организация
Павловский,МКОУ ПЕСКОВСКАЯ ООШ,МУНИЦИПАЛЬНОЕ КАЗЕННОЕ ОБЩЕОБРАЗОВАТЕЛЬНОЕ УЧРЕЖДЕНИЕ ПЕСКОВСКАЯ ОСНОВНАЯ ОБЩЕОБРАЗОВАТЕЛЬНАЯ ШКОЛА ПАВЛОВСКОГО МУНИЦИПАЛЬНОГО РАЙОНА ВОРОНЕЖСКОЙ ОБЛАСТИ,общеобразовательная организация,3620006953,"396435, ВОРОНЕЖСКАЯ ОБЛАСТЬ, Р-Н ПАВЛОВСКИЙ, С ПЕСКИ, УЛ СКРЫННИКОВА, Д. 18","50.6956844, 39.9761677",действующая,09-02-2025,22-06-2000,362001001,1023601070459,02-11-2002,20233844001,20633444101,41216350,4210007,14,85.12,2014,75404,Муниципальное казенное учреждение,МКУ,2014,ДИРЕКТОР,Кравченко Любовь Владимировна,0,головная организация
Павловский,МКОУ ПЕТРОВСКАЯ СОШ,МУНИЦИПАЛЬНОЕ КАЗЕННОЕ ОБЩЕОБРАЗОВАТЕЛЬНОЕ УЧРЕЖДЕНИЕ ПЕТРОВСКАЯ СРЕДНЯЯ ОБЩЕОБРАЗОВАТЕЛЬНАЯ ШКОЛА ПАВЛОВСКОГО МУНИЦИПАЛЬНОГО РАЙОНА ВОРОНЕЖСКОЙ ОБЛАСТИ,общеобразовательная организация,3620006791,"396443, ВОРОНЕЖСКАЯ ОБЛАСТЬ, М.Р-Н ПАВЛОВСКИЙ, С.П. ПЕТРОВСКОЕ, С ПЕТРОВКА, УЛ КИРОВА, ЗД. 51","50.538292, 40.2618987",действующая,19-12-2025,27-05-2002,362001001,1023601070129,28-10-2002,20233848001,20633448101,44748418,4210007,14,85.14,2014,75404,Муниципальное казенное учреждение,МКУ,2014,ДИРЕКТОР,Реутский Виталий Анатольевич,0,головная организация
Павловский,МКОУ ПОКРОВСКАЯ СОШ,МУНИЦИПАЛЬНОЕ КАЗЕННОЕ ОБЩЕОБРАЗОВАТЕЛЬНОЕ УЧРЕЖДЕНИЕ ПОКРОВСКАЯ СРЕДНЯЯ ОБЩЕОБРАЗОВАТЕЛЬНАЯ ШКОЛА ПАВЛОВСКОГО МУНИЦИПАЛЬНОГО РАЙОНА ВОРОНЕЖСКОЙ ОБЛАСТИ,общеобразовательная организация,3620006777,"396437, ВОРОНЕЖСКАЯ ОБЛАСТЬ, Р-Н ПАВЛОВСКИЙ, С. ПОКРОВКА, УЛ. СОВЕТСКАЯ, Д.62, ---------------, -----------","50.6725839, 39.8411849",действующая,05-02-2025,08-05-2002,362001001,1023601070195,29-10-2002,20233852001,20633452101,41216210,4210007,14,85.14,2014,75404,Муниципальное казенное учреждение,МКУ,2014,ДИРЕКТОР,Черных Маргарита Владимировна,0,головная организация
Павловский,МКОУ Р-БУЙЛОВСКАЯ СОШ,МУНИЦИПАЛЬНОЕ КАЗЕННОЕ ОБЩЕОБРАЗОВАТЕЛЬНОЕ УЧРЕЖДЕНИЕ Р-БУЙЛОВСКАЯ СРЕДНЯЯ ОБЩЕОБРАЗОВАТЕЛЬНАЯ ШКОЛА ПАВЛОВСКОГО МУНИЦИПАЛЬНОГО РАЙОНА ВОРОНЕЖСКОЙ ОБЛАСТИ,общеобразовательная организация,3620006819,"396450, ВОРОНЕЖСКАЯ ОБЛАСТЬ, Р-Н ПАВЛОВСКИЙ, С. РУССКАЯ БУЙЛОВКА, УЛ. ЛЕНИНА, Д.28, ---, ----","50.365479, 40.0719133",действующая,17-12-2025,29-05-2002,362001001,1023601072220,19-11-2002,20233856001,20633456101,41216427,4210007,14,85.14,2014,75404,Муниципальное казенное учреждение,МКУ,2014,ДИРЕКТОР,Каплиев Евгений Юрьевич,0,головная организация
Павловский,МООМПИС,"МУНИЦИПАЛЬНЫЙ ОТДЕЛ ПО ОБРАЗОВАНИЮ, МОЛОДЕЖНОЙ ПОЛИТИКЕ И СПОРТУ АДМИНИСТРАЦИИ ПАВЛОВСКОГО МУНИЦИПАЛЬНОГО РАЙОНА ВОРОНЕЖСКОЙ ОБЛАСТИ",отдел,3620000623,"396422, ВОРОНЕЖСКАЯ ОБЛАСТЬ, Р-Н ПАВЛОВСКИЙ, Г. ПАВЛОВСК, УЛ. К.МАРКСА, Д.44, ---, ---","50.4609818, 40.0996284",действующая,04-02-2025,28-10-1993,362001001,1023601071780,14-11-2002,20233501000,20633101001,02104790,3300100,14,84.11.3,2014,75404,Муниципальное казенное учреждение,МКУ,2014,РУКОВОДИТЕЛЬ,Хатунцева Инна Алексеевна,0,головная организация
Панинский,"МБОУ ДО ""ДЮСШ ""КАИССА""","МУНИЦИПАЛЬНОЕ БЮДЖЕТНОЕ ОБРАЗОВАТЕЛЬНОЕ УЧРЕЖДЕНИЕ ДОПОЛНИТЕЛЬНОГО ОБРАЗОВАНИЯ ""ДЕТСКО-ЮНОШЕСКАЯ СПОРТИВНАЯ ШКОЛА ""КАИССА"" ПАНИНСКОГО МУНИЦИПАЛЬНОГО РАЙОНА ВОРОНЕЖСКОЙ ОБЛАСТИ",организация доп. образования,3621005014,"396140, ВОРОНЕЖСКАЯ ОБЛАСТЬ, Р-Н ПАНИНСКИЙ, РП. ПАНИНО, УЛ. СОВЕТСКАЯ, Д. 15","51.648102, 40.134978",действующая,02-10-2025,25-11-2002,362101001,1023600511769,25-11-2002,20235551000,20635151051,13498473,4210007,14,85.41,2014,75403,Муниципальное бюджетное учреждение,МБУ,2014,ДИРЕКТОР,Ситникова Дарья Петровна,0,головная организация
Панинский,МБОУ ПАНИНСКАЯ СОШ,МУНИЦИПАЛЬНОЕ БЮДЖЕТНОЕ ОБЩЕОБРАЗОВАТЕЛЬНОЕ УЧРЕЖДЕНИЕ ПАНИНСКАЯ СРЕДНЯЯ ОБЩЕОБРАЗОВАТЕЛЬНАЯ ШКОЛА ПАНИНСКОГО МУНИЦИПАЛЬНОГО РАЙОНА ВОРОНЕЖСКОЙ ОБЛАСТИ,общеобразовательная организация,3621004148,"396140, ВОРОНЕЖСКАЯ ОБЛАСТЬ, Р-Н ПАНИНСКИЙ, РП. ПАНИНО, УЛ. СОВЕТСКАЯ, Д. 17","51.648132, 40.136062",действующая,08-02-2025,19-02-2001,362101001,1023600512320,28-11-2002,20235551000,20635151051,51702428,4210007,14,85.14,2014,75403,Муниципальное бюджетное учреждение,МБУ,2014,ДИРЕКТОР,Бабичева Ирина Сергеевна,0,головная организация
Панинский,"МБУДО ""ДЮЦ""","МУНИЦИПАЛЬНОЕ БЮДЖЕТНОЕ УЧРЕЖДЕНИЕ ДОПОЛНИТЕЛЬНОГО ОБРАЗОВАНИЯ ПАНИНСКОГО МУНИЦИПАЛЬНОГО РАЙОНА ВОРОНЕЖСКОЙ ОБЛАСТИ ""ДЕТСКО-ЮНОШЕСКИЙ ЦЕНТР""",организация доп. образования,3621006473,"396140, ВОРОНЕЖСКАЯ ОБЛАСТЬ, Р-Н ПАНИНСКИЙ, РП. ПАНИНО, УЛ. СОВЕТСКАЯ, Д. 15","51.648102, 40.134978",действующая,12-02-2026,17-10-2019,362101001,1193668038410,17-10-2019,20235551000,20635151051,41865284,4210007,14,85.41,2014,75403,Муниципальное бюджетное учреждение,МБУ,2014,ИСПОЛНЯЮЩИЙ ОБЯЗАННОСТИ ДИРЕКТОРА,Королева Ольга Васильевна,0,головная организация
Панинский,"МКДОУ ДЕТСКИЙ САД ""СКАЗОЧНАЯ СТРАНА""","МУНИЦИПАЛЬНОЕ КАЗЕННОЕ ДОШКОЛЬНОЕ ОБРАЗОВАТЕЛЬНОЕ УЧРЕЖДЕНИЕ ДЕТСКИЙ САД ""СКАЗОЧНАЯ СТРАНА"" ПАНИНСКОГО МУНИЦИПАЛЬНОГО РАЙОНА ВОРОНЕЖСКОЙ ОБЛАСТИ",дошкольное образование,3621004518,"396140, ВОРОНЕЖСКАЯ ОБЛАСТЬ, Р-Н ПАНИНСКИЙ, РП. ПАНИНО, УЛ. КРАСНАЯ ПЛОЩАДЬ, Д. 13К","51.646038, 40.13757",действующая,06-02-2025,17-05-2002,362101001,1023600509646,30-10-2002,20235551000,20635151051,10633462,4210007,14,85.11,2014,75404,Муниципальное казенное учреждение,МКУ,2014,ЗАВЕДУЮЩАЯ,Игнатьева Ирина Леонидовна,0,головная организация
Панинский,"МКДОУ ДЕТСКИЙ САД ""ТЕРЕМОК""-""ЦППМСП""","МУНИЦИПАЛЬНОЕ КАЗЕННОЕ ДОШКОЛЬНОЕ ОБРАЗОВАТЕЛЬНОЕ УЧРЕЖДЕНИЕ ДЕТСКИЙ САД ""ТЕРЕМОК""-""ЦЕНТР ПСИХОЛОГО-ПЕДАГОГИЧЕСКОЙ, МЕДИЦИНСКОЙ И СОЦИАЛЬНОЙ ПОМОЩИ ПАНИНСКОГО МУНИЦИПАЛЬНОГО РАЙОНА ВОРОНЕЖСКОЙ ОБЛАСТИ""",дошкольное образование,3621004557,"396160, ВОРОНЕЖСКАЯ ОБЛАСТЬ, Р-Н ПАНИНСКИЙ, РП. ПЕРЕЛЕШИНСКИЙ, УЛ. ЛЕНИНА, Д.7, -, -","51.7144443, 40.2023084",действующая,12-02-2026,17-05-2002,362101001,1023600509580,29-10-2002,20235560000,20635160051,10633677,4210007,14,85.11,2014,75404,Муниципальное казенное учреждение,МКУ,2014,ЗАВЕДУЮЩИЙ,Матюшина Елена Александровна,0,головная организация
Панинский,МКОУ 1-МИХАЙЛОВСКАЯ СОШ,МУНИЦИПАЛЬНОЕ КАЗЕННОЕ ОБЩЕОБРАЗОВАТЕЛЬНОЕ УЧРЕЖДЕНИЕ 1-МИХАЙЛОВСКАЯ СРЕДНЯЯ ОБЩЕОБРАЗОВАТЕЛЬНАЯ ШКОЛА ПАНИНСКОГО МУНИЦИПАЛЬНОГО РАЙОНА ВОРОНЕЖСКОЙ ОБЛАСТИ,общеобразовательная организация,3621004123,"396166, ВОРОНЕЖСКАЯ ОБЛАСТЬ, Р-Н ПАНИНСКИЙ, С. МИХАЙЛОВКА 1-Я, УЛ. ШКОЛЬНАЯ, Д.1","51.636501, 40.3827541",действующая,03-02-2025,19-02-2001,362101001,1023600512760,30-11-2002,20235840001,20635440101,51713411,4210007,14,85.14,2014,75404,Муниципальное казенное учреждение,МКУ,2014,ДИРЕКТОР,Евлахова Вера Павловна,0,головная организация
Панинский,МКОУ ИВАНОВСКАЯ СОШ,МУНИЦИПАЛЬНОЕ КАЗЕННОЕ ОБЩЕОБРАЗОВАТЕЛЬНОЕ УЧРЕЖДЕНИЕ ИВАНОВСКАЯ СРЕДНЯЯ ОБЩЕОБРАЗОВАТЕЛЬНАЯ ШКОЛА ПАНИНСКОГО МУНИЦИПАЛЬНОГО РАЙОНА ВОРОНЕЖСКОЙ ОБЛАСТИ,общеобразовательная организация,3621004003,"396201, ВОРОНЕЖСКАЯ ОБЛАСТЬ, Р-Н ПАНИНСКИЙ, С ДМИТРИЕВКА, УЛ БЕВЗ, Д. 9, -","51.7462079, 40.0853167",действующая,23-05-2025,19-02-2001,362101001,1023600511362,22-11-2002,20235806001,20635406101,51712825,4210007,14,85.14,2014,75404,Муниципальное казенное учреждение,МКУ,2014,ДИРЕКТОР,Чикина Татьяна Васильевна,0,головная организация
Панинский,МКОУ КРАСНОЛИМАНОВСКАЯ СОШ,МУНИЦИПАЛЬНОЕ КАЗЕННОЕ ОБЩЕОБРАЗОВАТЕЛЬНОЕ УЧРЕЖДЕНИЕ КРАСНОЛИМАНОВСКАЯ СРЕДНЯЯ ОБЩЕОБРАЗОВАТЕЛЬНАЯ ШКОЛА ПАНИНСКОГО МУНИЦИПАЛЬНОГО РАЙОНА ВОРОНЕЖСКОЙ ОБЛАСТИ,общеобразовательная организация,3621004081,"396149, ВОРОНЕЖСКАЯ ОБЛАСТЬ, Р-Н ПАНИНСКИЙ, С. КРАСНЫЙ ЛИМАН 2-Й, УЛ. ПАРТИЗАНСКАЯ, Д.118","51.4559491, 39.8576285",действующая,01-08-2025,19-02-2001,362101001,1023600512396,28-11-2002,20235816004,20635416116,51702465,4210007,14,85.14,2014,75404,Муниципальное казенное учреждение,МКУ,2014,ИСПОЛНЯЮЩИЙ ОБЯЗАННОСТИ ДИРЕКТОРА,Сорокина Оксана Николаевна,0,головная организация
Панинский,МКОУ КРИУШАНСКАЯ СОШ,МУНИЦИПАЛЬНОЕ КАЗЕННОЕ ОБЩЕОБРАЗОВАТЕЛЬНОЕ УЧРЕЖДЕНИЕ КРИУШАНСКАЯ СРЕДНЯЯ ОБЩЕОБРАЗОВАТЕЛЬНАЯ ШКОЛА ПАНИНСКОГО МУНИЦИПАЛЬНОГО РАЙОНА ВОРОНЕЖСКОЙ ОБЛАСТИ,общеобразовательная организация,3621004162,"396151, ВОРОНЕЖСКАЯ ОБЛАСТЬ, Р-Н ПАНИНСКИЙ, С. КРИУША, УЛ. ЦЕНТРАЛЬНАЯ, Д. 68А","51.46303, 40.0500224",действующая,28-04-2025,19-02-2001,362101001,1023600512407,28-11-2002,20235824001,20635424101,51713374,4210007,14,85.14,2014,75404,Муниципальное казенное учреждение,МКУ,2014,ДИРЕКТОР,Лысенко Надежда Васильевна,0,головная организация
Панинский,МКОУ ЛИМАНОВСКАЯ СОШ,МУНИЦИПАЛЬНОЕ КАЗЕННОЕ ОБЩЕОБРАЗОВАТЕЛЬНОЕ УЧРЕЖДЕНИЕ ЛИМАНОВСКАЯ СРЕДНЯЯ ОБЩЕОБРАЗОВАТЕЛЬНАЯ ШКОЛА ПАНИНСКОГО МУНИЦИПАЛЬНОГО РАЙОНА ВОРОНЕЖСКОЙ ОБЛАСТИ,общеобразовательная организация,3621004155,"396147, ВОРОНЕЖСКАЯ ОБЛАСТЬ, Р-Н ПАНИНСКИЙ, С КРАСНЫЙ ЛИМАН, УЛ ШКОЛЬНАЯ, Д. 50","51.5250583, 39.8661796",действующая,22-06-2025,19-02-2001,362101001,1023600512693,29-11-2002,20235816001,20635416101,51712860,4210007,14,85.14,2014,75404,Муниципальное казенное учреждение,МКУ,2014,ИСПОЛНЯЮЩИЙ ОБЯЗАННОСТИ ДИРЕКТОРА,Кучмезова Валентина Анатольевна,0,головная организация
Панинский,МКОУ МИРОВСКАЯ ООШ,МУНИЦИПАЛЬНОЕ КАЗЕННОЕ ОБЩЕОБРАЗОВАТЕЛЬНОЕ УЧРЕЖДЕНИЕ МИРОВСКАЯ ОСНОВНАЯ ОБЩЕОБРАЗОВАТЕЛЬНАЯ ШКОЛА ПАНИНСКОГО МУНИЦИПАЛЬНОГО РАЙОНА ВОРОНЕЖСКОЙ ОБЛАСТИ,общеобразовательная организация,3621004204,"396154, ВОРОНЕЖСКАЯ ОБЛАСТЬ, М.Р-Н ПАНИНСКИЙ, С.П. РОСТАШЕВСКОЕ, П АЛОЕ ПОЛЕ, УЛ ШКОЛЬНАЯ, Д. 7Б","51.6106488, 40.0584601",действующая,09-02-2025,19-02-2001,362101001,1023600512319,28-11-2002,20235844001,20635444101,51702436,4210007,14,85.13,2014,75404,Муниципальное казенное учреждение,МКУ,2014,ДИРЕКТОР,Ситникова Светлана Васильевна,0,головная организация
Панинский,МКОУ МИХАЙЛОВСКАЯ СОШ,МУНИЦИПАЛЬНОЕ КАЗЕННОЕ ОБЩЕОБРАЗОВАТЕЛЬНОЕ УЧРЕЖДЕНИЕ МИХАЙЛОВСКАЯ СРЕДНЯЯ ОБЩЕОБРАЗОВАТЕЛЬНАЯ ШКОЛА ПАНИНСКОГО МУНИЦИПАЛЬНОГО РАЙОНА ВОРОНЕЖСКОЙ ОБЛАСТИ,общеобразовательная организация,3621004074,"396164, ВОРОНЕЖСКАЯ ОБЛАСТЬ, Р-Н ПАНИНСКИЙ, П. МИХАЙЛОВСКИЙ, УЛ. НОВАЯ, Д.1А, -, -","51.610809, 40.2741688",действующая,11-06-2025,19-02-2001,362101001,1023600512418,28-11-2002,20235832001,20635432101,51702413,4210007,14,85.14,2014,75404,Муниципальное казенное учреждение,МКУ,2014,ИСПОЛНЯЮЩИЙ ОБЯЗАННОСТИ ДИРЕКТОРА,Кондаурова Людмила Васильевна,0,головная организация
Панинский,МКОУ ПЕРЕЛЕШИНСКАЯ СОШ,МУНИЦИПАЛЬНОЕ КАЗЕННОЕ ОБЩЕОБРАЗОВАТЕЛЬНОЕ УЧРЕЖДЕНИЕ ПЕРЕЛЕШИНСКАЯ СРЕДНЯЯ ОБЩЕОБРАЗОВАТЕЛЬНАЯ ШКОЛА ПАНИНСКОГО МУНИЦИПАЛЬНОГО РАЙОНА ВОРОНЕЖСКОЙ ОБЛАСТИ,общеобразовательная организация,3621004028,"396180, ВОРОНЕЖСКАЯ ОБЛАСТЬ, Р-Н ПАНИНСКИЙ, П. ПЕРЕЛЕШИНО, УЛ. 50 ЛЕТ ОКТЯБРЯ, Д. 5Б","51.731851, 40.1355062",действующая,17-02-2025,19-02-2001,362101001,1023600512429,28-11-2002,20235812001,20635412101,51713368,4210007,14,85.14,2014,75404,Муниципальное казенное учреждение,МКУ,2014,ДИРЕКТОР,Мичманова Наталия Николаевна,0,головная организация
Панинский,МКОУ ПЕТРОВСКАЯ СОШ,МУНИЦИПАЛЬНОЕ КАЗЕННОЕ ОБЩЕОБРАЗОВАТЕЛЬНОЕ УЧРЕЖДЕНИЕ ПЕТРОВСКАЯ СРЕДНЯЯ ОБЩЕОБРАЗОВАТЕЛЬНАЯ ШКОЛА ПАНИНСКОГО МУНИЦИПАЛЬНОГО РАЙОНА ВОРОНЕЖСКОЙ ОБЛАСТИ,общеобразовательная организация,3621003994,"396160, ВОРОНЕЖСКАЯ ОБЛАСТЬ, Р-Н ПАНИНСКИЙ, РП. ПЕРЕЛЕШИНСКИЙ, УЛ. ЛЕНИНА, Д. 5","51.7144443, 40.2023084",действующая,29-08-2025,19-02-2001,362101001,1023600512759,30-11-2002,20235560000,20635160051,51712890,4210007,14,85.14,2014,75404,Муниципальное казенное учреждение,МКУ,2014,ДИРЕКТОР,Гвоздкова Марина Валериевна,0,головная организация
Панинский,МКОУ ТОЙДИНСКАЯ СОШ,МУНИЦИПАЛЬНОЕ КАЗЕННОЕ ОБЩЕОБРАЗОВАТЕЛЬНОЕ УЧРЕЖДЕНИЕ ТОЙДИНСКАЯ СРЕДНЯЯ ОБЩЕОБРАЗОВАТЕЛЬНАЯ ШКОЛА ПАНИНСКОГО МУНИЦИПАЛЬНОГО РАЙОНА ВОРОНЕЖСКОЙ ОБЛАСТИ,общеобразовательная организация,3621003955,"396172, ВОРОНЕЖСКАЯ ОБЛАСТЬ, Р-Н ПАНИНСКИЙ, П. ТОЙДА 1-Я, УЛ. ШКОЛЬНАЯ, Д.14","51.5481069, 40.1375684",действующая,22-10-2025,19-02-2001,362101001,1023600512737,30-11-2002,20235848002,20635436131,51713345,4210007,14,85.14,2014,75404,Муниципальное казенное учреждение,МКУ,2014,ДИРЕКТОР,Филиппова Людмила Александровна,0,головная организация
Панинский,ОТДЕЛ ПО ОБРАЗОВАНИЮ АДМИНИСТРАЦИИ ПАНИНСКОГО МУНИЦИПАЛЬНОГО РАЙОНА,"ОТДЕЛ ПО ОБРАЗОВАНИЮ, ОПЕКЕ, ПОПЕЧИТЕЛЬСТВУ, СПОРТУ И РАБОТЕ С МОЛОДЕЖЬЮ АДМИНИСТРАЦИИ ПАНИНСКОГО МУНИЦИПАЛЬНОГО РАЙОНА ВОРОНЕЖСКОЙ ОБЛАСТИ",отдел,3621001860,"396140, ВОРОНЕЖСКАЯ ОБЛАСТЬ, Р-Н ПАНИНСКИЙ, РП. ПАНИНО, УЛ. СОВЕТСКАЯ, Д. 41","51.650044, 40.141002",действующая,11-06-2025,26-12-1991,362101001,1023600510735,14-11-2002,20235551000,20635151051,02104809,3300100,14,84.11.3,2014,75404,Муниципальное казенное учреждение,МКУ,2014,ИСПОЛНЯЮЩИЙ ОБЯЗАННОСТИ РУКОВОДИТЕЛЯ,Ханенко Павел Александрович,0,головная организация
Петропавловский,"МКДОУ ""ЦППМСП ПЕТРОПАВЛОВСКОГО МУНИЦИПАЛЬНОГО РАЙОНА-ДЕТСКИЙ САД""","МУНИЦИПАЛЬНОЕ КАЗЕННОЕ ДОШКОЛЬНОЕ ОБРАЗОВАТЕЛЬНОЕ УЧРЕЖДЕНИЕ ""ЦЕНТР ПСИХОЛОГО - ПЕДАГОГИЧЕСКОЙ, МЕДИЦИНСКОЙ И СОЦИАЛЬНОЙ ПОМОЩИ ПЕТРОПАВЛОВСКОГО МУНИЦИПАЛЬНОГО РАЙОНА-ДЕТСКИЙ САД""",дошкольное образование,3622003482,"397670, ВОРОНЕЖСКАЯ ОБЛАСТЬ, Р-Н ПЕТРОПАВЛОВСКИЙ, С ПЕТРОПАВЛОВКА, УЛ ТУРКЕНИЧА, ЗД. 3, ----","50.0885128, 40.8866107",действующая,21-01-2026,20-01-2000,362201001,1023600792335,02-11-2002,20237836001,20637436101,53139554,4210007,14,85.11,2014,75404,Муниципальное казенное учреждение,МКУ,2014,ЗАВЕДУЮЩАЯ,Петрова Елена Ивановна,0,головная организация
Петропавловский,МКОУ БЫЧКОВСКАЯ СОШ,МУНИЦИПАЛЬНОЕ КАЗЕННОЕ ОБЩЕОБРАЗОВАТЕЛЬНОЕ УЧРЕЖДЕНИЕ БЫЧКОВСКАЯ СРЕДНЯЯ ОБЩЕОБРАЗОВАТЕЛЬНАЯ ШКОЛА,общеобразовательная организация,3622003605,"397674, ВОРОНЕЖСКАЯ ОБЛАСТЬ, Р-Н ПЕТРОПАВЛОВСКИЙ, С БЫЧОК, УЛ ШКОЛЬНАЯ, ЗД. 3, ----","50.0263104, 40.7730212",действующая,10-02-2025,24-12-2001,362201001,1023600792038,23-10-2002,20237808001,20637408101,56445398,4210007,14,85.13,2014,75404,Муниципальное казенное учреждение,МКУ,2014,ДИРЕКТОР,Волкова Татьяна Викторовна,0,головная организация
Петропавловский,МКОУ КРАСНОСЕЛОВСКАЯ СОШ,МУНИЦИПАЛЬНОЕ КАЗЕННОЕ ОБЩЕОБРАЗОВАТЕЛЬНОЕ УЧРЕЖДЕНИЕ КРАСНОСЕЛОВСКАЯ СРЕДНЯЯ ОБЩЕОБРАЗОВАТЕЛЬНАЯ ШКОЛА,общеобразовательная организация,3622003563,"397691, ВОРОНЕЖСКАЯ ОБЛАСТЬ, Р-Н ПЕТРОПАВЛОВСКИЙ, С. КРАСНОСЕЛОВКА, УЛ. ЛЕНИНА, Д.36, ----, ----","50.176817, 40.851695",действующая,02-02-2025,19-12-2001,362201001,1023600792357,02-11-2002,20237812001,20637412101,54687944,4210007,14,85.13,2014,75404,Муниципальное казенное учреждение,МКУ,2014,ДИРЕКТОР,Калюжная Ирина Владиславовна,0,головная организация
Петропавловский,МКОУ КРАСНОФЛОТСКАЯ СОШ,МУНИЦИПАЛЬНОЕ КАЗЕННОЕ ОБЩЕОБРАЗОВАТЕЛЬНОЕ УЧРЕЖДЕНИЕ КРАСНОФЛОТСКАЯ СРЕДНЯЯ ОБЩЕОБРАЗОВАТЕЛЬНАЯ ШКОЛА,общеобразовательная организация,3622003588,"397686, ВОРОНЕЖСКАЯ ОБЛАСТЬ, Р-Н ПЕТРОПАВЛОВСКИЙ, С КРАСНОФЛОТСКОЕ, УЛ ЛЕНИНА, Д. 62А","50.0672406, 41.2373535",действующая,08-05-2025,24-12-2001,362201001,1023600792050,23-10-2002,20237816001,20637416101,56445381,4210007,14,85.14,2014,75404,Муниципальное казенное учреждение,МКУ,2014,ДИРЕКТОР,Степовая Анна Александровна,0,головная организация
Петропавловский,МКОУ КУЙБЫШЕВСКАЯ ООШ,МУНИЦИПАЛЬНОЕ КАЗЕННОЕ ОБЩЕОБРАЗОВАТЕЛЬНОЕ УЧРЕЖДЕНИЕ КУЙБЫШЕВСКАЯ ОСНОВНАЯ ОБЩЕОБРАЗОВАТЕЛЬНАЯ ШКОЛА,общеобразовательная организация,3622003595,"397687, ВОРОНЕЖСКАЯ ОБЛАСТЬ, Р-Н ПЕТРОПАВЛОВСКИЙ, Х. ИНДЫЧИЙ, УЛ. ШКОЛЬНАЯ, Д.27 ""А"", -----, -----","50.2361258, 40.8438191",действующая,10-02-2025,24-12-2001,362201001,1023600793259,28-11-2002,20237844002,20637444106,56445406,4210007,14,85.13,2014,75404,Муниципальное казенное учреждение,МКУ,2014,ДИРЕКТОР,Бондарева Светлана Васильевна,0,головная организация
Петропавловский,МКОУ НОВОБОГОРОДИЦКАЯ ООШ,МУНИЦИПАЛЬНОЕ КАЗЕННОЕ ОБЩЕОБРАЗОВАТЕЛЬНОЕ УЧРЕЖДЕНИЕ НОВОБОГОРОДИЦКАЯ ОСНОВНАЯ ОБЩЕОБРАЗОВАТЕЛЬНАЯ ШКОЛА,общеобразовательная организация,3622003683,"397670, ВОРОНЕЖСКАЯ ОБЛАСТЬ, Р-Н ПЕТРОПАВЛОВСКИЙ, С НОВОБОГОРОДИЦКОЕ, УЛ ЛЕНИНА, Д. 40, ----","50.0356572, 40.9806168",действующая,07-10-2025,31-01-2001,362201001,1023600796449,10-12-2002,20237820001,20637420101,56446831,4210007,14,85.13,2014,75404,Муниципальное казенное учреждение,МКУ,2014,ДИРЕКТОР,Коростелева Мария Семеновна,0,головная организация
Петропавловский,МКОУ НОВОЛИМАНСКАЯ СОШ,МУНИЦИПАЛЬНОЕ КАЗЕННОЕ ОБЩЕОБРАЗОВАТЕЛЬНОЕ УЧРЕЖДЕНИЕ НОВОЛИМАНСКАЯ СРЕДНЯЯ ОБЩЕОБРАЗОВАТЕЛЬНАЯ ШКОЛА,общеобразовательная организация,3622003644,"397676, ВОРОНЕЖСКАЯ ОБЛАСТЬ, Р-Н ПЕТРОПАВЛОВСКИЙ, С НОВЫЙ ЛИМАН, УЛ СОВЕТСКАЯ, ЗД. 76, ----","49.9452518, 40.9191028",действующая,12-02-2025,24-12-2001,362201001,1023600791851,12-10-2002,20237824001,20637424101,56445464,4210007,14,85.13,2014,75404,Муниципальное казенное учреждение,МКУ,2014,ДИРЕКТОР,Раков Андрей Петрович,0,головная организация
Петропавловский,МКОУ НОВОТРОИЦКАЯ СОШ,МУНИЦИПАЛЬНОЕ КАЗЕННОЕ ОБЩЕОБРАЗОВАТЕЛЬНОЕ УЧРЕЖДЕНИЕ НОВОТРОИЦКАЯ СРЕДНЯЯ ОБЩЕОБРАЗОВАТЕЛЬНАЯ ШКОЛА,общеобразовательная организация,3622003612,"397683, ВОРОНЕЖСКАЯ ОБЛАСТЬ, Р-Н ПЕТРОПАВЛОВСКИЙ, С. НОВОТРОИЦКОЕ, УЛ. СТЕПНАЯ, Д.26/А, ----, ----","50.1256948, 41.0952265",действующая,12-02-2025,24-12-2001,362201001,1023600795019,07-12-2002,20237828001,20637428101,56445441,4210007,14,85.14,2014,75404,Муниципальное казенное учреждение,МКУ,2014,ДИРЕКТОР,Лежнева Татьяна Дмитриевна,0,головная организация
Петропавловский,МКОУ ПЕСКОВСКАЯ СОШ,МУНИЦИПАЛЬНОЕ КАЗЕННОЕ ОБЩЕОБРАЗОВАТЕЛЬНОЕ УЧРЕЖДЕНИЕ ПЕСКОВСКАЯ СРЕДНЯЯ ОБЩЕОБРАЗОВАТЕЛЬНАЯ ШКОЛА,общеобразовательная организация,3622003637,"397692, ВОРОНЕЖСКАЯ ОБЛАСТЬ, Р-Н ПЕТРОПАВЛОВСКИЙ, С ПЕСКИ, УЛ ЦЕНТРАЛЬНАЯ, ЗД. 75, ----","50.2636407, 40.8754738",действующая,08-02-2025,24-12-2001,362201001,1023600792049,23-10-2002,20237832001,20637432101,56445412,4210007,14,85.13,2014,75404,Муниципальное казенное учреждение,МКУ,2014,ДИРЕКТОР,Индюков Владимир Петрович,0,головная организация
Петропавловский,МКОУ ПЕТРОПАВЛОВСКАЯ СОШ,МУНИЦИПАЛЬНОЕ КАЗЕННОЕ ОБЩЕОБРАЗОВАТЕЛЬНОЕ УЧРЕЖДЕНИЕ ПЕТРОПАВЛОВСКАЯ СРЕДНЯЯ ОБЩЕОБРАЗОВАТЕЛЬНАЯ ШКОЛА,общеобразовательная организация,3622003475,"397670, ВОРОНЕЖСКАЯ ОБЛАСТЬ, Р-Н ПЕТРОПАВЛОВСКИЙ, С ПЕТРОПАВЛОВКА, УЛ ТУРКЕНИЧА, Д. 29, ----","50.0863333, 40.8852794",действующая,09-06-2025,24-12-2001,362201001,1023600792324,02-11-2002,20237836001,20637436101,53139979,4210007,14,85.13,2014,75404,Муниципальное казенное учреждение,МКУ,2014,ДИРЕКТОР ШКОЛЫ,Коржов Евгений Иванович,0,головная организация
Петропавловский,МКОУ СТАРОКРИУШАНСКАЯ СОШ,МУНИЦИПАЛЬНОЕ КАЗЕННОЕ ОБЩЕОБРАЗОВАТЕЛЬНОЕ УЧРЕЖДЕНИЕ СТАРОКРИУШАНСКАЯ СРЕДНЯЯ ОБЩЕОБРАЗОВАТЕЛЬНАЯ ШКОЛА,общеобразовательная организация,3622003651,"397685, ВОРОНЕЖСКАЯ ОБЛАСТЬ, Р-Н ПЕТРОПАВЛОВСКИЙ, С СТАРАЯ КРИУША, УЛ ЛЕНИНА, Д. 26, ----","50.1914213, 41.1350866",действующая,08-05-2025,31-01-2001,362201001,1023600792346,02-11-2002,20237840001,20637440101,56446819,4210007,14,85.13,2014,75404,Муниципальное казенное учреждение,МКУ,2014,ДИРЕКТОР,Степовой Михаил Васильевич,0,головная организация
Петропавловский,МКОУ СТАРОМЕЛОВАТСКАЯ СОШ,МУНИЦИПАЛЬНОЕ КАЗЕННОЕ ОБЩЕОБРАЗОВАТЕЛЬНОЕ УЧРЕЖДЕНИЕ СТАРОМЕЛОВАТСКАЯ СРЕДНЯЯ ОБЩЕОБРАЗОВАТЕЛЬНАЯ ШКОЛА,общеобразовательная организация,3622003771,"397673, ВОРОНЕЖСКАЯ ОБЛАСТЬ, Р-Н ПЕТРОПАВЛОВСКИЙ, С. СТАРАЯ МЕЛОВАЯ, УЛ. ПЕРВОМАЙСКАЯ, Д. 11","50.277459, 40.868557",действующая,06-02-2025,24-12-2001,362201001,1023600792368,02-11-2002,20237844001,20637444101,56447612,4210007,14,85.13,2014,75404,Муниципальное казенное учреждение,МКУ,2014,Директор,Ступникова Тамара Юрьевна,0,головная организация
Петропавловский,"МКУ ДО ""ПЕТРОПАВЛОВСКАЯ ДЮСШ""","МУНИЦИПАЛЬНОЕ КАЗЕННОЕ УЧРЕЖДЕНИЕ ДОПОЛНИТЕЛЬНОГО ОБРАЗОВАНИЯ ""ПЕТРОПАВЛОВСКАЯ ДЕТСКО-ЮНОШЕСКАЯ СПОРТИВНАЯ ШКОЛА ПЕТРОПАВЛОВСКОГО МУНИЦИПАЛЬНОГО РАЙОНА ВОРОНЕЖСКОЙ ОБЛАСТИ""",организация доп. образования,3622004334,"397670, ВОРОНЕЖСКАЯ ОБЛАСТЬ, Р-Н ПЕТРОПАВЛОВСКИЙ, С ПЕТРОПАВЛОВКА, УЛ ПОБЕДЫ, ЗД. 30/1","50.087348, 40.884819",действующая,05-02-2026,23-01-2006,362201001,1063610000805,23-01-2006,20237836001,20637436101,79276320,4210007,14,93.11,2014,75404,Муниципальное казенное учреждение,МКУ,2014,ДИРЕКТОР,Гарбузов Максим Александрович,0,головная организация
Петропавловский,МКУДО ПЕТРОПАВЛОВСКИЙ ДДТ,МУНИЦИПАЛЬНОЕ КАЗЕННОЕ УЧРЕЖДЕНИЕ ДОПОЛНИТЕЛЬНОГО ОБРАЗОВАНИЯ ПЕТРОПАВЛОВСКИЙ ДОМ ДЕТСКОГО ТВОРЧЕСТВА,организация доп. образования,3622003740,"397670, ВОРОНЕЖСКАЯ ОБЛАСТЬ, Р-Н ПЕТРОПАВЛОВСКИЙ, С ПЕТРОПАВЛОВКА, УЛ ПОБЕДЫ, ЗД. 34, ----","50.087557, 40.885794",действующая,09-06-2025,08-02-2001,362201001,1023600797549,17-12-2002,20237836001,20637436101,56446883,4210007,14,85.41,2014,75404,Муниципальное казенное учреждение,МКУ,2014,ДИРЕКТОР,Сычева Светлана Ивановна,0,головная организация
Петропавловский,ОТДЕЛ ПО ОБРАЗОВАНИЮ И МОЛОДЕЖНОЙ ПОЛИТИКЕ,ОТДЕЛ ПО ОБРАЗОВАНИЮ И МОЛОДЕЖНОЙ ПОЛИТИКЕ АДМИНИСТРАЦИИ ПЕТРОПАВЛОВСКОГО МУНИЦИПАЛЬНОГО РАЙОНА ВОРОНЕЖСКОЙ ОБЛАСТИ,отдел,3622002009,"397670, ВОРОНЕЖСКАЯ ОБЛАСТЬ, Р-Н ПЕТРОПАВЛОВСКИЙ, С ПЕТРОПАВЛОВКА, УЛ ПОБЕДЫ, Д. 67","50.086499, 40.883465",действующая,14-08-2025,20-01-1992,362201001,1023600796559,11-12-2002,20237836001,20637436101,02104815,3300100,14,84.11.3,2014,75404,Муниципальное казенное учреждение,МКУ,2014,РУКОВОДИТЕЛЬ ОТДЕЛА,Овсянников Николай Михайлович,0,головная организация
Поворинский,"МБОУ ""СОШ №2"" Г.ПОВОРИНО","МУНИЦИПАЛЬНОЕ БЮДЖЕТНОЕ ОБЩЕОБРАЗОВАТЕЛЬНОЕ УЧРЕЖДЕНИЕ ""СРЕДНЯЯ ОБЩЕОБРАЗОВАТЕЛЬНАЯ ШКОЛА №2"" Г.ПОВОРИНО",общеобразовательная организация,3623005517,"397350, ВОРОНЕЖСКАЯ ОБЛАСТЬ, М.Р-Н ПОВОРИНСКИЙ, Г.П. ГОРОД ПОВОРИНО, Г ПОВОРИНО, УЛ САДОВАЯ, Д. 15","51.203262, 42.231373",действующая,02-12-2025,18-10-1999,362301001,1023600617590,27-12-2002,20239501000,20639101001,49742150,4210007,14,85.14,2014,75403,Муниципальное бюджетное учреждение,МБУ,2014,ДИРЕКТОР,Цанава Лариса Геннадьевна,0,головная организация
Поворинский,"МКДОУ ""ДЕТСКИЙ САД № 1 - ЦЕНТР ППМСП"" ПОВОРИНСКОГО МУНИЦИПАЛЬНОГО РАЙОНА","МУНИЦИПАЛЬНОЕ КАЗЕННОЕ ДОШКОЛЬНОЕ ОБРАЗОВАТЕЛЬНОЕ УЧРЕЖДЕНИЕ ""ДЕТСКИЙ САД № 1-ЦЕНТР ПСИХОЛОГО-ПЕДАГОГИЧЕСКОЙ, МЕДИЦИНСКОЙ И СОЦИАЛЬНОЙ ПОМОЩИ"" ПОВОРИНСКОГО МУНИЦИПАЛЬНОГО РАЙОНА",дошкольное образование,3623004640,"397350, ВОРОНЕЖСКАЯ ОБЛАСТЬ, М.Р-Н ПОВОРИНСКИЙ, Г.П. ГОРОД ПОВОРИНО, Г ПОВОРИНО, УЛ МАЛАЯ ЛЕСОЗАЩИТНАЯ, ЗД. 13","51.1846764, 42.23631",действующая,28-01-2026,18-11-1996,362301001,1033659500049,08-01-2003,20239501000,20639101001,44734174,4210007,14,85.11,2014,75404,Муниципальное казенное учреждение,МКУ,2014,ЗАВЕДУЮЩИЙ,Серебрякова Светлана Игоревна,0,головная организация
Поворинский,"МКДОУ ""ДЕТСКИЙ САД № 4"" Г.ПОВОРИНО","МУНИЦИПАЛЬНОЕ КАЗЕННОЕ ДОШКОЛЬНОЕ ОБРАЗОВАТЕЛЬНОЕ УЧРЕЖДЕНИЕ ""ДЕТСКИЙ САД № 4"" Г.ПОВОРИНО",дошкольное образование,3623008388,"397350, ВОРОНЕЖСКАЯ ОБЛАСТЬ, Р-Н ПОВОРИНСКИЙ, Г. ПОВОРИНО, УЛ. ПУШКИНА, Д.3 А","51.1930583, 42.2376138",действующая,08-02-2025,24-11-2009,362301001,1093604000775,24-11-2009,20239501000,20639101001,63854482,4210007,14,85.11,2014,75404,Муниципальное казенное учреждение,МКУ,2014,ЗАВЕДУЮЩАЯ,Дрожжина Татьяна Петровна,0,головная организация
Поворинский,"МКДОУ ""ДЕТСКИЙ САД №3""Г.ПОВОРИНО","МУНИЦИПАЛЬНОЕ КАЗЕННОЕ ДОШКОЛЬНОЕ ОБРАЗОВАТЕЛЬНОЕ УЧРЕЖДЕНИЕ ""ДЕТСКИЙ САД №3""Г.ПОВОРИНО",дошкольное образование,3623004601,"397355, ВОРОНЕЖСКАЯ ОБЛАСТЬ, Р-Н ПОВОРИНСКИЙ, Г. ПОВОРИНО, УЛ. НАРОДНАЯ, Д. 66","51.198043, 42.258421",действующая,09-02-2025,06-09-1996,362301001,1033659500038,08-01-2003,20239501000,20639101001,44734157,4210007,14,85.11,2014,75404,Муниципальное казенное учреждение,МКУ,2014,ЗАВЕДУЮЩИЙ,Батищева Татьяна Ивановна,0,головная организация
Поворинский,"МКДОУ ""ПЕСКОВСКИЙ ДЕТСКИЙ САД""","МУНИЦИПАЛЬНОЕ КАЗЕННОЕ ДОШКОЛЬНОЕ ОБРАЗОВАТЕЛЬНОЕ УЧРЕЖДЕНИЕ ""ПЕСКОВСКИЙ ДЕТСКИЙ САД""",дошкольное образование,3623005860,"397340, ВОРОНЕЖСКАЯ ОБЛАСТЬ, Р-Н ПОВОРИНСКИЙ, С ПЕСКИ, УЛ ТЕПЛЯКОВА, ЗД. 192Б","51.2532664, 42.4685241",действующая,04-02-2025,06-06-2000,362301001,1023600616820,23-12-2002,20239824001,20639424101,25723863,4210007,14,85.11,2014,75404,Муниципальное казенное учреждение,МКУ,2014,ЗАВЕДУЮЩАЯ,Еркина Людмила Викторовна,0,головная организация
Поворинский,"МКОУ ""БАЙЧУРОВСКАЯ СОШ""","МУНИЦИПАЛЬНОЕ КАЗЕННОЕ ОБЩЕОБРАЗОВАТЕЛЬНОЕ УЧРЕЖДЕНИЕ ""БАЙЧУРОВСКАЯ СРЕДНЯЯ ОБЩЕОБРАЗОВАТЕЛЬНАЯ ШКОЛА""",общеобразовательная организация,3623005852,"397310, ВОРОНЕЖСКАЯ ОБЛАСТЬ, Р-Н ПОВОРИНСКИЙ, С. БАЙЧУРОВО, УЛ. ОКТЯБРЬСКАЯ, Д.19, -, -","51.347135, 42.685172",действующая,02-12-2025,24-12-2001,362301001,1023600616247,19-12-2002,20239804001,20639404101,56456255,4210007,14,85.14,2014,75404,Муниципальное казенное учреждение,МКУ,2014,ДИРЕКТОР,Хмырова Марина Александровна,0,головная организация
Поворинский,"МКОУ ""ИЛЬМЕНСКАЯ СОШ""","МУНИЦИПАЛЬНОЕ КАЗЕННОЕ ОБЩЕОБРАЗОВАТЕЛЬНОЕ УЧРЕЖДЕНИЕ ""ИЛЬМЕНСКАЯ СРЕДНЯЯ ОБЩЕОБРАЗОВАТЕЛЬНАЯ ШКОЛА""",общеобразовательная организация,3623005796,"397325, ВОРОНЕЖСКАЯ ОБЛАСТЬ, Р-Н ПОВОРИНСКИЙ, С ИЛЬМЕНЬ, УЛ САДОВАЯ, ЗД. 24А","51.300697, 42.5559003",действующая,19-12-2025,24-12-2001,362301001,1023600612023,10-11-2002,20239816002,20639416106,56443264,4210007,14,85.14,2014,75404,Муниципальное казенное учреждение,МКУ,2014,ДИРЕКТОР,Калашникова Галина Алексеевна,0,головная организация
Поворинский,"МКОУ ""МАЗУРСКАЯ ООШ""","МУНИЦИПАЛЬНОЕ КАЗЕННОЕ ОБЩЕОБРАЗОВАТЕЛЬНОЕ УЧРЕЖДЕНИЕ ""МАЗУРСКАЯ ОСНОВНАЯ ОБЩЕОБРАЗОВАТЕЛЬНАЯ ШКОЛА""",общеобразовательная организация,3623005877,"397320, ВОРОНЕЖСКАЯ ОБЛАСТЬ, Р-Н ПОВОРИНСКИЙ, С МАЗУРКА, ПЛ РЕВОЛЮЦИИ","51.276038, 42.5577116",действующая,19-12-2025,24-12-2001,362301001,1023600612067,10-11-2002,20239816001,20639416101,56456261,4210007,14,85.13,2014,75404,Муниципальное казенное учреждение,МКУ,2014,ДИРЕКТОР,Егорова Лариса Владимировна,0,головная организация
Поворинский,"МКОУ ""ОКТЯБРЬСКАЯ СОШ""","МУНИЦИПАЛЬНОЕ КАЗЕННОЕ ОБЩЕОБРАЗОВАТЕЛЬНОЕ УЧРЕЖДЕНИЕ ""ОКТЯБРЬСКАЯ СРЕДНЯЯ ОБЩЕОБРАЗОВАТЕЛЬНАЯ ШКОЛА""",общеобразовательная организация,3623005806,"397302, ВОРОНЕЖСКАЯ ОБЛАСТЬ, Р-Н ПОВОРИНСКИЙ, С. ОКТЯБРЬСКОЕ, УЛ. ЛЕНИНСКАЯ, Д.21, -, -","51.2380819, 41.9423558",действующая,02-12-2025,24-12-2001,362301001,1023600612463,12-11-2002,20239820001,20639420101,56456309,4210007,14,85.14,2014,75404,Муниципальное казенное учреждение,МКУ,2014,ДИРЕКТОР,Кузнецова Маргарита Германовна,0,головная организация
Поворинский,"МКОУ ""ПЕСКОВСКАЯ ООШ №2 ИМ. Д.А.ТЕПЛЯКОВА""","МУНИЦИПАЛЬНОЕ КАЗЕННОЕ ОБЩЕОБРАЗОВАТЕЛЬНОЕ УЧРЕЖДЕНИЕ ""ПЕСКОВСКАЯ ОСНОВНАЯ ОБЩЕОБРАЗОВАТЕЛЬНАЯ ШКОЛА №2 ИМЕНИ ГЕРОЯ СОВЕТСКОГО СОЮЗА Д.А.ТЕПЛЯКОВА""",общеобразовательная организация,3623005813,"397342, ВОРОНЕЖСКАЯ ОБЛАСТЬ, Р-Н ПОВОРИНСКИЙ, С. ПЕСКИ, ПЛ. СВОБОДЫ, Д. 4","51.23849, 42.436984",действующая,02-12-2025,24-12-2001,362301001,1023600615477,11-12-2002,20239824001,20639424101,57708693,4210007,14,85.13,2014,75404,Муниципальное казенное учреждение,МКУ,2014,ДИРЕКТОР,Тюнина Наталия Евгеньевна,0,головная организация
Поворинский,"МКОУ ""ПЕСКОВСКАЯ СОШ""","МУНИЦИПАЛЬНОЕ КАЗЕННОЕ ОБЩЕОБРАЗОВАТЕЛЬНОЕ УЧРЕЖДЕНИЕ ""ПЕСКОВСКАЯ СРЕДНЯЯ ОБЩЕОБРАЗОВАТЕЛЬНАЯ ШКОЛА""",общеобразовательная организация,3623005838,"397340, ВОРОНЕЖСКАЯ ОБЛАСТЬ, Р-Н ПОВОРИНСКИЙ, С ПЕСКИ, УЛ СОВЕТСКАЯ, ЗД. 14, -","51.2528539, 42.4598551",действующая,11-12-2025,06-06-2000,362301001,1023600612012,10-11-2002,20239824001,20639424101,56456290,4210007,14,85.14,2014,75404,Муниципальное казенное учреждение,МКУ,2014,ДИРЕКТОР,Поминов Андрей Валериевич,0,головная организация
Поворинский,"МКОУ ""ПОСЕЛКОВАЯ СОШ""","МУНИЦИПАЛЬНОЕ КАЗЕННОЕ ОБЩЕОБРАЗОВАТЕЛЬНОЕ УЧРЕЖДЕНИЕ ""ПОСЕЛКОВАЯ СРЕДНЯЯ ОБЩЕОБРАЗОВАТЕЛЬНАЯ ШКОЛА""",общеобразовательная организация,3623005901,"397300, ВОРОНЕЖСКАЯ ОБЛАСТЬ, Р-Н ПОВОРИНСКИЙ, П. ОКТЯБРЬСКИЙ, УЛ. ШКОЛЬНАЯ, Д.1, -, -","51.3761203, 42.8243353",действующая,02-12-2025,06-06-2000,362301001,1023600611946,06-11-2002,20239812001,20639412101,57708670,4210007,14,85.14,2014,75404,Муниципальное казенное учреждение,МКУ,2014,ДИРЕКТОР,Сутормина Галина Владимировна,0,головная организация
Поворинский,"МКОУ ""РОЖДЕСТВЕНСКАЯ СОШ""","МУНИЦИПАЛЬНОЕ КАЗЕННОЕ ОБЩЕОБРАЗОВАТЕЛЬНОЕ УЧРЕЖДЕНИЕ ""РОЖДЕСТВЕНСКАЯ СРЕДНЯЯ ОБЩЕОБРАЗОВАТЕЛЬНАЯ ШКОЛА ИМЕНИ ДВАЖДЫ ГЕРОЯ СОВЕТСКОГО СОЮЗА А.Н.ПРОХОРОВА""",общеобразовательная организация,3623005919,"397330, ВОРОНЕЖСКАЯ ОБЛАСТЬ, Р-Н ПОВОРИНСКИЙ, С. РОЖДЕСТВЕНСКОЕ, УЛ. 18 ПАРТСЪЕЗДА, Д.48, -, -","51.2383503, 42.1787579",действующая,20-01-2026,24-12-2001,362301001,1023600612056,10-11-2002,20239832001,20639432101,56456278,4210007,14,85.14,2014,75404,Муниципальное казенное учреждение,МКУ,2014,ДИРЕКТОР,Асоскова Ольга Викторовна,0,головная организация
Поворинский,"МКОУ ""СОШ №1"" Г.ПОВОРИНО","МУНИЦИПАЛЬНОЕ КАЗЕННОЕ ОБЩЕОБРАЗОВАТЕЛЬНОЕ УЧРЕЖДЕНИЕ ""СРЕДНЯЯ ОБЩЕОБРАЗОВАТЕЛЬНАЯ ШКОЛА №1"" Г.ПОВОРИНО",общеобразовательная организация,3623003816,"397350, ВОРОНЕЖСКАЯ ОБЛАСТЬ, Р-Н ПОВОРИНСКИЙ, Г. ПОВОРИНО, ПЕР. ШКОЛЬНЫЙ, Д. 4","51.1881045, 42.2333925",действующая,17-12-2025,10-10-1996,362301001,1023600615510,11-12-2002,20239501000,20639101001,44734140,4210007,14,85.14,2014,75404,Муниципальное казенное учреждение,МКУ,2014,ДИРЕКТОР,Родионова Наталья Николаевна,0,головная организация
Поворинский,"МКОУ ""СОШ №3"" Г.ПОВОРИНО","МУНИЦИПАЛЬНОЕ КАЗЕННОЕ ОБЩЕОБРАЗОВАТЕЛЬНОЕ УЧРЕЖДЕНИЕ ""СРЕДНЯЯ ОБЩЕОБРАЗОВАТЕЛЬНАЯ ШКОЛА №3"" Г.ПОВОРИНО",общеобразовательная организация,3623005490,"397350, ВОРОНЕЖСКАЯ ОБЛАСТЬ, Р-Н ПОВОРИНСКИЙ, Г. ПОВОРИНО, УЛ. НАРОДНАЯ, Д. 64","51.19779, 42.258549",действующая,25-12-2025,18-10-1999,362301001,1023600617600,27-12-2002,20239501000,20639101001,49742173,4210007,14,85.14,2014,75404,Муниципальное казенное учреждение,МКУ,2014,ДИРЕКТОР,Асоскова Елена Васильевна,0,головная организация
Поворинский,МКОУ ПЕСКОВСКАЯ ООШ №1,МУНИЦИПАЛЬНОЕ КАЗЕННОЕ ОБЩЕОБРАЗОВАТЕЛЬНОЕ УЧРЕЖДЕНИЕ ПЕСКОВСКАЯ ОСНОВНАЯ ОБЩЕОБРАЗОВАТЕЛЬНАЯ ШКОЛА №1,общеобразовательная организация,3623005820,"397341, ВОРОНЕЖСКАЯ ОБЛАСТЬ, Р-Н ПОВОРИНСКИЙ, С. ПЕСКИ, УЛ. МЕЖДУНАРОДНАЯ, Д. 2","51.2635943, 42.4779463",действующая,19-12-2025,24-12-2001,362301001,1023600612530,12-11-2002,20239824001,20639424101,56456226,4210007,14,85.13,2014,75404,Муниципальное казенное учреждение,МКУ,2014,ДИРЕКТОР,Чуфицкая Ольга Александровна,0,головная организация
Поворинский,"МКУДО ""ЦВР"" Г.ПОВОРИНО","МУНИЦИПАЛЬНОЕ КАЗЕННОЕ УЧРЕЖДЕНИЕ ДОПОЛНИТЕЛЬНОГО ОБРАЗОВАНИЯ ""ЦЕНТР ВНЕШКОЛЬНОЙ РАБОТЫ"" Г.ПОВОРИНО",организация доп. образования,3623005757,"397350, ВОРОНЕЖСКАЯ ОБЛАСТЬ, Р-Н ПОВОРИНСКИЙ, Г. ПОВОРИНО, ПЕР. ШКОЛЬНЫЙ, Д.2","51.1881045, 42.2333925",действующая,09-02-2025,14-02-2000,362301001,1023600614179,02-12-2002,20239501000,20639101001,25723936,4210007,14,85.41,2014,75404,Муниципальное казенное учреждение,МКУ,2014,ДИРЕКТОР,Гребенникова Тамара Анатольевна,0,головная организация
Поворинский,ОТДЕЛ ПО ОБРАЗОВАНИЮ И МОЛОДЕЖНОЙ ПОЛИТИКЕ АДМИНИСТРАЦИИ ПОВОРИНСКОГО МУНИЦИПАЛЬНОГО РАЙОНА ВОРОНЕЖСКОЙ ОБЛАСТИ,ОТДЕЛ ПО ОБРАЗОВАНИЮ И МОЛОДЕЖНОЙ ПОЛИТИКЕ АДМИНИСТРАЦИИ ПОВОРИНСКОГО МУНИЦИПАЛЬНОГО РАЙОНА ВОРОНЕЖСКОЙ ОБЛАСТИ,отдел,3623002185,"397350, ВОРОНЕЖСКАЯ ОБЛАСТЬ, Р-Н ПОВОРИНСКИЙ, Г. ПОВОРИНО, ПЛ. КОМСОМОЛЬСКАЯ, Д.3, 203","51.1908029, 42.2455622",действующая,13-02-2025,13-10-1994,362301001,1023600612485,12-11-2002,20239501000,20639101001,02104821,3300100,14,84.11.3,2014,75404,Муниципальное казенное учреждение,МКУ,2014,РУКОВОДИТЕЛЬ ОТДЕЛА ПО ОБРАЗОВАНИЮ И МОЛОДЕЖНОЙ ПОЛИТИКЕ,Чуфицкая Наталия Анатольевна,0,головная организация
Подгоренский,"МБДОУ ""ПОДГОРЕНСКИЙ ДЕТСКИЙ САД №2""","МУНИЦИПАЛЬНОЕ БЮДЖЕТНОЕ ДОШКОЛЬНОЕ ОБРАЗОВАТЕЛЬНОЕ УЧРЕЖДЕНИЕ ""ПОДГОРЕНСКИЙ ДЕТСКИЙ САД №2"" ПОДГОРЕНСКОГО МУНИЦИПАЛЬНОГО РАЙОНА ВОРОНЕЖСКОЙ ОБЛАСТИ",дошкольное образование,3624024872,"396560, ВОРОНЕЖСКАЯ ОБЛАСТЬ, Р-Н ПОДГОРЕНСКИЙ, ПГТ ПОДГОРЕНСКИЙ, УЛ. КАЛИНИНА, Д.28А","50.4039115, 39.6486444",действующая,04-02-2025,31-05-2013,362401001,1133668026370,31-05-2013,20241551000,20641151051,10606653,4210007,14,85.11,2014,75403,Муниципальное бюджетное учреждение,МБУ,2014,ЗАВЕДУЮЩИЙ,Забугина Ирина Юрьевна,0,головная организация
Подгоренский,"МБОУ ""ПОДГОРЕНСКАЯ СОШ №1""","МУНИЦИПАЛЬНОЕ БЮДЖЕТНОЕ ОБЩЕОБРАЗОВАТЕЛЬНОЕ УЧРЕЖДЕНИЕ ""ПОДГОРЕНСКАЯ СРЕДНЯЯ ОБЩЕОБРАЗОВАТЕЛЬНАЯ ШКОЛА №1"" ПОДГОРЕНСКОГО МУНИЦИПАЛЬНОГО РАЙОНА ВОРОНЕЖСКОЙ ОБЛАСТИ",общеобразовательная организация,3624000751,"396560, ВОРОНЕЖСКАЯ ОБЛАСТЬ, Р-Н ПОДГОРЕНСКИЙ, ПГТ ПОДГОРЕНСКИЙ, УЛ. КАЛИНИНА, Д. 18","50.405101, 39.6489182",действующая,06-02-2025,30-03-2001,362401001,1023601232324,01-10-2002,20241551000,20641151051,51708539,4210007,14,85.14,2014,75403,Муниципальное бюджетное учреждение,МБУ,2014,ДИРЕКТОР,Павленко Светлана Викторовна,0,головная организация
Подгоренский,"МБУДО ""ПОДГОРЕНСКИЙ ДДЮ""","МУНИЦИПАЛЬНОЕ БЮДЖЕТНОЕ УЧРЕЖДЕНИЕ ДОПОЛНИТЕЛЬНОГО ОБРАЗОВАНИЯ ""ПОДГОРЕНСКИЙ ДОМ ДЕТСТВА И ЮНОШЕСТВА"" ПОДГОРЕНСКОГО МУНИЦИПАЛЬНОГО РАЙОНА ВОРОНЕЖСКОЙ ОБЛАСТИ",организация доп. образования,3624002999,"396560, ВОРОНЕЖСКАЯ ОБЛАСТЬ, Р-Н ПОДГОРЕНСКИЙ, ПГТ ПОДГОРЕНСКИЙ, УЛ. ЕСЕНИНА, Д. 13","50.403885, 39.65055",действующая,02-02-2025,31-01-2000,362401001,1023601235580,11-12-2002,20241551000,20641151051,51708686,4210007,14,85.41,2014,75403,Муниципальное бюджетное учреждение,МБУ,2014,ДИРЕКТОР,Сергеенко Наталья Александровна,0,головная организация
Подгоренский,"МКДОУ ""ПОДГОРЕНСКИЙ ДЕТСКИЙ САД №1-ЦППМСП""","МУНИЦИПАЛЬНОЕ КАЗЁННОЕ ДОШКОЛЬНОЕ ОБРАЗОВАТЕЛЬНОЕ УЧРЕЖДЕНИЕ ""ПОДГОРЕНСКИЙ ДЕТСКИЙ САД №1-ЦЕНТР ПСИХОЛОГО-ПЕДАГОГИЧЕСКОЙ, МЕДИЦИНСКОЙ И СОЦИАЛЬНОЙ ПОМОЩИ"" ПОДГОРЕНСКОГО МУНИЦИПАЛЬНОГО РАЙОНА ВОРОНЕЖСКОЙ ОБЛАСТИ",дошкольное образование,3624024865,"396560, ВОРОНЕЖСКАЯ ОБЛАСТЬ, Р-Н ПОДГОРЕНСКИЙ, ПГТ ПОДГОРЕНСКИЙ, УЛ ПЕРВОМАЙСКАЯ, Д. 173А","50.3971231, 39.6378473",действующая,17-02-2026,31-05-2013,362401001,1133668026360,31-05-2013,20241551000,20641151051,10606637,4210007,14,85.11,2014,75404,Муниципальное казенное учреждение,МКУ,2014,ЗАВЕДУЮЩИЙ,Курсина Елена Леонтьевна,0,головная организация
Подгоренский,МКОУ БЕЛОГОРЬЕВСКАЯ СОШ,МУНИЦИПАЛЬНОЕ КАЗЕННОЕ ОБЩЕОБРАЗОВАТЕЛЬНОЕ УЧРЕЖДЕНИЕ БЕЛОГОРЬЕВСКАЯ СРЕДНЯЯ ОБЩЕОБРАЗОВАТЕЛЬНАЯ ШКОЛА ПОДГОРЕНСКОГО МУНИЦИПАЛЬНОГО РАЙОНА ВОРОНЕЖСКОЙ ОБЛАСТИ,общеобразовательная организация,3624002847,"396576, ВОРОНЕЖСКАЯ ОБЛАСТЬ, Р-Н ПОДГОРЕНСКИЙ, С. БЕЛОГОРЬЕ, УЛ. КОМИНТЕРНА, Д.70, -, -","50.491625, 40.000335",действующая,12-02-2025,26-07-1999,362401001,1023601234777,29-11-2002,20241808001,20641408101,47789532,4210007,14,85.14,2014,75404,Муниципальное казенное учреждение,МКУ,2014,ДИРЕКТОР,Диденко Ирина Васильевна,0,головная организация
Подгоренский,МКОУ БЕРЕЗОВСКАЯ СОШ,МУНИЦИПАЛЬНОЕ КАЗЕННОЕ ОБЩЕОБРАЗОВАТЕЛЬНОЕ УЧРЕЖДЕНИЕ БЕРЕЗОВСКАЯ СРЕДНЯЯ ОБЩЕОБРАЗОВАТЕЛЬНАЯ ШКОЛА ПОДГОРЕНСКОГО МУНИЦИПАЛЬНОГО РАЙОНА ВОРОНЕЖСКОЙ ОБЛАСТИ,общеобразовательная организация,3624002445,"396530, ВОРОНЕЖСКАЯ ОБЛАСТЬ, Р-Н ПОДГОРЕНСКИЙ, П КРАСНЫЙ ВОСХОД, УЛ ЧЕЛЯБИНСКАЯ, Д. 38","50.6002882, 39.6202736",действующая,22-08-2025,28-05-1996,362401001,1033664506325,29-01-2003,20241812003,20641412116,44746338,4210007,14,85.14,2014,75404,Муниципальное казенное учреждение,МКУ,2014,ДИРЕКТОР,Бабенко Александр Владимирович,0,головная организация
Подгоренский,МКОУ ГРИШЕВСКАЯ СОШ,МУНИЦИПАЛЬНОЕ КАЗЕННОЕ ОБЩЕОБРАЗОВАТЕЛЬНОЕ УЧРЕЖДЕНИЕ ГРИШЕВСКАЯ СРЕДНЯЯ ОБЩЕОБРАЗОВАТЕЛЬНАЯ ШКОЛА ПОДГОРЕНСКОГО МУНИЦИПАЛЬНОГО РАЙОНА ВОРОНЕЖСКОЙ ОБЛАСТИ,общеобразовательная организация,3624002808,"396552, ВОРОНЕЖСКАЯ ОБЛАСТЬ, Р-Н ПОДГОРЕНСКИЙ, П. ОПЫТ, УЛ. ШКОЛЬНАЯ, Д. 8","50.4437868, 39.530365",действующая,23-07-2025,26-07-1999,362401001,1023601235162,26-11-2002,20241828001,20641428101,51708485,4210007,14,85.14,2014,75404,Муниципальное казенное учреждение,МКУ,2014,ДИРЕКТОР,Камышова Людмила Анатольевна,0,головная организация
Подгоренский,МКОУ КОЛОДЕЖАНСКАЯ ООШ,МУНИЦИПАЛЬНОЕ КАЗЕННОЕ ОБЩЕОБРАЗОВАТЕЛЬНОЕ УЧРЕЖДЕНИЕ КОЛОДЕЖАНСКАЯ ОСНОВНАЯ ОБЩЕОБРАЗОВАТЕЛЬНАЯ ШКОЛА ПОДГОРЕНСКОГО МУНИЦИПАЛЬНОГО РАЙОНА ВОРОНЕЖСКОЙ ОБЛАСТИ,общеобразовательная организация,3624002766,"396535, ВОРОНЕЖСКАЯ ОБЛАСТЬ, Р-Н ПОДГОРЕНСКИЙ, С. КОЛОДЕЖНОЕ, УЛ. СОВЕТСКАЯ, Д.2 А, -, -","50.6330246, 39.8475364","в процессе присоединения к другому юрлицу, с последующей ликвидацией",18-02-2026,26-07-1999,362401001,1023601235360,10-12-2002,20241840001,20641440101,51708442,4210007,14,85.13,2014,75404,Муниципальное казенное учреждение,МКУ,2014,ДИРЕКТОР,Изюмова Ирина Николаевна,0,головная организация
Подгоренский,МКОУ ПЕРВОМАЙСКАЯ ООШ,МУНИЦИПАЛЬНОЕ КАЗЕННОЕ ОБЩЕОБРАЗОВАТЕЛЬНОЕ УЧРЕЖДЕНИЕ ПЕРВОМАЙСКАЯ ОСНОВНАЯ ОБЩЕОБРАЗОВАТЕЛЬНАЯ ШКОЛА ИМЕНИ ГЕРОЯ РОССИИ БЕЛОДЕДОВА АЛЕКСАНДРА НИКОЛАЕВИЧА ПОДГОРЕНСКОГО МУНИЦИПАЛЬНОГО РАЙОНА ВОРОНЕЖСКОЙ ОБЛАСТИ,общеобразовательная организация,3624002741,"396564, ВОРОНЕЖСКАЯ ОБЛАСТЬ, Р-Н ПОДГОРЕНСКИЙ, Х. СУД-НИКОЛАЕВКА, УЛ. ЗЕЛЕНАЯ, Д.1-А, -, -","50.3509299, 39.615011",действующая,09-02-2025,26-07-1990,362401001,1023601235943,17-12-2002,20241848001,20641448101,51708427,4210007,14,85.13,2014,75404,Муниципальное казенное учреждение,МКУ,2014,ДИРЕКТОР,Любченко Александр Николаевич,0,головная организация
Подгоренский,МКОУ ПЕРЕВАЛЕНСКАЯ ООШ №1,МУНИЦИПАЛЬНОЕ КАЗЕННОЕ ОБЩЕОБРАЗОВАТЕЛЬНОЕ УЧРЕЖДЕНИЕ ПЕРЕВАЛЕНСКАЯ ОСНОВНАЯ ОБЩЕОБРАЗОВАТЕЛЬНАЯ ШКОЛА №1 ПОДГОРЕНСКОГО МУНИЦИПАЛЬНОГО РАЙОНА ВОРОНЕЖСКОЙ ОБЛАСТИ,общеобразовательная организация,3624002702,"396545, ВОРОНЕЖСКАЯ ОБЛАСТЬ, Р-Н ПОДГОРЕНСКИЙ, П. ПРОБУЖДЕНИЕ, УЛ. ЦЕНТРАЛЬНАЯ, Д. 11-А","50.5291153, 39.5966106",действующая,02-02-2025,26-07-1999,362401001,1023601235866,17-12-2002,20241852001,20641452101,51708522,4210007,14,85.13,2014,75404,Муниципальное казенное учреждение,МКУ,2014,ДИРЕКТОР,Величко Сергей Владимирович,0,головная организация
Подгоренский,МКОУ ПОДГОРЕНСКАЯ СОШ № 2,МУНИЦИПАЛЬНОЕ КАЗЕННОЕ ОБЩЕОБРАЗОВАТЕЛЬНОЕ УЧРЕЖДЕНИЕ ПОДГОРЕНСКАЯ СРЕДНЯЯ ОБЩЕОБРАЗОВАТЕЛЬНАЯ ШКОЛА № 2 ПОДГОРЕНСКОГО МУНИЦИПАЛЬНОГО РАЙОНА ВОРОНЕЖСКОЙ ОБЛАСТИ,общеобразовательная организация,3624002685,"396551, ВОРОНЕЖСКАЯ ОБЛАСТЬ, Р-Н ПОДГОРЕНСКИЙ, СЛ ПОДГОРНОЕ, УЛ 3 ИНТЕРНАЦИОНАЛА, Д. 83","50.4367533, 39.6404762",действующая,08-05-2025,26-07-1999,362401001,1023601235151,06-12-2002,20241551002,20641151106,47789590,4210007,14,85.14,2014,75404,Муниципальное казенное учреждение,МКУ,2014,ДИРЕКТОР,Кравец Александр Владимирович,0,головная организация
Подгоренский,МКОУ САГУНОВСКАЯ СОШ,МУНИЦИПАЛЬНОЕ КАЗЕННОЕ ОБЩЕОБРАЗОВАТЕЛЬНОЕ УЧРЕЖДЕНИЕ САГУНОВСКАЯ СРЕДНЯЯ ОБЩЕОБРАЗОВАТЕЛЬНАЯ ШКОЛА ПОДГОРЕНСКОГО МУНИЦИПАЛЬНОГО РАЙОНА ВОРОНЕЖСКОЙ ОБЛАСТИ,общеобразовательная организация,3624002815,"396533, ВОРОНЕЖСКАЯ ОБЛАСТЬ, Р-Н ПОДГОРЕНСКИЙ, СЛ. САГУНЫ, УЛ. КИРОВА, Д. 37","50.5986674, 39.7256856",действующая,29-07-2025,26-07-1999,362401001,1023601235184,26-11-2002,20241860001,20641460101,47789578,4210007,14,85.14,2014,75404,Муниципальное казенное учреждение,МКУ,2014,ДИРЕКТОР,Вдовина Вера Ивановна,0,головная организация
Подгоренский,МКОУ СЕРГЕЕВСКАЯ СОШ,МУНИЦИПАЛЬНОЕ КАЗЕННОЕ ОБЩЕОБРАЗОВАТЕЛЬНОЕ УЧРЕЖДЕНИЕ СЕРГЕЕВСКАЯ СРЕДНЯЯ ОБЩЕОБРАЗОВАТЕЛЬНАЯ ШКОЛА ПОДГОРЕНСКОГО МУНИЦИПАЛЬНОГО РАЙОНА ВОРОНЕЖСКОЙ ОБЛАСТИ,общеобразовательная организация,3624002798,"396571, ВОРОНЕЖСКАЯ ОБЛАСТЬ, Р-Н ПОДГОРЕНСКИЙ, С. СЕРГЕЕВКА, УЛ. ЕСЕНИНА, Д.34, -, -","50.4247632, 39.8073219",действующая,19-03-2025,26-07-1999,362401001,1023601235195,09-12-2002,20241868001,20641468101,51708410,4210007,14,85.14,2014,75404,Муниципальное казенное учреждение,МКУ,2014,ДИРЕКТОР,Слизкая Людмила Станиславовна,0,головная организация
Подгоренский,МКОУ ХВОЩЕВАТСКАЯ ООШ,МУНИЦИПАЛЬНОЕ КАЗЕННОЕ ОБЩЕОБРАЗОВАТЕЛЬНОЕ УЧРЕЖДЕНИЕ ХВОЩЕВАТСКАЯ ОСНОВНАЯ ОБЩЕОБРАЗОВАТЕЛЬНАЯ ШКОЛА ПОДГОРЕНСКОГО МУНИЦИПАЛЬНОГО РАЙОНА ВОРОНЕЖСКОЙ ОБЛАСТИ,общеобразовательная организация,3624002734,"396534, ВОРОНЕЖСКАЯ ОБЛАСТЬ, Р-Н ПОДГОРЕНСКИЙ, Х БОЛЬШАЯ ХВОЩЕВАТКА, УЛ ЦЕНТРАЛЬНАЯ, Д. 90","50.6459863, 39.7246527",действующая,24-08-2025,26-07-1999,362401001,1023601235998,17-12-2002,20241860002,20641460106,51708456,4210007,14,85.13,2014,75404,Муниципальное казенное учреждение,МКУ,2014,ДИРЕКТОР,Деркачёв Александр Иванович,0,головная организация
Подгоренский,МКОУ ЮДИНСКАЯ ООШ,МУНИЦИПАЛЬНОЕ КАЗЕННОЕ ОБЩЕОБРАЗОВАТЕЛЬНОЕ УЧРЕЖДЕНИЕ ЮДИНСКАЯ ОСНОВНАЯ ОБЩЕОБРАЗОВАТЕЛЬНАЯ ШКОЛА ПОДГОРЕНСКОГО МУНИЦИПАЛЬНОГО РАЙОНА ВОРОНЕЖСКОЙ ОБЛАСТИ,общеобразовательная организация,3624002678,"396531, ВОРОНЕЖСКАЯ ОБЛАСТЬ, Р-Н ПОДГОРЕНСКИЙ, С. ЮДИНО, УЛ. ЦЕНТРАЛЬНАЯ, Д.12, -, -","50.6957194, 39.7187135",действующая,13-02-2025,26-07-1999,362401001,1023601235844,17-12-2002,20241888001,20641488101,51708507,4210007,14,85.13,2014,75404,Муниципальное казенное учреждение,МКУ,2014,ДИРЕКТОР,Индыкова Светлана Ивановна,0,головная организация
Подгоренский,"МКУДО ""ПОДГОРЕНСКАЯ ДЮСШ ИМ. ДУМЧЕВА Ю.Э.""","МУНИЦИПАЛЬНОЕ КАЗЕННОЕ УЧРЕЖДЕНИЕ ДОПОЛНИТЕЛЬНОГО ОБРАЗОВАНИЯ ""ПОДГОРЕНСКАЯ ДЕТСКО-ЮНОШЕСКАЯ СПОРТИВНАЯ ШКОЛА ИМЕНИ ЗАСЛУЖЕННОГО МАСТЕРА СПОРТА СССР ДУМЧЕВА Ю.Э."" ПОДГОРЕНСКОГО МУНИЦИПАЛЬНОГО РАЙОНА ВОРОНЕЖСКОЙ ОБЛАСТИ",организация доп. образования,3624002558,"396560, ВОРОНЕЖСКАЯ ОБЛАСТЬ, Р-Н ПОДГОРЕНСКИЙ, ПГТ ПОДГОРЕНСКИЙ, ПЕР. ПРИВОКЗАЛЬНЫЙ, Д. 1","50.4019527, 39.635789",действующая,10-02-2025,15-05-1998,362401001,1023601235591,11-12-2002,20241551000,20641151051,47789443,4210007,14,85.41,2014,75404,Муниципальное казенное учреждение,МКУ,2014,ДИРЕКТОР,Гушан Артем Сергеевич,0,головная организация
Подгоренский,ОТДЕЛ ОБРАЗОВАНИЯ,ОТДЕЛ ОБРАЗОВАНИЯ АДМИНИСТРАЦИИ ПОДГОРЕНСКОГО МУНИЦИПАЛЬНОГО РАЙОНА ВОРОНЕЖСКОЙ ОБЛАСТИ,отдел,3624003784,"396560, ВОРОНЕЖСКАЯ ОБЛАСТЬ, Р-Н ПОДГОРЕНСКИЙ, ПГТ ПОДГОРЕНСКИЙ, УЛ ПЕРВОМАЙСКАЯ, Д. 60","50.402036, 39.638072",действующая,28-10-2025,04-11-2004,362401001,1043664505720,04-11-2004,20241551000,20641151051,74342963,3300100,14,84.11.3,2014,75404,Муниципальное казенное учреждение,МКУ,2014,РУКОВОДИТЕЛЬ ОТДЕЛА ОБРАЗОВАНИЯ,Алфёрова Анна Владимировна,0,головная организация
Рамонский,"КОУ ВО ""ГОРОЖАНСКИЙ КАЗАЧИЙ КАДЕТСКИЙ КОРПУС""","КАЗЕННОЕ ОБЩЕОБРАЗОВАТЕЛЬНОЕ УЧРЕЖДЕНИЕ ВОРОНЕЖСКОЙ ОБЛАСТИ ""ГОРОЖАНСКИЙ КАЗАЧИЙ КАДЕТСКИЙ КОРПУС""",интернат,3625003610,"396032, ВОРОНЕЖСКАЯ ОБЛАСТЬ, Р-Н РАМОНСКИЙ, С. ГОРОЖАНКА, УЛ. ШКОЛЬНАЯ, Д. 3","51.9978293, 39.11653",действующая,04-08-2025,15-09-1998,362501001,1033600045390,07-02-2003,20243816003,20643416111,02082924,2300223,13,85.14,2014,75204,Государственное казенное учреждение субъекта Российской Федерации,ГКУ,2014,ДИРЕКТОР,Клушин Алексей Геннадьевич,1,головная организация
Рамонский,"МБОУ ""РАМОНСКИЙ ЛИЦЕЙ"" ИМ. Е. М. ОЛЬДЕНБУРГСКОЙ","МУНИЦИПАЛЬНОЕ БЮДЖЕТНОЕ ОБЩЕОБРАЗОВАТЕЛЬНОЕ УЧРЕЖДЕНИЕ ""РАМОНСКИЙ ЛИЦЕЙ"" ИМЕНИ Е.М. ОЛЬДЕНБУРГСКОЙ РАМОНСКОГО МУНИЦИПАЛЬНОГО РАЙОНА ВОРОНЕЖСКОЙ ОБЛАСТИ",общеобразовательная организация,3625003931,"396020, ВОРОНЕЖСКАЯ ОБЛАСТЬ, Р-Н РАМОНСКИЙ, РП. РАМОНЬ, УЛ. 50 ЛЕТ ОКТЯБРЯ, Д.7","51.9126821, 39.3313197",действующая,23-05-2025,07-10-1998,362501001,1033600044620,07-02-2003,20243551000,20643151051,47801612,4210007,14,85.14,2014,75403,Муниципальное бюджетное учреждение,МБУ,2014,ДИРЕКТОР,Плотникова Оксана Семеновна,0,головная организация
Рамонский,"МБУДО ""ЦМИРДО ""ВЕКТОР""","МУНИЦИПАЛЬНОЕ БЮДЖЕТНОЕ УЧРЕЖДЕНИЕ ДОПОЛНИТЕЛЬНОГО ОБРАЗОВАНИЯ ""ЦЕНТР МОЛОДЕЖНЫХ ИНИЦИАТИВ И РАЗВИТИЯ ДЕТСКОЙ ОДАРЕННОСТИ ""ВЕКТОР""",организация доп. образования,3625006604,"396020, ВОРОНЕЖСКАЯ ОБЛАСТЬ, Р-Н РАМОНСКИЙ, РП РАМОНЬ, УЛ СОВЕТСКАЯ, ЗД. 40","51.9182115, 39.3435774",действующая,13-02-2025,19-05-2000,362501001,1033600019342,28-01-2003,20243551000,20643151051,53147329,4210007,14,85.41,2014,75403,Муниципальное бюджетное учреждение,МБУ,2014,ДИРЕКТОР,Метелкина Евгения Васильевна,0,головная организация
Рамонский,"МКДОУ ""РАМОНСКИЙ ЦППМСП - ДС""","МУНИЦИПАЛЬНОЕ КАЗЕННОЕ ДОШКОЛЬНОЕ ОБРАЗОВАТЕЛЬНОЕ УЧРЕЖДЕНИЕ ""РАМОНСКИЙ ЦЕНТР ПСИХОЛОГО-ПЕДАГОГИЧЕСКОЙ, МЕДИЦИНСКОЙ И СОЦИАЛЬНОЙ ПОМОЩИ - ДЕТСКИЙ САД""",дошкольное образование,3625006770,"396030, ВОРОНЕЖСКАЯ ОБЛАСТЬ, Р-Н РАМОНСКИЙ, П. ВНИИСС, Д.89","51.915135, 39.297974",действующая,12-02-2026,07-05-2000,362501001,1033600040990,07-02-2003,20243804003,20643404106,53157291,4210007,14,85.11,2014,75404,Муниципальное казенное учреждение,МКУ,2014,ЗАВЕДУЮЩИЙ,Леженина Любовь Сергеевна,0,головная организация
Рамонский,МКДОУ АЙДАРОВСКИЙ ДЕТСКИЙ САД,МУНИЦИПАЛЬНОЕ КАЗЕННОЕ ДОШКОЛЬНОЕ ОБРАЗОВАТЕЛЬНОЕ УЧЕЖДЕНИЕ АЙДАРОВСКИЙ ДЕТСКИЙ САД РАМОНСКОГО МУНИЦИПАЛЬНОГО РАЙОНА ВОРОНЕЖСКОЙ ОБЛАСТИ,дошкольное образование,3625012816,"396002, ВОРОНЕЖСКАЯ ОБЛАСТЬ, Р-Н РАМОНСКИЙ, С. АЙДАРОВО, УЛ. ЦЕНТРАЛЬНАЯ, Д.86","51.9046603, 39.2941148","в процессе присоединения к другому юрлицу, с последующей ликвидацией",29-07-2025,12-07-2013,362501001,1133668032871,12-07-2013,20243804001,20643404101,10638169,4210007,14,85.11,2014,75404,Муниципальное казенное учреждение,МКУ,2014,ЗАВЕДУЮЩИЙ,Стерликова Екатерина Митрофановна,0,головная организация
Рамонский,МКДОУ КОМСОМОЛЬСКИЙ ДЕТСКИЙ САД,МУНИЦИПАЛЬНОЕ КАЗЕННОЕ ДОШКОЛЬНОЕ ОБРАЗОВАТЕЛЬНОЕ УЧРЕЖДЕНИЕ КОМСОМОЛЬСКИЙ ДЕТСКИЙ САД ОБЩЕРАЗВИВАЮЩЕГО ВИДА РАМОНСКОГО МУНИЦИПАЛЬНОГО РАЙОНА ВОРОНЕЖСКОЙ ОБЛАСТИ,дошкольное образование,3625006788,"396031, ВОРОНЕЖСКАЯ ОБЛАСТЬ, Р-Н РАМОНСКИЙ, П. КОМСОМОЛЬСКИЙ, УЛ. ЗЕЛЕНАЯ, Д.1А","51.9854986, 39.223537",действующая,01-02-2025,31-05-2000,362501001,1033600042739,07-02-2003,20243822001,20643422101,53157303,4210007,14,85.11,2014,75404,Муниципальное казенное учреждение,МКУ,2014,ЗАВЕДУЮЩИЙ,Болгова Татьяна Ивановна,0,головная организация
Рамонский,МКДОУ НОВОЖИВОТИННОВСКИЙ ДЕТСКИЙ САД,МУНИЦИПАЛЬНОЕ КАЗЕННОЕ ДОШКОЛЬНОЕ ОБРАЗОВАТЕЛЬНОЕ УЧРЕЖДЕНИЕ НОВОЖИВОТИННОВСКИЙ ДЕТСКИЙ САД ОБЩЕРАЗВИВАЮЩЕГО ВИДА РАМОНСКОГО МУНИЦИПАЛЬНОГО РАЙОНА ВОРОНЕЖСКОЙ ОБЛАСТИ,дошкольное образование,3625006668,"396034, ВОРОНЕЖСКАЯ ОБЛАСТЬ, Р-Н РАМОНСКИЙ, С. НОВОЖИВОТИННОЕ, УЛ. МИРА, Д.1","51.88657, 39.166816",действующая,08-02-2025,19-05-2000,362501001,1033600047854,08-02-2003,20243828001,20643428101,53147312,4210007,14,85.11,2014,75404,Муниципальное казенное учреждение,МКУ,2014,ЗАВЕДУЮЩИЙ,Шамина Елена Николаевна,0,головная организация
Рамонский,МКДОУ РАМОНСКИЙ ДЕТСКИЙ САД № 1,МУНИЦИПАЛЬНОЕ КАЗЕННОЕ ДОШКОЛЬНОЕ ОБРАЗОВАТЕЛЬНОЕ УЧРЕЖДЕНИЕ РАМОНСКИЙ ДЕТСКИЙ САД ОБЩЕРАЗВИВАЮЩЕГО ВИДА № 1 РАМОНСКОГО МУНИЦИПАЛЬНОГО РАЙОНА ВОРОНЕЖСКОЙ ОБЛАСТИ,дошкольное образование,3625006467,"396020, ВОРОНЕЖСКАЯ ОБЛАСТЬ, Р-Н РАМОНСКИЙ, РП. РАМОНЬ, УЛ. 50 ЛЕТ ОКТЯБРЯ, Д.5 А","51.9138562, 39.3318584",действующая,18-02-2026,18-02-2000,362501001,1023601572686,09-12-2002,20243551000,20643151051,53142289,4210007,14,85.11,2014,75404,Муниципальное казенное учреждение,МКУ,2014,ЗАВЕДУЮЩИЙ,Селиванова Марина Николаевна,0,головная организация
Рамонский,МКДОУ РАМОНСКИЙ ДЕТСКИЙ САД № 3,МУНИЦИПАЛЬНОЕ КАЗЕННОЕ ДОШКОЛЬНОЕ ОБРАЗОВАТЕЛЬНОЕ УЧРЕЖДЕНИЕ РАМОНСКИЙ ДЕТСКИЙ САД № 3 РАМОНСКОГО МУНИЦИПАЛЬНОГО РАЙОНА ВОРОНЕЖСКОЙ ОБЛАСТИ,дошкольное образование,3625011820,"396020, ВОРОНЕЖСКАЯ ОБЛАСТЬ, Р-Н РАМОНСКИЙ, РП. РАМОНЬ, УЛ. ЮБИЛЕЙНАЯ, Д.3","51.9164924, 39.335657",действующая,18-02-2026,30-08-2011,362501001,1113668035557,30-08-2011,20243551000,20643151051,30067929,4210007,14,85.11,2014,75404,Муниципальное казенное учреждение,МКУ,2014,ЗАВЕДУЮЩИЙ,Ур Елена Юрьевна,0,головная организация
Рамонский,МКДОУ РАМОНСКИЙ ДЕТСКИЙ САД № 4,МУНИЦИПАЛЬНОЕ КАЗЕННОЕ ДОШКОЛЬНОЕ ОБРАЗОВАТЕЛЬНОЕ УЧРЕЖДЕНИЕ РАМОНСКИЙ ДЕТСКИЙ САД № 4 РАМОНСКОГО МУНИЦИПАЛЬНОГО РАЙОНА ВОРОНЕЖСКОЙ ОБЛАСТИ,дошкольное образование,3625016698,"396020, ВОРОНЕЖСКАЯ ОБЛАСТЬ, Р-Н РАМОНСКИЙ, РП. РАМОНЬ, УЛ. 50 ЛЕТ ОКТЯБРЯ, Д. 50","51.9148393, 39.3320901",действующая,28-01-2026,31-07-2019,362501001,1193668028916,31-07-2019,20243551000,20643151051,40877894,4210007,14,85.11,2014,75404,Муниципальное казенное учреждение,МКУ,2014,ЗАВЕДУЮЩИЙ,Зятикова Наталья Ивановна,0,головная организация
Рамонский,МКДОУ РОЖДЕСТВЕНСКИЙ ДЕТСКИЙ САД,МУНИЦИПАЛЬНОЕ КАЗЕННОЕ ДОШКОЛЬНОЕ ОБРАЗОВАТЕЛЬНОЕ УЧРЕЖДЕНИЕ РОЖДЕСТВЕНСКИЙ ДЕТСКИЙ САД РАМОНСКОГО МУНИЦИПАЛЬНОГО РАЙОНА ВОРОНЕЖСКОЙ ОБЛАСТИ,дошкольное образование,3625016641,"396005, ВОРОНЕЖСКАЯ ОБЛАСТЬ, Р-Н РАМОНСКИЙ, С. ЯМНОЕ, УЛ. ЯГОДНАЯ, Д. 7","51.79002, 39.188635",действующая,07-02-2025,27-06-2019,362501001,1193668024660,27-06-2019,20243860001,20643460101,40419476,4210007,14,85.11,2014,75404,Муниципальное казенное учреждение,МКУ,2014,ЗАВЕДУЮЩИЙ,Ракитина Ирина Владимировна,0,головная организация
Рамонский,МКДОУ ЯМЕНСКИЙ ДЕТСКИЙ САД,МУНИЦИПАЛЬНОЕ КАЗЕННОЕ ДОШКОЛЬНОЕ ОБРАЗОВАТЕЛЬНОЕ УЧРЕЖДЕНИЕ ЯМЕНСКИЙ ДЕТСКИЙ САД РАМОНСКОГО МУНИЦИПАЛЬНОГО РАЙОНА ВОРОНЕЖСКОЙ ОБЛАСТИ,дошкольное образование,3625012686,"396005, ВОРОНЕЖСКАЯ ОБЛАСТЬ, Р-Н РАМОНСКИЙ, С. ЯМНОЕ, УЛ. АТАМАНА ПЛАТОВА, Д.17","51.8184438, 39.1392853",действующая,04-02-2025,27-05-2013,362501001,1133668025721,27-05-2013,20243860001,20643460101,10601678,4210007,14,85.11,2014,75404,Муниципальное казенное учреждение,МКУ,2014,ЗАВЕДУЮЩИЙ,Луценко Ольга Васильевна,0,головная организация
Рамонский,"МКОУ ""ЧЕРТОВИЦКАЯ ШКОЛА-ДЕТСКИЙ САД""","МУНИЦИПАЛЬНОЕ КАЗЕННОЕ ОБЩЕОБРАЗОВАТЕЛЬНОЕ УЧРЕЖДЕНИЕ ""ЧЕРТОВИЦКАЯ ШКОЛА-ДЕТСКИЙ САД"" РАМОНСКОГО МУНИЦИПАЛЬНОГО РАЙОНА ВОРОНЕЖСКОЙ ОБЛАСТИ",дошкольное образование,3625006890,"396023, ВОРОНЕЖСКАЯ ОБЛАСТЬ, М.Р-Н РАМОНСКИЙ, С.П. АЙДАРОВСКОЕ, С ЧЕРТОВИЦЫ, УЛ МОЛОДЕЖНАЯ, ЗД. 12А","51.8245254, 39.2564805",действующая,14-02-2025,19-05-2000,362501001,1033600046919,10-02-2003,20243804005,20643404121,53156400,4210007,14,85.14,2014,75404,Муниципальное казенное учреждение,МКУ,2014,ДИРЕКТОР,Лырьщикова Светлана Анатольевна,0,головная организация
Рамонский,"МКОУ ""ЧЕРТОВИЦКАЯ ШКОЛА-ДЕТСКИЙ САД""","МУНИЦИПАЛЬНОЕ КАЗЕННОЕ ОБЩЕОБРАЗОВАТЕЛЬНОЕ УЧРЕЖДЕНИЕ ""ЧЕРТОВИЦКАЯ ШКОЛА-ДЕТСКИЙ САД"" РАМОНСКОГО МУНИЦИПАЛЬНОГО РАЙОНА ВОРОНЕЖСКОЙ ОБЛАСТИ",общеобразовательная организация,3625006890,"396023, ВОРОНЕЖСКАЯ ОБЛАСТЬ, М.Р-Н РАМОНСКИЙ, С.П. АЙДАРОВСКОЕ, С ЧЕРТОВИЦЫ, УЛ МОЛОДЕЖНАЯ, ЗД. 12А","51.8245254, 39.2564805",действующая,14-02-2025,19-05-2000,362501001,1033600046919,10-02-2003,20243804005,20643404121,53156400,4210007,14,85.14,2014,75404,Муниципальное казенное учреждение,МКУ,2014,ДИРЕКТОР,Лырьщикова Светлана Анатольевна,0,головная организация
Рамонский,МКОУ БОЛЬШЕВЕРЕЙСКАЯ СОШ,МУНИЦИПАЛЬНОЕ КАЗЕННОЕ ОБЩЕОБРАЗОВАТЕЛЬНОЕ УЧРЕЖДЕНИЕ БОЛЬШЕВЕРЕЙСКАЯ СРЕДНЯЯ ОБЩЕОБРАЗОВАТЕЛЬНАЯ ШКОЛА РАМОНСКОГО МУНИЦИПАЛЬНОГО РАЙОНА ВОРОНЕЖСКОЙ ОБЛАСТИ,общеобразовательная организация,3625006964,"396041, ВОРОНЕЖСКАЯ ОБЛАСТЬ, Р-Н РАМОНСКИЙ, С. БОЛЬШАЯ ВЕРЕЙКА, УЛ. СОВЕТСКАЯ, Д.15","52.0171962, 38.9262502",действующая,28-08-2025,31-05-2000,362501001,1033600040143,06-02-2003,20243812001,20643412101,53157405,4210007,14,85.14,2014,75404,Муниципальное казенное учреждение,МКУ,2014,ДИРЕКТОР,Безбородов Сергей Викторович,0,головная организация
Рамонский,МКОУ БОРСКАЯ ООШ,МУНИЦИПАЛЬНОЕ КАЗЕННОЕ ОБЩЕОБРАЗОВАТЕЛЬНОЕ УЧРЕЖДЕНИЕ БОРСКАЯ ОСНОВНАЯ ОБЩЕОБРАЗОВАТЕЛЬНАЯ ШКОЛА РАМОНСКОГО МУНИЦИПАЛЬНОГО РАЙОНА ВОРОНЕЖСКОЙ ОБЛАСТИ,общеобразовательная организация,3625006611,"396010, ВОРОНЕЖСКАЯ ОБЛАСТЬ, Р-Н РАМОНСКИЙ, П БОР, УЛ ПРИСТАНЦИОННАЯ, ЗД. 2","51.9034709, 39.4633345",действующая,10-02-2026,10-06-2002,362501001,1033600112435,09-07-2003,20243551001,20643151106,53147306,4210007,14,85.13,2014,75404,Муниципальное казенное учреждение,МКУ,2014,ДИРЕКТОР,Попова Александра Алексеевна,0,головная организация
Рамонский,МКОУ КНЯЗЕВСКАЯ ООШ,МУНИЦИПАЛЬНОЕ КАЗЕННОЕ ОБЩЕОБРАЗОВАТЕЛЬНОЕ УЧРЕЖДЕНИЕ КНЯЗЕВСКАЯ ОСНОВНАЯ ОБЩЕОБРАЗОВАТЕЛЬНАЯ ШКОЛА РАМОНСКОГО МУНИЦИПАЛЬНОГО РАЙОНА ВОРОНЕЖСКОЙ ОБЛАСТИ,общеобразовательная организация,3625006629,"396033, ВОРОНЕЖСКАЯ ОБЛАСТЬ, Р-Н РАМОНСКИЙ, Д. КНЯЗЕВО, УЛ. ШКОЛЬНАЯ, Д.54","52.0646842, 39.1854399",действующая,07-08-2025,05-05-2000,362501001,1033600034951,05-02-2003,20243822004,20643422111,53147341,4210007,14,85.13,2014,75404,Муниципальное казенное учреждение,МКУ,2014,ДИРЕКТОР,Романова Ирина Владимировна,0,головная организация
Рамонский,МКОУ КОМСОМОЛЬСКАЯ СОШ,МУНИЦИПАЛЬНОЕ КАЗЕННОЕ ОБЩЕОБРАЗОВАТЕЛЬНОЕ УЧРЕЖДЕНИЕ КОМСОМОЛЬСКАЯ СРЕДНЯЯ ОБЩЕОБРАЗОВАТЕЛЬНАЯ ШКОЛА РАМОНСКОГО МУНИЦИПАЛЬНОГО РАЙОНА ВОРОНЕЖСКОЙ ОБЛАСТИ,общеобразовательная организация,3625006900,"396031, ВОРОНЕЖСКАЯ ОБЛАСТЬ, Р-Н РАМОНСКИЙ, П. КОМСОМОЛЬСКИЙ, УЛ. ШКОЛЬНАЯ, Д.12А","51.9819583, 39.2207833",действующая,09-02-2025,30-05-2000,362501001,1033600029430,03-02-2003,20243822001,20643422101,53156541,4210007,14,85.14,2014,75404,Муниципальное казенное учреждение,МКУ,2014,ДИРЕКТОР,Безбородов Виктор Александрович,0,головная организация
Рамонский,МКОУ НОВОЖИВОТИННОВСКАЯ СОШ,МУНИЦИПАЛЬНОЕ КАЗЕННОЕ ОБЩЕОБРАЗОВАТЕЛЬНОЕ УЧРЕЖДЕНИЕ НОВОЖИВОТИННОВСКАЯ СРЕДНЯЯ ОБЩЕОБРАЗОВАТЕЛЬНАЯ ШКОЛА РАМОНСКОГО МУНИЦИПАЛЬНОГО РАЙОНА ВОРОНЕЖСКОЙ ОБЛАСТИ,общеобразовательная организация,3625006876,"396034, ВОРОНЕЖСКАЯ ОБЛАСТЬ, Р-Н РАМОНСКИЙ, С. НОВОЖИВОТИННОЕ, УЛ. ШКОЛЬНАЯ, Д.31","51.8903081, 39.1672127",действующая,10-02-2025,05-05-2000,362501001,1033600034555,05-02-2003,20243828001,20643428101,53147364,4210007,14,85.14,2014,75404,Муниципальное казенное учреждение,МКУ,2014,ДИРЕКТОР,Комнатный Юрий Иванович,0,головная организация
Рамонский,МКОУ РАМОНСКАЯ СОШ № 2,МУНИЦИПАЛЬНОЕ КАЗЕННОЕ ОБЩЕОБРАЗОВАТЕЛЬНОЕ УЧРЕЖДЕНИЕ РАМОНСКАЯ СРЕДНЯЯ ОБЩЕОБРАЗОВАТЕЛЬНАЯ ШКОЛА № 2 РАМОНСКОГО МУНИЦИПАЛЬНОГО РАЙОНА ВОРОНЕЖСКОЙ ОБЛАСТИ,общеобразовательная организация,3625006820,"396030, ВОРОНЕЖСКАЯ ОБЛАСТЬ, Р-Н РАМОНСКИЙ, П. ВНИИСС, Д.83","51.920085, 39.29971",действующая,11-02-2025,05-06-2000,362501001,1033600028494,03-02-2003,20243804003,20643404106,53156535,4210007,14,85.14,2014,75404,Муниципальное казенное учреждение,МКУ,2014,ДИРЕКТОР,Зубова Галина Николаевна,1,головная организация
Рамонский,МКОУ РУССКОГВОЗДЁВСКАЯ ООШ ИМ. ГЕРОЯ СОВЕТСКОГО СОЮЗА В.Г. БОГАЧЕВА,МУНИЦИПАЛЬНОЕ КАЗЕННОЕ ОБЩЕОБРАЗОВАТЕЛЬНОЕ УЧРЕЖДЕНИЕ РУССКОГВОЗДЁВСКАЯ ОСНОВНАЯ ОБЩЕОБРАЗОВАТЕЛЬНАЯ ШКОЛА ИМЕНИ ГЕРОЯ СОВЕТСКОГО СОЮЗА В.Г. БОГАЧЕВА РАМОНСКОГО МУНИЦИПАЛЬНОГО РАЙОНА ВОРОНЕЖСКОЙ ОБЛАСТИ,общеобразовательная организация,3625006883,"396038, ВОРОНЕЖСКАЯ ОБЛАСТЬ, Р-Н РАМОНСКИЙ, С. РУССКАЯ ГВОЗДЁВКА, УЛ. КИРОВА, Д.27","51.8228663, 39.073387",действующая,22-09-2025,05-06-2000,362501001,1033600056049,11-02-2003,20243840001,20643440101,53156446,4210007,14,85.13,2014,75404,Муниципальное казенное учреждение,МКУ,2014,ДИРЕКТОР,Золототрубов Игорь Викторович,0,головная организация
Рамонский,МКОУ СКЛЯЕВСКАЯ СОШ,МУНИЦИПАЛЬНОЕ КАЗЕННОЕ ОБЩЕОБРАЗОВАТЕЛЬНОЕ УЧРЕЖДЕНИЕ СКЛЯЕВСКАЯ СРЕДНЯЯ ОБЩЕОБРАЗОВАТЕЛЬНАЯ ШКОЛА РАМОНСКОГО МУНИЦИПАЛЬНОГО РАЙОНА ВОРОНЕЖСКОЙ ОБЛАСТИ,общеобразовательная организация,3625006837,"396037, ВОРОНЕЖСКАЯ ОБЛАСТЬ, Р-Н РАМОНСКИЙ, С. СКЛЯЕВО, ПЕР. СВОБОДЫ, Д.9","51.9543932, 39.0356955",действующая,04-02-2025,05-06-2000,362501001,1033600041089,07-02-2003,20243844001,20643444101,53156506,4210007,14,85.14,2014,75404,Муниципальное казенное учреждение,МКУ,2014,ДИРЕКТОР,Габриелян Рузанна Вазгеновна,0,головная организация
Рамонский,МКОУ СТУПИНСКАЯ СОШ,МУНИЦИПАЛЬНОЕ КАЗЕННОЕ ОБЩЕОБРАЗОВАТЕЛЬНОЕ УЧРЕЖДЕНИЕ СТУПИНСКАЯ СРЕДНЯЯ ОБЩЕОБРАЗОВАТЕЛЬНАЯ ШКОЛА РАМОНСКОГО МУНИЦИПАЛЬНОГО РАЙОНА ВОРОНЕЖСКОЙ ОБЛАСТИ,общеобразовательная организация,3625006925,"396024, ВОРОНЕЖСКАЯ ОБЛАСТЬ, Р-Н РАМОНСКИЙ, С. СТУПИНО, УЛ. ОКТЯБРЬСКАЯ, Д.24","51.9721371, 39.3806288",действующая,07-07-2025,04-03-2002,362501001,1033600066851,10-02-2003,20243852001,20643452101,53157322,4210007,14,85.14,2014,75404,Муниципальное казенное учреждение,МКУ,2014,ДИРЕКТОР,Дьяченко Олег Вячеславович,0,головная организация
Рамонский,МКОУ ЧИСТОПОЛЯНСКАЯ ООШ,МУНИЦИПАЛЬНОЕ КАЗЕННОЕ ОБЩЕОБРАЗОВАТЕЛЬНОЕ УЧРЕЖДЕНИЕ ЧИСТОПОЛЯНСКАЯ ОСНОВНАЯ ОБЩЕОБРАЗОВАТЕЛЬНАЯ ШКОЛА РАМОНСКОГО МУНИЦИПАЛЬНОГО РАЙОНА ВОРОНЕЖСКОЙ ОБЛАСТИ,общеобразовательная организация,3625006844,"396046, ВОРОНЕЖСКАЯ ОБЛАСТЬ, Р-Н РАМОНСКИЙ, С ЧИСТАЯ ПОЛЯНА, УЛ ШКОЛЬНАЯ, ЗД. 6","51.8870694, 38.834074",действующая,24-08-2025,10-06-2000,362501001,1033600017967,27-01-2003,20243856001,20643456101,53156529,4210007,14,85.13,2014,75404,Муниципальное казенное учреждение,МКУ,2014,ДИРЕКТОР,Колесникова Елена Ивановна,0,головная организация
Рамонский,МКОУ ЯМЕНСКАЯ СОШ,МУНИЦИПАЛЬНОЕ КАЗЕННОЕ ОБЩЕОБРАЗОВАТЕЛЬНОЕ УЧРЕЖДЕНИЕ ЯМЕНСКАЯ СРЕДНЯЯ ОБЩЕОБРАЗОВАТЕЛЬНАЯ ШКОЛА РАМОНСКОГО МУНИЦИПАЛЬНОГО РАЙОНА ВОРОНЕЖСКОЙ ОБЛАСТИ,общеобразовательная организация,3625006971,"396005, ВОРОНЕЖСКАЯ ОБЛАСТЬ, Р-Н РАМОНСКИЙ, С. ЯМНОЕ, УЛ. ОЛЬХОВАЯ, Д. 19","51.8087199, 39.1346902",действующая,26-03-2025,05-06-2000,362501001,1033600035072,05-02-2003,20243860001,20643460101,53157374,4210007,14,85.14,2014,75404,Муниципальное казенное учреждение,МКУ,2014,ДИРЕКТОР,Огурцов Сергей Викторович,0,головная организация
Рамонский,"МКУДО ""РЦФКС""","МУНИЦИПАЛЬНОЕ КАЗЕННОЕ УЧРЕЖДЕНИЕ ДОПОЛНИТЕЛЬНОГО ОБРАЗОВАНИЯ ""РАМОНСКИЙ ЦЕНТР ФИЗИЧЕСКОЙ КУЛЬТУРЫ И СПОРТА"" РАМОНСКОГО МУНИЦИПАЛЬНОГО РАЙОНА ВОРОНЕЖСКОЙ ОБЛАСТИ",организация доп. образования,3625011139,"396020, ВОРОНЕЖСКАЯ ОБЛАСТЬ, Р-Н РАМОНСКИЙ, РП. РАМОНЬ, УЛ. 50 ЛЕТ ОКТЯБРЯ, Д. 7В","51.9126821, 39.3313197",действующая,21-01-2026,28-12-2009,362501001,1093668052521,28-12-2009,20243551000,20643151051,63860666,4210007,14,93.11,2014,75404,Муниципальное казенное учреждение,МКУ,2014,ДИРЕКТОР,Гридяев Константин Александрович,0,головная организация
Рамонский,МКУДО СЮН,"МУНИЦИПАЛЬНОЕ КАЗЕННОЕ УЧРЕЖДЕНИЕ ДОПОЛНИТЕЛЬНОГО ОБРАЗОВАНИЯ ""СТАНЦИЯ ЮНЫХ НАТУРАЛИСТОВ"" РАМОНСКОГО МУНИЦИПАЛЬНОГО РАЙОНА ВОРОНЕЖСКОЙ ОБЛАСТИ",организация доп. образования,3625005520,"396020, ВОРОНЕЖСКАЯ ОБЛАСТЬ, Р-Н РАМОНСКИЙ, РП. РАМОНЬ, УЛ. ШКОЛЬНАЯ, Д.27","51.9078014, 39.3372535",действующая,08-02-2025,21-11-1996,362501001,1033600002512,10-01-2003,20243551000,20643151051,44749621,4210007,14,85.41,2014,75404,Муниципальное казенное учреждение,МКУ,2014,ДИРЕКТОР,Шевченко Лариса Анатольевна,0,головная организация
Рамонский,"ОТДЕЛ ПО ОБРАЗОВАНИЮ, СПОРТУ И МОЛОДЕЖНОЙ ПОЛИТИКЕ","ОТДЕЛ ПО ОБРАЗОВАНИЮ, СПОРТУ И МОЛОДЕЖНОЙ ПОЛИТИКЕ АДМИНИСТРАЦИИ РАМОНСКОГО МУНИЦИПАЛЬНОГО РАЙОНА ВОРОНЕЖСКОЙ ОБЛАСТИ",отдел,3625001934,"396020, ВОРОНЕЖСКАЯ ОБЛАСТЬ, Р-Н РАМОНСКИЙ, РП. РАМОНЬ, УЛ. ШКОЛЬНАЯ, Д.1","51.9081327, 39.3355189",действующая,02-04-2025,09-07-1997,362501001,1033600061703,09-02-2003,20243551000,20643151051,02104844,3300100,14,84.11.3,2014,75404,Муниципальное казенное учреждение,МКУ,2014,РУКОВОДИТЕЛЬ ОТДЕЛА,Тутаева Нелли Николаевна,0,головная организация
Репьёвский,"МБДОУ ""ЦППМСП-ДЕТСКИЙ САД ""СОЛНЫШКО""","МУНИЦИПАЛЬНОЕ БЮДЖЕТНОЕ ДОШКОЛЬНОЕ ОБРАЗОВАТЕЛЬНОЕ УЧРЕЖДЕНИЕ ""ЦЕНТР ПСИХОЛОГО - ПЕДАГОГИЧЕСКОЙ, МЕДИЦИНСКОЙ И СОЦИАЛЬНОЙ ПОМОЩИ - ДЕТСКИЙ САД ""СОЛНЫШКО"" РЕПЬЁВСКОГО МУНИЦИПАЛЬНОГО РАЙОНА""",дошкольное образование,3626002401,"396370, ВОРОНЕЖСКАЯ ОБЛАСТЬ, Р-Н РЕПЬЁВСКИЙ, С. РЕПЬЁВКА, УЛ. СПОРТИВНАЯ, Д.20","51.0832144, 38.6413728",действующая,29-12-2025,20-12-2000,362601001,1023601031750,18-09-2002,20245832001,20645432101,56454747,4210007,14,85.11,2014,75403,Муниципальное бюджетное учреждение,МБУ,2014,ЗАВЕДУЮЩАЯ,Болдырева Наталья Анатольевна,0,головная организация
Репьёвский,"МБОУ ""КРАСНОЛИПЬЕВСКАЯ ШКОЛА""","МУНИЦИПАЛЬНОЕ БЮДЖЕТНОЕ ОБЩЕОБРАЗОВАТЕЛЬНОЕ УЧРЕЖДЕНИЕ РЕПЬЁВСКОГО МУНИЦИПАЛЬНОГО РАЙОНА ВОРОНЕЖСКОЙ ОБЛАСТИ ""КРАСНОЛИПЬЕВСКАЯ СРЕДНЯЯ ОБЩЕОБРАЗОВАТЕЛЬНАЯ ШКОЛА""",общеобразовательная организация,3626002553,"396385, ВОРОНЕЖСКАЯ ОБЛАСТЬ, М.Р-Н РЕПЬЁВСКИЙ, С.П. КРАСНОЛИПЬЕВСКОЕ, С КРАСНОЛИПЬЕ, ПЛ ЛЕНИНА, ЗД. 2","51.2015671, 38.7674475",действующая,01-02-2025,25-11-2002,362601001,1023601034137,26-11-2002,20245816001,20645416101,56454724,4210007,14,85.13,2014,75403,Муниципальное бюджетное учреждение,МБУ,2014,ДИРЕКТОР,Зубцова Надежда Ивановна,0,головная организация
Репьёвский,"МБОУ ""РЕПЬЁВСКАЯ ШКОЛА""","МУНИЦИПАЛЬНОЕ БЮДЖЕТНОЕ ОБЩЕОБРАЗОВАТЕЛЬНОЕ УЧРЕЖДЕНИЕ РЕПЬЁВСКОГО МУНИЦИПАЛЬНОГО РАЙОНА ВОРОНЕЖСКОЙ ОБЛАСТИ ""РЕПЬЁВСКАЯ ШКОЛА""",общеобразовательная организация,3626002391,"396370, ВОРОНЕЖСКАЯ ОБЛАСТЬ, Р-Н РЕПЬЁВСКИЙ, С. РЕПЬЁВКА, УЛ. СПОРТИВНАЯ, Д.11","51.0819305, 38.6449174",действующая,07-02-2025,14-11-2001,362601001,1023601033015,05-11-2002,20245832001,20645432101,56448341,4210007,14,85.14,2014,75403,Муниципальное бюджетное учреждение,МБУ,2014,ДИРЕКТОР,Хуторная Татьяна Павловна,1,головная организация
Репьёвский,МКОУ БУТЫРСКАЯ ООШ,"МУНИЦИПАЛЬНОЕ КАЗЕННОЕ ОБЩЕОБРАЗОВАТЕЛЬНОЕ УЧРЕЖДЕНИЕ ""БУТЫРСКАЯ ОСНОВНАЯ ОБЩЕОБРАЗОВАТЕЛЬНАЯ ШКОЛА""",общеобразовательная организация,3626002546,"396380, ВОРОНЕЖСКАЯ ОБЛАСТЬ, Р-Н РЕПЬЁВСКИЙ, С. БУТЫРКИ, ПЕР. ШКОЛЬНЫЙ, Д.2","51.0657652, 38.6142378",действующая,01-02-2025,15-02-2002,362601001,1023601031640,29-08-2002,20245804001,20645404101,56454718,4210007,14,85.13,2014,75404,Муниципальное казенное учреждение,МКУ,2014,ДИРЕКТОР,Рябенко Олег Александрович,0,головная организация
Репьёвский,МКОУ ИСТОБИНСКАЯ СОШ,"МУНИЦИПАЛЬНОЕ КАЗЕННОЕ ОБЩЕОБРАЗОВАТЕЛЬНОЕ УЧРЕЖДЕНИЕ ""ИСТОБИНСКАЯ СРЕДНЯЯ ОБЩЕОБРАЗОВАТЕЛЬНАЯ ШКОЛА""",общеобразовательная организация,3626002514,"396384, ВОРОНЕЖСКАЯ ОБЛАСТЬ, Р-Н РЕПЬЁВСКИЙ, С ИСТОБНОЕ, УЛ ТЕРЕШКОВОЙ, ЗД. 34","51.2589311, 38.6648297",действующая,08-05-2025,15-02-2002,362601001,1023601031794,30-09-2002,20245808001,20645408101,56454635,4210007,14,85.13,2014,75404,Муниципальное казенное учреждение,МКУ,2014,ДИРЕКТОР,Молоканова Людмила Васильевна,0,головная организация
Репьёвский,МКОУ КОЛБИНСКАЯ СОШ,"МУНИЦИПАЛЬНОЕ КАЗЕННОЕ ОБЩЕОБРАЗОВАТЕЛЬНОЕ УЧРЕЖДЕНИЕ ""КОЛБИНСКАЯ СРЕДНЯЯ ОБЩЕОБРАЗОВАТЕЛЬНАЯ ШКОЛА""",общеобразовательная организация,3626002440,"396372, ВОРОНЕЖСКАЯ ОБЛАСТЬ, Р-Н РЕПЬЁВСКИЙ, С. КОЛБИНО, УЛ. СОВЕТСКАЯ, Д.17","51.0428626, 38.9149407",действующая,12-02-2025,14-11-2001,362601001,1023601033720,15-11-2002,20245812001,20645412101,56454612,4210007,14,85.13,2014,75404,Муниципальное казенное учреждение,МКУ,2014,ДИРЕКТОР,Кондратенко Марина Михайловна,0,головная организация
Репьёвский,МКОУ РОССОШАНСКАЯ СОШ,"МУНИЦИПАЛЬНОЕ КАЗЕННОЕ ОБЩЕОБРАЗОВАТЕЛЬНОЕ УЧРЕЖДЕНИЕ ""РОССОШАНСКАЯ СРЕДНЯЯ ОБЩЕОБРАЗОВАТЕЛЬНАЯ ШКОЛА""",общеобразовательная организация,3626003155,"396382, ВОРОНЕЖСКАЯ ОБЛАСТЬ, Р-Н РЕПЬЁВСКИЙ, С. РОССОШЬ, УЛ. ЦЕНТРАЛЬНАЯ, Д.91","51.1091515, 38.5019209",действующая,03-02-2025,17-11-2004,362601001,1043683003242,17-11-2004,20245836001,20645436101,56454641,4210007,14,85.13,2014,75404,Муниципальное казенное учреждение,МКУ,2014,ДИРЕКТОР ШКОЛЫ,Скворцова Ирина Васильевна,0,головная организация
Репьёвский,МКОУ УСТЬ-МУРАВЛЯНСКАЯ ООШ,"МУНИЦИПАЛЬНОЕ КАЗЕННОЕ ОБЩЕОБРАЗОВАТЕЛЬНОЕ УЧРЕЖДЕНИЕ ""УСТЬ-МУРАВЛЯНСКАЯ ОСНОВНАЯ ОБЩЕОБРАЗОВАТЕЛЬНАЯ ШКОЛА""",общеобразовательная организация,3626002497,"396391, ВОРОНЕЖСКАЯ ОБЛАСТЬ, Р-Н РЕПЬЁВСКИЙ, С. УСТЬ-МУРАВЛЯНКА, УЛ. ПЕРВОМАЙСКАЯ, Д.53","51.0445567, 38.8466722",действующая,04-02-2025,20-11-2000,362601001,1023601034600,02-12-2002,20245840001,20645440101,56454693,4210007,14,85.13,2014,75404,Муниципальное казенное учреждение,МКУ,2014,ДИРЕКТОР,Мельников Владимир Ильич,0,головная организация
Репьёвский,"МКУ ДО ""ЦДО""","МУНИЦИПАЛЬНОЕ КАЗЕННОЕ УЧРЕЖДЕНИЕ ДОПОЛНИТЕЛЬНОГО ОБРАЗОВАНИЯ РЕПЬЁВСКОГО МУНИЦИПАЛЬНОГО РАЙОНА ВОРОНЕЖСКОЙ ОБЛАСТИ ""ЦЕНТР ДОПОЛНИТЕЛЬНОГО ОБРАЗОВАНИЯ""",организация доп. образования,3626002433,"396370, ВОРОНЕЖСКАЯ ОБЛАСТЬ, М.Р-Н РЕПЬЁВСКИЙ, С.П. РЕПЬЁВСКОЕ, С РЕПЬЁВКА, УЛ СПОРТИВНАЯ, Д. 11","51.0819305, 38.6449174",действующая,06-02-2025,14-11-2001,362601001,1023601034005,20-11-2002,20245832001,20645432101,56454753,4210007,14,85.41,2014,75404,Муниципальное казенное учреждение,МКУ,2014,ДИРЕКТОР,Абрамова Анна Александровна,0,головная организация
Репьёвский,ОТДЕЛ ПО ОБРАЗОВАНИЮ,ОТДЕЛ ПО ОБРАЗОВАНИЮ АДМИНИСТРАЦИИ РЕПЬЁВСКОГО МУНИЦИПАЛЬНОГО РАЙОНА ВОРОНЕЖСКОЙ ОБЛАСТИ,отдел,3626000901,"396370, ВОРОНЕЖСКАЯ ОБЛАСТЬ, Р-Н РЕПЬЁВСКИЙ, С. РЕПЬЁВКА, ПЛ. ПОБЕДЫ, Д. 1","51.0758263, 38.6405343",действующая,29-07-2025,13-10-1997,362601001,1023601033752,15-11-2002,20245832001,20645432101,02104850,3300100,14,84.11.3,2014,75404,Муниципальное казенное учреждение,МКУ,2014,ЗАМЕСТИТЕЛЬ ГЛАВЫ АДМИНИСТРАЦИИ МУНИЦИПАЛЬНОГО РАЙОНА - РУКОВОДИТЕЛЬ ОТДЕЛА ПО ОБРАЗОВАНИЮ,Доманова Наталья Павловна,0,головная организация
Россошанский,"БПОУ ВО ""РОССОШАНСКИЙ МЕДИЦИНСКИЙ КОЛЛЕДЖ""","БЮДЖЕТНОЕ ПРОФЕССИОНАЛЬНОЕ ОБРАЗОВАТЕЛЬНОЕ УЧРЕЖДЕНИЕ ВОРОНЕЖСКОЙ ОБЛАСТИ ""РОССОШАНСКИЙ МЕДИЦИНСКИЙ КОЛЛЕДЖ""",профессиональная образовательная организация,3627009463,"396659, ВОРОНЕЖСКАЯ ОБЛАСТЬ, Р-Н РОССОШАНСКИЙ, Г. РОССОШЬ, УЛ. УРИЦКОГО, Д. 14","50.2017895, 39.5338417",действующая,13-02-2025,24-10-1994,362701001,1033664501309,15-01-2003,20247501000,20647101001,01964384,2300229,13,85.21,2014,75203,Государственное бюджетное учреждение субъекта Российской Федерации,ГБУ,2014,ДИРЕКТОР,Сахнова Елена Геннадьевна,0,головная организация
Россошанский,"ГБПОУ ВО ""РКММП""","ГОСУДАРСТВЕННОЕ БЮДЖЕТНОЕ ПРОФЕССИОНАЛЬНОЕ ОБРАЗОВАТЕЛЬНОЕ УЧРЕЖДЕНИЕ ВОРОНЕЖСКОЙ ОБЛАСТИ ""РОССОШАНСКИЙ КОЛЛЕДЖ МЯСНОЙ И МОЛОЧНОЙ ПРОМЫШЛЕННОСТИ""",профессиональная образовательная организация,3627009512,"396650, ВОРОНЕЖСКАЯ ОБЛАСТЬ, Р-Н РОССОШАНСКИЙ, Г. РОССОШЬ, УЛ. ПРОЛЕТАРСКАЯ, Д. 73","50.1987783, 39.5612286",действующая,05-12-2025,03-06-1994,362701001,1033664504169,23-01-2003,20247501000,20647101001,00419532,2300223,13,85.21,2014,75203,Государственное бюджетное учреждение субъекта Российской Федерации,ГБУ,2014,ДИРЕКТОР,Ягловская Марина Петровна,0,головная организация
Россошанский,"ГБПОУ ВО ""РТ""","ГОСУДАРСТВЕННОЕ БЮДЖЕТНОЕ ПРОФЕССИОНАЛЬНОЕ ОБРАЗОВАТЕЛЬНОЕ УЧРЕЖДЕНИЕ ВОРОНЕЖСКОЙ ОБЛАСТИ ""РОССОШАНСКИЙ ТЕХНИКУМ""",профессиональная образовательная организация,3652904558,"396655, ВОРОНЕЖСКАЯ ОБЛАСТЬ, М.Р-Н РОССОШАНСКИЙ, Г.П. ГОРОД РОССОШЬ, Г РОССОШЬ, УЛ ЛУГОВАЯ, ЗД. 1","50.1898976, 39.5764469",действующая,04-02-2026,09-01-2025,365201001,1253600000026,09-01-2025,20247501000,20647101001,51361219,2300223,13,85.21,2014,75203,Государственное бюджетное учреждение субъекта Российской Федерации,ГБУ,2014,ДИРЕКТОР,Агеев Игорь Серафимович,0,головная организация
Россошанский,"МБДОУ ""ЦППМСП РОССОШАНСКОГО МУНИЦИПАЛЬНОГО РАЙОНА""","МУНИЦИПАЛЬНОЕ БЮДЖЕТНОЕ ДОШКОЛЬНОЕ ОБРАЗОВАТЕЛЬНОЕ УЧРЕЖДЕНИЕ ""ЦЕНТР ПСИХОЛОГО-ПЕДАГОГИЧЕСКОЙ, МЕДИЦИНСКОЙ И СОЦИАЛЬНОЙ ПОМОЩИ РОССОШАНСКОГО МУНИЦИПАЛЬНОГО РАЙОНА""",дошкольное образование,3627027374,"396658, ВОРОНЕЖСКАЯ ОБЛАСТЬ, Р-Н РОССОШАНСКИЙ, Г. РОССОШЬ, ПР-КТ ТРУДА, Д. 14, -, -","50.1966815, 39.5837273",действующая,14-01-2026,09-11-2011,362701001,1113627002026,09-11-2011,20247501000,20647101001,30077788,4210007,14,85.11,2014,75403,Муниципальное бюджетное учреждение,МБУ,2014,ЗАВЕДУЮЩИЙ,Прокопенко Ольга Александровна,0,головная организация
Россошанский,МБДОУ ЦРР - ДЕТСКИЙ САД № 5 Г.РОССОШИ,МУНИЦИПАЛЬНОЕ БЮДЖЕТНОЕ ДОШКОЛЬНОЕ ОБРАЗОВАТЕЛЬНОЕ УЧРЕЖДЕНИЕ ЦЕНТР РАЗВИТИЯ РЕБЕНКА - ДЕТСКИЙ САД № 5 Г. РОССОШИ РОССОШАНСКОГО МУНИЦИПАЛЬНОГО РАЙОНА ВОРОНЕЖСКОЙ ОБЛАСТИ,дошкольное образование,3627017601,"396655, ВОРОНЕЖСКАЯ ОБЛАСТЬ, М.Р-Н РОССОШАНСКИЙ, Г.П. ГОРОД РОССОШЬ, Г РОССОШЬ, УЛ ЛЕСНАЯ, ЗД. 16","50.1871788, 39.5840883",действующая,15-08-2025,24-04-2001,362701001,1023601234711,29-11-2002,20247501000,20647101001,56454598,4210007,14,85.11,2014,75403,Муниципальное бюджетное учреждение,МБУ,2014,ЗАВЕДУЮЩИЙ,Муратова Марина Николаевна,0,головная организация
Россошанский,"МБОУ ""ЛИЦЕЙ №11"" Г.РОССОШИ","МУНИЦИПАЛЬНОЕ БЮДЖЕТНОЕ ОБЩЕОБРАЗОВАТЕЛЬНОЕ УЧРЕЖДЕНИЕ ""ЛИЦЕЙ №11"" Г.РОССОШИ РОССОШАНСКОГО МУНИЦИПАЛЬНОГО РАЙОНА ВОРОНЕЖСКОЙ ОБЛАСТИ",общеобразовательная организация,3627018612,"396658, ВОРОНЕЖСКАЯ ОБЛАСТЬ, Р-Н РОССОШАНСКИЙ, Г. РОССОШЬ, УЛ. ПРОСТЕЕВА, Д. 5, -, -","50.1983443, 39.5788162",действующая,26-08-2025,06-05-2002,362701001,1033664502299,17-01-2003,20247501000,20647101001,25731101,4210007,14,85.14,2014,75403,Муниципальное бюджетное учреждение,МБУ,2014,ДИРЕКТОР,Бабич Светлана Юрьевна,0,головная организация
Россошанский,"МБОУ ""ПОДГОРЕНСКИЙ ЛИЦЕЙ ИМЕНИ Н.А. БЕЛОЗОРОВА"" РОССОШАНСКОГО МУНИЦИПАЛЬНОГО РАЙОНА","МУНИЦИПАЛЬНОЕ БЮДЖЕТНОЕ ОБЩЕОБРАЗОВАТЕЛЬНОЕ УЧРЕЖДЕНИЕ ""ПОДГОРЕНСКИЙ ЛИЦЕЙ ИМЕНИ Н.А. БЕЛОЗОРОВА"" РОССОШАНСКОГО МУНИЦИПАЛЬНОГО РАЙОНА ВОРОНЕЖСКОЙ ОБЛАСТИ",общеобразовательная организация,3627018771,"396620, ВОРОНЕЖСКАЯ ОБЛАСТЬ, Р-Н РОССОШАНСКИЙ, С. ПОДГОРНОЕ, ПЕР. ЛУНАЧАРСКОГО, Д.2 А, -, -","50.1842616, 39.5214672",действующая,29-07-2025,07-06-2002,362701001,1033664501793,17-01-2003,20247848001,20647448101,26510690,4210007,14,85.14,2014,75403,Муниципальное бюджетное учреждение,МБУ,2014,ДИРЕКТОР,Гринев Алексей Михайлович,0,головная организация
Россошанский,"МБОУ ""СОШ №25 С УИОП ИМ. Б.И.РЯБЦЕВА"" Г. РОССОШИ","МУНИЦИПАЛЬНОЕ БЮДЖЕТНОЕ ОБЩЕОБРАЗОВАТЕЛЬНОЕ УЧРЕЖДЕНИЕ ""СРЕДНЯЯ ОБЩЕОБРАЗОВАТЕЛЬНАЯ ШКОЛА №25 С УГЛУБЛЕННЫМ ИЗУЧЕНИЕМ ОТДЕЛЬНЫХ ПРЕДМЕТОВ ИМЕНИ ГЕРОЯ СОВЕТСКОГО СОЮЗА Б.И.РЯБЦЕВА"" Г.РОССОШИ РОССОШАНСКОГО МУНИЦИПАЛЬНОГО РАЙОНА ВОРОНЕЖСКОЙ ОБЛАСТИ",общеобразовательная организация,3627010525,"396660, ВОРОНЕЖСКАЯ ОБЛАСТЬ, Р-Н РОССОШАНСКИЙ, Г. РОССОШЬ, УЛ. КРУПСКОЙ, Д.66","50.178693, 39.597271",действующая,07-08-2025,11-03-1997,362701001,1023601235668,16-12-2002,20247501000,20647101001,45957600,4210007,14,85.14,2014,75403,Муниципальное бюджетное учреждение,МБУ,2014,ДИРЕКТОР,Ловцова Валентина Федоровна,0,головная организация
Россошанский,МБОУ ЛИЦЕЙ № 4 Г.РОССОШИ,МУНИЦИПАЛЬНОЕ БЮДЖЕТНОЕ ОБЩЕОБРАЗОВАТЕЛЬНОЕ УЧРЕЖДЕНИЕ ЛИЦЕЙ № 4 Г.РОССОШИ РОССОШАНСКОГО МУНИЦИПАЛЬНОГО РАЙОНА ВОРОНЕЖСКОЙ ОБЛАСТИ,общеобразовательная организация,3627018595,"396650, ВОРОНЕЖСКАЯ ОБЛАСТЬ, Р-Н РОССОШАНСКИЙ, Г. РОССОШЬ, ПЕР. ШКОЛЬНЫЙ, Д.3, -, -","50.1974574, 39.5682954",действующая,24-07-2025,06-05-2002,362701001,1033664503950,22-01-2003,20247501000,20647101001,25731064,4210007,14,85.14,2014,75403,Муниципальное бюджетное учреждение,МБУ,2014,ДИРЕКТОР,Хиценко Александр Иванович,0,головная организация
Россошанский,МБОУ СОШ № 10 Г. РОССОШИ,МУНИЦИПАЛЬНОЕ БЮДЖЕТНОЕ ОБЩЕОБРАЗОВАТЕЛЬНОЕ УЧРЕЖДЕНИЕ СРЕДНЯЯ ОБЩЕОБРАЗОВАТЕЛЬНАЯ ШКОЛА № 10 Г.РОССОШИ РОССОШАНСКОГО МУНИЦИПАЛЬНОГО РАЙОНА ВОРОНЕЖСКОЙ ОБЛАСТИ,общеобразовательная организация,3627018605,"396655, ВОРОНЕЖСКАЯ ОБЛАСТЬ, Р-Н РОССОШАНСКИЙ, Г. РОССОШЬ, УЛ. ПРОЛЕТАРСКАЯ, Д. 146","50.189047, 39.581864",действующая,04-02-2025,08-05-2002,362701001,1023601237362,24-12-2002,20247501000,20647101001,25731006,4210007,14,85.13,2014,75403,Муниципальное бюджетное учреждение,МБУ,2014,ДИРЕКТОР,Климова Александра Григорьевна,0,головная организация
Россошанский,МБОУ СОШ № 7 Г. РОССОШИ РОССОШАНСКОГО МУНИЦИПАЛЬНОГО РАЙОНА ВОРОНЕЖСКОЙ ОБЛАСТИ,МУНИЦИПАЛЬНОЕ БЮДЖЕТНОЕ ОБЩЕОБРАЗОВАТЕЛЬНОЕ УЧРЕЖДЕНИЕ СРЕДНЯЯ ОБЩЕОБРАЗОВАТЕЛЬНАЯ ШКОЛА № 7 Г. РОССОШИ РОССОШАНСКОГО МУНИЦИПАЛЬНОГО РАЙОНА ВОРОНЕЖСКОЙ ОБЛАСТИ,общеобразовательная организация,3627028868,"396659, ВОРОНЕЖСКАЯ ОБЛАСТЬ, Р-Н РОССОШАНСКИЙ, Г. РОССОШЬ, ПЛ. ОКТЯБРЬСКАЯ, Д. 148","50.205429, 39.518192",действующая,07-10-2025,29-07-2015,362701001,1153668040415,29-07-2015,20247501000,20647101001,41198971,4210007,14,85.14,2014,75403,Муниципальное бюджетное учреждение,МБУ,2014,ДИРЕКТОР,Галушкина Лариса Викторовна,0,головная организация
Россошанский,МБОУ СОШ №2 Г.РОССОШИ,МУНИЦИПАЛЬНОЕ БЮДЖЕТНОЕ ОБЩЕОБРАЗОВАТЕЛЬНОЕ УЧРЕЖДЕНИЕ СРЕДНЯЯ ОБЩЕОБРАЗОВАТЕЛЬНАЯ ШКОЛА №2 Г.РОССОШИ РОССОШАНСКОГО МУНИЦИПАЛЬНОГО РАЙОНА ВОРОНЕЖСКОЙ ОБЛАСТИ,общеобразовательная организация,3627018588,"396650, ВОРОНЕЖСКАЯ ОБЛАСТЬ, Р-Н РОССОШАНСКИЙ, Г. РОССОШЬ, УЛ. ПРОЛЕТАРСКАЯ, Д. 61","50.2015904, 39.5570754",действующая,12-08-2025,06-05-2002,362701001,1023601235800,16-12-2002,20247501000,20647101001,25730969,4210007,14,85.14,2014,75403,Муниципальное бюджетное учреждение,МБУ,2014,ДИРЕКТОР,Сушкова Ольга Владимировна,0,головная организация
Россошанский,МКДОУ ДЕТСКИЙ САД № 8 ОБЩЕРАЗВИВАЮЩЕГО ВИДА Г. РОССОШИ,МУНИЦИПАЛЬНОЕ КАЗЕННОЕ ДОШКОЛЬНОЕ ОБРАЗОВАТЕЛЬНОЕ УЧРЕЖДЕНИЕ ДЕТСКИЙ САД № 8 ОБЩЕРАЗВИВАЮЩЕГО ВИДА Г. РОССОШИ РОССОШАНСКОГО МУНИЦИПАЛЬНОГО РАЙОНА ВОРОНЕЖСКОЙ ОБЛАСТИ,дошкольное образование,3627018500,"396656, ВОРОНЕЖСКАЯ ОБЛАСТЬ, Р-Н РОССОШАНСКИЙ, Г. РОССОШЬ, УЛ. КОМСОМОЛЬСКАЯ, Д. 15","50.1934632, 39.6157706",действующая,10-10-2025,18-04-2002,362701001,1023601236878,20-12-2002,20247501000,20647101001,25730410,4210007,14,85.11,2014,75404,Муниципальное казенное учреждение,МКУ,2014,ЗАВЕДУЮЩИЙ,Игнашкина Ольга Викторовна,0,головная организация
Россошанский,МКДОУ ДЕТСКИЙ САД №-19 ЦЕНТР РАЗВИТИЯ РЕБЕНКА Г.РОССОШИ,МУНИЦИПАЛЬНОЕ КАЗЕННОЕ ДОШКОЛЬНОЕ ОБРАЗОВАТЕЛЬНОЕ УЧРЕЖДЕНИЕ ДЕТСКИЙ САД № 19 - ЦЕНТР РАЗВИТИЯ РЕБЕНКА Г. РОССОШИ РОССОШАНСКОГО МУНИЦИПАЛЬНОГО РАЙОНА ВОРОНЕЖСКОЙ ОБЛАСТИ,дошкольное образование,3627018370,"396660, ВОРОНЕЖСКАЯ ОБЛАСТЬ, Р-Н РОССОШАНСКИЙ, Г. РОССОШЬ, УЛ. СВЕРДЛОВА, Д. 47","50.1760517, 39.5908913",действующая,07-10-2025,13-03-2002,362701001,1023601236780,20-12-2002,20247501000,20647101001,10602728,4210007,14,85.11,2014,75404,Муниципальное казенное учреждение,МКУ,2014,ЗАВЕДУЮЩИЙ,Журавлева Любовь Ивановна,0,головная организация
Россошанский,МКДОУ ДЕТСКИЙ САД №23 - ЦРР Г. РОССОШИ,МУНИЦИПАЛЬНОЕ КАЗЕННОЕ ДОШКОЛЬНОЕ ОБРАЗОВАТЕЛЬНОЕ УЧРЕЖДЕНИЕ ДЕТСКИЙ САД № 23-ЦЕНТР РАЗВИТИЯ РЕБЕНКА Г.РОССОШИ РОССОШАНСКОГО МУНИЦИПАЛЬНОГО РАЙОНА ВОРОНЕЖСКОЙ ОБЛАСТИ,дошкольное образование,3627018531,"396659, ВОРОНЕЖСКАЯ ОБЛАСТЬ, Р-Н РОССОШАНСКИЙ, Г. РОССОШЬ, ПЛ. ОКТЯБРЬСКАЯ, Д. 20А","50.200176, 39.539356",действующая,19-05-2025,18-04-2002,362701001,1023601238297,30-12-2002,20247501000,20647101001,25730840,4210007,14,85.11,2014,75404,Муниципальное казенное учреждение,МКУ,2014,ЗАВЕДУЮЩИЙ,Фоменко Ольга Владимировна,0,головная организация
Россошанский,МКДОУ ДЕТСКИЙ САД №7 КОМБИНИРОВАННОГО ВИДА Г. РОССОШИ,МУНИЦИПАЛЬНОЕ КАЗЕННОЕ ДОШКОЛЬНОЕ ОБРАЗОВАТЕЛЬНОЕ УЧРЕЖДЕНИЕ ДЕТСКИЙ САД №7 КОМБИНИРОВАННОГО ВИДА Г. РОССОШИ РОССОШАНСКОГО МУНИЦИПАЛЬНОГО РАЙОНА ВОРОНЕЖСКОЙ ОБЛАСТИ,дошкольное образование,3627022263,"396655, ВОРОНЕЖСКАЯ ОБЛАСТЬ, Р-Н РОССОШАНСКИЙ, Г. РОССОШЬ, УЛ. ЖУКОВСКОГО, Д. 12, К. А","50.1959353, 39.5703518",действующая,12-02-2025,06-07-2006,362701001,1063627010578,06-07-2006,20247501000,20647101001,95878047,4210007,14,85.11,2014,75404,Муниципальное казенное учреждение,МКУ,2014,ЗАВЕДУЮЩИЙ,Соколова Елена Владимировна,0,головная организация
Россошанский,МКДОУ ЦРР - ДЕТСКИЙ САД № 10 Г. РОССОШИ,МУНИЦИПАЛЬНОЕ КАЗЕННОЕ ДОШКОЛЬНОЕ ОБРАЗОВАТЕЛЬНОЕ УЧРЕЖДЕНИЕ ЦЕНТР РАЗВИТИЯ РЕБЕНКА - ДЕТСКИЙ САД № 10 Г. РОССОШИ РОССОШАНСКОГО МУНИЦИПАЛЬНОГО РАЙОНА ВОРОНЕЖСКОЙ ОБЛАСТИ,дошкольное образование,3627018274,"396655, ВОРОНЕЖСКАЯ ОБЛАСТЬ, Р-Н РОССОШАНСКИЙ, Г. РОССОШЬ, УЛ. ПРОЛЕТАРСКАЯ, Д.124, -, -","50.18802, 39.578442",действующая,09-02-2025,26-02-2002,362701001,1033664501562,16-01-2003,20247501000,20647101001,10602361,4210007,14,85.11,2014,75404,Муниципальное казенное учреждение,МКУ,2014,ЗАВЕДУЮЩИЙ,Пилипенко Любовь Михайловна,0,головная организация
Россошанский,МКДОУ ЦРР - ДЕТСКИЙ САД № 13 Г. РОССОШИ,МУНИЦИПАЛЬНОЕ КАЗЕННОЕ ДОШКОЛЬНОЕ ОБРАЗОВАТЕЛЬНОЕ УЧРЕЖДЕНИЕ ЦЕНТР РАЗВИТИЯ РЕБЕНКА - ДЕТСКИЙ САД № 13 Г. РОССОШИ РОССОШАНСКОГО МУНИЦИПАЛЬНОГО РАЙОНА ВОРОНЕЖСКОЙ ОБЛАСТИ,дошкольное образование,3627018549,"396658, ВОРОНЕЖСКАЯ ОБЛАСТЬ, Р-Н РОССОШАНСКИЙ, Г. РОССОШЬ, УЛ. 9 ЯНВАРЯ, Д. 27","50.1962108, 39.586054",действующая,14-08-2025,18-04-2002,362701001,1023601237032,20-12-2002,20247501000,20647101001,25730811,4210007,14,85.11,2014,75404,Муниципальное казенное учреждение,МКУ,2014,ЗАВЕДУЮЩИЙ,Буряк Юлия Владимировна,0,головная организация
Россошанский,МКДОУ ЦРР - ДЕТСКИЙ САД № 17 Г. РОССОШИ,МУНИЦИПАЛЬНОЕ КАЗЕННОЕ ДОШКОЛЬНОЕ ОБРАЗОВАТЕЛЬНОЕ УЧРЕЖДЕНИЕ ЦЕНТР РАЗВИТИЯ РЕБЕНКА - ДЕТСКИЙ САД № 17 Г. РОССОШИ РОССОШАНСКОГО МУНИЦИПАЛЬНОГО РАЙОНА ВОРОНЕЖСКОЙ ОБЛАСТИ,дошкольное образование,3627018316,"396658, ВОРОНЕЖСКАЯ ОБЛАСТЬ, Р-Н РОССОШАНСКИЙ, Г. РОССОШЬ, ПР-КТ ТРУДА, Д. 9","50.199162, 39.580454",действующая,22-08-2025,01-03-2002,362701001,1023601236834,20-12-2002,20247501000,20647101001,10602556,4210007,14,85.11,2014,75404,Муниципальное казенное учреждение,МКУ,2014,ЗАВЕДУЮЩИЙ,Орешкина Светлана Эдуардовна,0,головная организация
Россошанский,МКДОУ ЦРР - ДЕТСКИЙ САД № 21 Г. РОССОШИ,МУНИЦИПАЛЬНОЕ КАЗЕННОЕ ДОШКОЛЬНОЕ ОБРАЗОВАТЕЛЬНОЕ УЧРЕЖДЕНИЕ ЦЕНТР РАЗВИТИЯ РЕБЕНКА - ДЕТСКИЙ САД № 21 Г. РОССОШИ РОССОШАНСКОГО МУНИЦИПАЛЬНОГО РАЙОНА ВОРОНЕЖСКОЙ ОБЛАСТИ,дошкольное образование,3627018041,"396658, ВОРОНЕЖСКАЯ ОБЛАСТЬ, Р-Н РОССОШАНСКИЙ, Г. РОССОШЬ, УЛ. ФУРМАНОВА, Д. 6А/1","50.199162, 39.576969",действующая,21-08-2025,15-11-2001,362701001,1023601235646,11-12-2002,20247501000,20647101001,57717019,4210007,14,85.11,2014,75404,Муниципальное казенное учреждение,МКУ,2014,ЗАВЕДУЮЩИЙ,Благодарова Елена Владимировна,0,головная организация
Россошанский,МКДОУ ЦРР - ДЕТСКИЙ САД № 9 Г. РОССОШИ,МУНИЦИПАЛЬНОЕ КАЗЕННОЕ ДОШКОЛЬНОЕ ОБРАЗОВАТЕЛЬНОЕ УЧРЕЖДЕНИЕ ЦЕНТР РАЗВИТИЯ РЕБЕНКА - ДЕТСКИЙ САД № 9 Г. РОССОШИ РОССОШАНСКОГО МУНИЦИПАЛЬНОГО РАЙОНА ВОРОНЕЖСКОЙ ОБЛАСТИ,дошкольное образование,3627018348,"396650, ВОРОНЕЖСКАЯ ОБЛАСТЬ, Р-Н РОССОШАНСКИЙ, Г. РОССОШЬ, УЛ. ПРОЛЕТАРСКАЯ, Д. 85","50.1977053, 39.5658695",действующая,01-08-2025,11-03-2002,362701001,1033664500320,09-01-2003,20247501000,20647101001,10602645,4210007,14,85.11,2014,75404,Муниципальное казенное учреждение,МКУ,2014,ЗАВЕДУЮЩИЙ,Лисица Наталья Васильевна,0,головная организация
Россошанский,МКОО ДО ДОМ ДЕТСТВА И ЮНОШЕСТВА Г. РОССОШИ,МУНИЦИПАЛЬНАЯ КАЗЕННАЯ ОБРАЗОВАТЕЛЬНАЯ ОРГАНИЗАЦИЯ ДОПОЛНИТЕЛЬНОГО ОБРАЗОВАНИЯ ДОМ ДЕТСТВА И ЮНОШЕСТВА Г. РОССОШИ РОССОШАНСКОГО МУНИЦИПАЛЬНОГО РАЙОНА ВОРОНЕЖСКОЙ ОБЛАСТИ,организация доп. образования,3627019133,"396655, ВОРОНЕЖСКАЯ ОБЛАСТЬ, Р-Н РОССОШАНСКИЙ, Г. РОССОШЬ, УЛ. ПРОЛЕТАРСКАЯ, Д. 110-Б","50.1938, 39.572502",действующая,25-07-2025,28-06-2002,362701001,1033664502354,17-01-2003,20247501000,20647101001,34026643,4210007,14,85.41,2014,75404,Муниципальное казенное учреждение,МКУ,2014,ДИРЕКТОР,Псалом Ирина Владимировна,0,головная организация
Россошанский,МКОО ЦДО Г. РОССОШИ,МУНИЦИПАЛЬНАЯ КАЗЕННАЯ ОБРАЗОВАТЕЛЬНАЯ ОРГАНИЗАЦИЯ ЦЕНТР ДОПОЛНИТЕЛЬНОГО ОБРАЗОВАНИЯ Г. РОССОШИ РОССОШАНСКОГО МУНИЦИПАЛЬНОГО РАЙОНА ВОРОНЕЖСКОЙ ОБЛАСТИ,организация доп. образования,3627026740,"396659, ВОРОНЕЖСКАЯ ОБЛАСТЬ, Р-Н РОССОШАНСКИЙ, Г. РОССОШЬ, ПЛ. ОКТЯБРЬСКАЯ, Д. 17 В","50.197111, 39.53765",действующая,20-11-2025,09-12-2010,362701001,1103627000905,09-12-2010,20247501000,20647101001,97903312,4210007,14,85.41,2014,75404,Муниципальное казенное учреждение,МКУ,2014,ДИРЕКТОР,Горелова Елена Валериевна,0,головная организация
Россошанский,МКОУ АЛЕКСАНДРОВСКАЯ СОШ,МУНИЦИПАЛЬНОЕ КАЗЕННОЕ ОБЩЕОБРАЗОВАТЕЛЬНОЕ УЧРЕЖДЕНИЕ АЛЕКСАНДРОВСКАЯ СРЕДНЯЯ ОБЩЕОБРАЗОВАТЕЛЬНАЯ ШКОЛА РОССОШАНСКОГО МУНИЦИПАЛЬНОГО РАЙОНА ВОРОНЕЖСКОЙ ОБЛАСТИ,общеобразовательная организация,3627018676,"396624, ВОРОНЕЖСКАЯ ОБЛАСТЬ, Р-Н РОССОШАНСКИЙ, С. АЛЕКСАНДРОВКА, УЛ. ЛЕНИНА, Д.48, -, -","49.9971063, 39.3821977",действующая,14-07-2025,07-06-2002,362701001,1023601238066,27-12-2002,20247808001,20647408101,25731495,4210007,14,85.14,2014,75404,Муниципальное казенное учреждение,МКУ,2014,ДИРЕКТОР,Глущенко Валентина Дмитриевна,0,головная организация
Россошанский,МКОУ АРХИПОВСКАЯ СОШ РОССОШАНСКОГО МУНИЦИПАЛЬНОГО РАЙОНА ВОРОНЕЖСКОЙ ОБЛАСТИ,МУНИЦИПАЛЬНОЕ КАЗЕННОЕ ОБЩЕОБРАЗОВАТЕЛЬНОЕ УЧРЕЖДЕНИЕ АРХИПОВСКАЯ СРЕДНЯЯ ОБЩЕОБРАЗОВАТЕЛЬНАЯ ШКОЛА РОССОШАНСКОГО МУНИЦИПАЛЬНОГО РАЙОНА ВОРОНЕЖСКОЙ ОБЛАСТИ,общеобразовательная организация,3627018789,"396602, ВОРОНЕЖСКАЯ ОБЛАСТЬ, Р-Н РОССОШАНСКИЙ, С АРХИПОВКА, УЛ ОКТЯБРЬСКАЯ, ЗД. 42А, -","50.2126334, 39.4315025",действующая,28-07-2025,07-06-2002,362701001,1033664500671,10-01-2003,20247810001,20647410101,26510678,4210007,14,85.13,2014,75404,Муниципальное казенное учреждение,МКУ,2014,Директор,Архипенко Зухра Худайбердиевна,0,головная организация
Россошанский,МКОУ ЕВСТРАТОВСКАЯ СОШ РОССОШАНСКОГО МУНИЦИПАЛЬНОГО РАЙОНА ВОРОНЕЖСКОЙ ОБЛАСТИ,МУНИЦИПАЛЬНОЕ КАЗЕННОЕ ОБЩЕОБРАЗОВАТЕЛЬНОЕ УЧРЕЖДЕНИЕ ЕВСТРАТОВСКАЯ СРЕДНЯЯ ОБЩЕОБРАЗОВАТЕЛЬНАЯ ШКОЛА РОССОШАНСКОГО МУНИЦИПАЛЬНОГО РАЙОНА ВОРОНЕЖСКОЙ ОБЛАСТИ,общеобразовательная организация,3627018683,"396630, ВОРОНЕЖСКАЯ ОБЛАСТЬ, Р-Н РОССОШАНСКИЙ, С. ЕВСТРАТОВКА, ПЕР. ШКОЛЬНЫЙ, Д.3, -, -","50.124154, 39.737399",действующая,14-08-2025,07-06-2002,362701001,1033664502321,17-01-2003,20247812001,20647412101,26509741,4210007,14,85.14,2014,75404,Муниципальное казенное учреждение,МКУ,2014,ДИРЕКТОР,Устименко Сабина Видади Кзы,0,головная организация
Россошанский,МКОУ КОПЁНКИНСКАЯ СОШ РОССОШАНСКОГО МУНИЦИПАЛЬНОГО РАЙОНА ВОРОНЕЖСКОЙ ОБЛАСТИ,МУНИЦИПАЛЬНОЕ КАЗЁННОЕ ОБЩЕОБРАЗОВАТЕЛЬНОЕ УЧРЕЖДЕНИЕ КОПЁНКИНСКАЯ СРЕДНЯЯ ОБЩЕОБРАЗОВАТЕЛЬНАЯ ШКОЛА РОССОШАНСКОГО МУНИЦИПАЛЬНОГО РАЙОНА ВОРОНЕЖСКОЙ ОБЛАСТИ,общеобразовательная организация,3627020121,"396625, ВОРОНЕЖСКАЯ ОБЛАСТЬ, Р-Н РОССОШАНСКИЙ, П. КОПЁНКИНА, УЛ. МОЛОДЕЖНАЯ, Д.17, -","50.0542891, 39.5519161",действующая,21-07-2025,15-10-2003,362701001,1033664510505,15-10-2003,20247820001,20647420101,31258531,4210007,14,85.14,2014,75404,Муниципальное казенное учреждение,МКУ,2014,ДИРЕКТОР,Ивасенко Екатерина Александровна,0,головная организация
Россошанский,МКОУ КРИНИЧАНСКАЯ СОШ РОССОШАНСКОГО МУНИЦИПАЛЬНОГО РАЙОНА ВОРОНЕЖСКОЙ ОБЛАСТИ,МУНИЦИПАЛЬНОЕ КАЗЕННОЕ ОБЩЕОБРАЗОВАТЕЛЬНОЕ УЧРЕЖДЕНИЕ КРИНИЧАНСКАЯ СРЕДНЯЯ ОБЩЕОБРАЗОВАТЕЛЬНАЯ ШКОЛА РОССОШАНСКОГО МУНИЦИПАЛЬНОГО РАЙОНА ВОРОНЕЖСКОЙ ОБЛАСТИ,общеобразовательная организация,3627018796,"396638, ВОРОНЕЖСКАЯ ОБЛАСТЬ, Р-Н РОССОШАНСКИЙ, С. КРИНИЧНОЕ, УЛ. ЦЕНТРАЛЬНАЯ, Д.34, -, -","50.0114908, 39.845433",действующая,17-07-2025,07-06-2002,362701001,1033664500957,14-01-2003,20247828001,20647428101,26510388,4210007,14,85.14,2014,75404,Муниципальное казенное учреждение,МКУ,2014,ДИРЕКТОР,Глущенко Татьяна Ивановна,0,головная организация
Россошанский,МКОУ ЛИЗИНОВСКАЯ СОШ РОССОШАНСКОГО МУНИЦИПАЛЬНОГО РАЙОНА ВОРОНЕЖСКОЙ ОБЛАСТИ,МУНИЦИПАЛЬНОЕ КАЗЕННОЕ ОБЩЕОБРАЗОВАТЕЛЬНОЕ УЧРЕЖДЕНИЕ ЛИЗИНОВСКАЯ СРЕДНЯЯ ОБЩЕОБРАЗОВАТЕЛЬНАЯ ШКОЛА РОССОШАНСКОГО МУНИЦИПАЛЬНОГО РАЙОНА ВОРОНЕЖСКОЙ ОБЛАСТИ,общеобразовательная организация,3627018700,"396621, ВОРОНЕЖСКАЯ ОБЛАСТЬ, Р-Н РОССОШАНСКИЙ, С. ЛИЗИНОВКА, УЛ. ЛЕНИНА, Д.159","50.121809, 39.464227",действующая,21-07-2025,07-06-2002,362701001,1033664500726,10-01-2003,20247832001,20647432101,26510158,4210007,14,85.14,2014,75404,Муниципальное казенное учреждение,МКУ,2014,ДИРЕКТОР,Кобзарева Елена Анатольевна,0,головная организация
Россошанский,МКОУ МОРОЗОВСКАЯ СОШ РОССОШАНСКОГО МУНИЦИПАЛЬНОГО РАЙОНА ВОРОНЕЖСКОЙ ОБЛАСТИ,МУНИЦИПАЛЬНОЕ КАЗЕННОЕ ОБЩЕОБРАЗОВАТЕЛЬНОЕ УЧРЕЖДЕНИЕ МОРОЗОВСКАЯ СРЕДНЯЯ ОБЩЕОБРАЗОВАТЕЛЬНАЯ ШКОЛА РОССОШАНСКОГО МУНИЦИПАЛЬНОГО РАЙОНА ВОРОНЕЖСКОЙ ОБЛАСТИ,общеобразовательная организация,3627018757,"396627, ВОРОНЕЖСКАЯ ОБЛАСТЬ, Р-Н РОССОШАНСКИЙ, С. МОРОЗОВКА, УЛ. ПРОЛЕТАРСКАЯ, Д.44, -, -","50.1425858, 39.6447694",действующая,21-07-2025,07-06-2002,362701001,1033664500352,10-01-2003,20247836001,20647436101,26510595,4210007,14,85.14,2014,75404,Муниципальное казенное учреждение,МКУ,2014,ДИРЕКТОР,Пашнин Павел Владимирович,0,головная организация
Россошанский,МКОУ НАЧАЛОВСКАЯ СОШ РОССОШАНСКОГО МУНИЦИПАЛЬНОГО РАЙОНА ВОРОНЕЖСКОЙ ОБЛАСТИ,МУНИЦИПАЛЬНОЕ КАЗЕННОЕ ОБЩЕОБРАЗОВАТЕЛЬНОЕ УЧРЕЖДЕНИЕ НАЧАЛОВСКАЯ СРЕДНЯЯ ОБЩЕОБРАЗОВАТЕЛЬНАЯ ШКОЛА РОССОШАНСКОГО МУНИЦИПАЛЬНОГО РАЙОНА ВОРОНЕЖСКОЙ ОБЛАСТИ,общеобразовательная организация,3627018725,"396616, ВОРОНЕЖСКАЯ ОБЛАСТЬ, Р-Н РОССОШАНСКИЙ, П. НАЧАЛО, УЛ. РЯБЦЕВА, Д. 1, -, -","50.2312258, 39.5836258",действующая,16-09-2025,07-06-2002,362701001,1033664500946,14-01-2003,20247844001,20647444101,26510193,4210007,14,85.14,2014,75404,Муниципальное казенное учреждение,МКУ,2014,ДИРЕКТОР,Олейник Алексей Владимирович,0,головная организация
Россошанский,МКОУ НОВОКАЛИТВЕНСКАЯ СОШ РОССОШАНСКОГО МУНИЦИПАЛЬНОГО РАЙОНА ВОРОНЕЖСКОЙ ОБЛАСТИ,МУНИЦИПАЛЬНОЕ КАЗЕННОЕ ОБЩЕОБРАЗОВАТЕЛЬНОЕ УЧРЕЖДЕНИЕ НОВОКАЛИТВЕНСКАЯ СРЕДНЯЯ ОБЩЕОБРАЗОВАТЕЛЬНАЯ ШКОЛА РОССОШАНСКОГО МУНИЦИПАЛЬНОГО РАЙОНА ВОРОНЕЖСКОЙ ОБЛАСТИ,общеобразовательная организация,3627018651,"396635, ВОРОНЕЖСКАЯ ОБЛАСТЬ, Р-Н РОССОШАНСКИЙ, С. НОВАЯ КАЛИТВА, УЛ. МИРА, Д.1","50.0795735, 40.0132378",действующая,11-07-2025,07-06-2002,362701001,1033664502398,20-01-2003,20247840001,20647440101,26509865,4210007,14,85.14,2014,75404,Муниципальное казенное учреждение,МКУ,2014,ДИРЕКТОР,Пархоменко Лариса Николаевна,0,головная организация
Россошанский,МКОУ ПОПОВСКАЯ СОШ ИМЕНИ ГЕРОЯ СОВЕТСКОГО СОЮЗА Н.К. ГОРБАНЕВА,МУНИЦИПАЛЬНОЕ КАЗЕННОЕ ОБЩЕОБРАЗОВАТЕЛЬНОЕ УЧРЕЖДЕНИЕ ПОПОВСКАЯ СРЕДНЯЯ ОБЩЕОБРАЗОВАТЕЛЬНАЯ ШКОЛА ИМЕНИ ГЕРОЯ СОВЕТСКОГО СОЮЗА Н. К. ГОРБАНЕВА РОССОШАНСКОГО МУНИЦИПАЛЬНОГО РАЙОНА ВОРОНЕЖСКОЙ ОБЛАСТИ,общеобразовательная организация,3627018860,"396614, ВОРОНЕЖСКАЯ ОБЛАСТЬ, Р-Н РОССОШАНСКИЙ, С. ПОПОВКА, УЛ. ЛЕНИНА, Д.36, -, -","50.3106894, 39.617549",действующая,18-08-2025,25-06-2002,362701001,1023601237296,24-12-2002,20247852001,20647452101,26526107,4210007,14,85.14,2014,75404,Муниципальное казенное учреждение,МКУ,2014,ДИРЕКТОР,Иващенко Наталия Васильевна,0,головная организация
Россошанский,МКОУ СОШ № 24 Г. РОССОШИ,МУНИЦИПАЛЬНОЕ КАЗЕННОЕ ОБЩЕОБРАЗОВАТЕЛЬНОЕ УЧРЕЖДЕНИЕ СРЕДНЯЯ ОБЩЕОБРАЗОВАТЕЛЬНАЯ ШКОЛА № 24 Г. РОССОШИ РОССОШАНСКОГО МУНИЦИПАЛЬНОГО РАЙОНА ВОРОНЕЖСКОЙ ОБЛАСТИ,общеобразовательная организация,3627029710,"396653, ВОРОНЕЖСКАЯ ОБЛАСТЬ, Р-Н РОССОШАНСКИЙ, Г РОССОШЬ, УЛ ТОЛБУХИНА, ЗД. 43","50.1835893, 39.6100157",действующая,13-10-2025,26-08-2016,362701001,1163668101090,26-08-2016,20247501000,20647101001,04260608,4210007,14,85.14,2014,75404,Муниципальное казенное учреждение,МКУ,2014,ДИРЕКТОР,Коровин Владимир Константинович,0,головная организация
Россошанский,МКОУ СОШ № 9 Г. РОССОШИ РОССОШАНСКОГО МУНИЦИПАЛЬНОГО РАЙОНА ВОРОНЕЖСКОЙ ОБЛАСТИ,МУНИЦИПАЛЬНОЕ КАЗЕННОЕ ОБЩЕОБРАЗОВАТЕЛЬНОЕ УЧРЕЖДЕНИЕ СРЕДНЯЯ ОБЩЕОБРАЗОВАТЕЛЬНАЯ ШКОЛА № 9 Г. РОССОШИ РОССОШАНСКОГО МУНИЦИПАЛЬНОГО РАЙОНА ВОРОНЕЖСКОЙ ОБЛАСТИ,общеобразовательная организация,3627018570,"396658, ВОРОНЕЖСКАЯ ОБЛАСТЬ, Р-Н РОССОШАНСКИЙ, Г. РОССОШЬ, ПР-КТ ТРУДА, Д. 20","50.197703, 39.584883",действующая,27-10-2025,06-05-2002,362701001,1033664501463,16-01-2003,20247501000,20647101001,25730900,4210007,14,85.14,2014,75404,Муниципальное казенное учреждение,МКУ,2014,ДИРЕКТОР,Заграничнова Алла Германовна,0,головная организация
Россошанский,МКОУ СОШ №1 Г. РОССОШИ,МУНИЦИПАЛЬНОЕ КАЗЕННОЕ ОБЩЕОБРАЗОВАТЕЛЬНОЕ УЧРЕЖДЕНИЕ СРЕДНЯЯ ОБЩЕОБРАЗОВАТЕЛЬНАЯ ШКОЛА №1 ГОРОДА РОССОШИ РОССОШАНСКОГО МУНИЦИПАЛЬНОГО РАЙОНА ВОРОНЕЖСКОЙ ОБЛАСТИ,общеобразовательная организация,3627018637,"396659, ВОРОНЕЖСКАЯ ОБЛАСТЬ, Р-Н РОССОШАНСКИЙ, Г. РОССОШЬ, ПЛ. ОКТЯБРЬСКАЯ, Д. 36","50.199771, 39.535294",действующая,08-08-2025,06-05-2002,362701001,1033664501782,17-01-2003,20247501000,20647101001,25731118,4210007,14,85.14,2014,75404,Муниципальное казенное учреждение,МКУ,2014,ДИРЕКТОР,Коробейникова Ольга Александровна,0,головная организация
Россошанский,МКОУ СОШ №3 Г.РОССОШИ,МУНИЦИПАЛЬНОЕ КАЗЕННОЕ ОБЩЕОБРАЗОВАТЕЛЬНОЕ УЧРЕЖДЕНИЕ СРЕДНЯЯ ОБЩЕОБРАЗОВАТЕЛЬНАЯ ШКОЛА №3 Г.РОССОШИ РОССОШАНСКОГО МУНИЦИПАЛЬНОГО РАЙОНА ВОРОНЕЖСКОЙ ОБЛАСТИ,общеобразовательная организация,3627018556,"396659, ВОРОНЕЖСКАЯ ОБЛАСТЬ, Р-Н РОССОШАНСКИЙ, Г. РОССОШЬ, УЛ. ПРОЛЕТАРСКАЯ, Д. 13","50.1991617, 39.5433109",действующая,07-08-2025,21-12-2000,362701001,1033664501287,15-01-2003,20247501000,20647101001,25731087,4210007,14,85.12,2014,75404,Муниципальное казенное учреждение,МКУ,2014,ДИРЕКТОР,Великанов Игорь Петрович,0,головная организация
Россошанский,МКОУ СТАРОКАЛИТВЕНСКАЯ СОШ,МУНИЦИПАЛЬНОЕ КАЗЕННОЕ ОБЩЕОБРАЗОВАТЕЛЬНОЕ УЧРЕЖДЕНИЕ СТАРОКАЛИТВЕНСКАЯ СРЕДНЯЯ ОБЩЕОБРАЗОВАТЕЛЬНАЯ ШКОЛА РОССОШАНСКОГО МУНИЦИПАЛЬНОГО РАЙОНА ВОРОНЕЖСКОЙ ОБЛАСТИ,общеобразовательная организация,3627018718,"396633, ВОРОНЕЖСКАЯ ОБЛАСТЬ, Р-Н РОССОШАНСКИЙ, С. СТАРАЯ КАЛИТВА, УЛ. ШКОЛЬНАЯ, Д.32, -, -","50.1499172, 39.9929459",действующая,11-07-2025,07-06-2002,362701001,1023601238275,30-12-2002,20247856001,20647456101,26509876,4210007,14,85.14,2014,75404,Муниципальное казенное учреждение,МКУ,2014,ДИРЕКТОР,Лимарева Людмила Викторовна,0,головная организация
Россошанский,МКОУ ТЕРНОВСКАЯ ООШ РОССОШАНСКОГО МУНИЦИПАЛЬНОГО РАЙОНА ВОРОНЕЖСКОЙ ОБЛАСТИ,МУНИЦИПАЛЬНОЕ КАЗЕННОЕ ОБЩЕОБРАЗОВАТЕЛЬНОЕ УЧРЕЖДЕНИЕ ТЕРНОВСКАЯ ОСНОВНАЯ ОБЩЕОБРАЗОВАТЕЛЬНАЯ ШКОЛА РОССОШАНСКОГО МУНИЦИПАЛЬНОГО РАЙОНА ВОРОНЕЖСКОЙ ОБЛАСТИ,общеобразовательная организация,3627019172,"396632, ВОРОНЕЖСКАЯ ОБЛАСТЬ, Р-Н РОССОШАНСКИЙ, С ТЕРНОВКА, УЛ ШКОЛЬНАЯ, ЗД. 9, -","50.1328715, 39.8398593",действующая,26-12-2025,06-08-2001,362701001,1023601237725,26-12-2002,20247856005,20647456116,57709497,4210007,14,85.13,2014,75404,Муниципальное казенное учреждение,МКУ,2014,ДИРЕКТОР,Копейкина Юлия Николаевна,0,головная организация
Россошанский,МКОУ УКРАИНСКАЯ ООШ РОССОШАНСКОГО МУНИЦИПАЛЬНОГО РАЙОНА ВОРОНЕЖСКОЙ ОБЛАСТИ,МУНИЦИПАЛЬНОЕ КАЗЕННОЕ ОБЩЕОБРАЗОВАТЕЛЬНОЕ УЧРЕЖДЕНИЕ УКРАИНСКАЯ ОСНОВНАЯ ОБЩЕОБРАЗОВАТЕЛЬНАЯ ШКОЛА РОССОШАНСКОГО МУНИЦИПАЛЬНОГО РАЙОНА ВОРОНЕЖСКОЙ ОБЛАСТИ,общеобразовательная организация,3627019020,"396617, ВОРОНЕЖСКАЯ ОБЛАСТЬ, Р-Н РОССОШАНСКИЙ, Х. УКРАИНСКИЙ, УЛ. САДОВАЯ, Д.1","50.220359, 39.7146797",действующая,27-10-2025,27-06-2002,362701001,1023601238143,27-12-2002,20247804001,20647404101,31258488,4210007,14,85.13,2014,75404,Муниципальное казенное учреждение,МКУ,2014,ДИРЕКТОР,Заиченко Марина Анатольевна,0,головная организация
Россошанский,МКОУ ШЕКАЛОВСКАЯ ООШ РОССОШАНСКОГО МУНИЦИПАЛЬНОГО РАЙОНА ВОРОНЕЖСКОЙ ОБЛАСТИ,МУНИЦИПАЛЬНОЕ КАЗЕННОЕ ОБЩЕОБРАЗОВАТЕЛЬНОЕ УЧРЕЖДЕНИЕ ШЕКАЛОВСКАЯ ОСНОВНАЯ ОБЩЕОБРАЗОВАТЕЛЬНАЯ ШКОЛА РОССОШАНСКОГО МУНИЦИПАЛЬНОГО РАЙОНА ВОРОНЕЖСКОЙ ОБЛАСТИ,общеобразовательная организация,3627018877,"396623, ВОРОНЕЖСКАЯ ОБЛАСТЬ, Р-Н РОССОШАНСКИЙ, С. ШЕКАЛОВКА, УЛ. ЦЕНТРАЛЬНАЯ, Д.2, -, -","50.0477619, 39.3046551",действующая,07-08-2025,27-06-2002,362701001,1023601236867,20-12-2002,20247860001,20647460101,31259401,4210007,14,85.13,2014,75404,Муниципальное казенное учреждение,МКУ,2014,ДИРЕКТОР,Лушпин Алексей Юрьевич,0,головная организация
Россошанский,"МКУ ДО ""РОССОШАНСКАЯ СШ""","МУНИЦИПАЛЬНОЕ КАЗЕННОЕ УЧРЕЖДЕНИЕ ДОПОЛНИТЕЛЬНОГО ОБРАЗОВАНИЯ ""РОССОШАНСКАЯ СПОРТИВНАЯ ШКОЛА""",организация доп. образования,3627019091,"396651, ВОРОНЕЖСКАЯ ОБЛАСТЬ, М.Р-Н РОССОШАНСКИЙ, Г.П. ГОРОД РОССОШЬ, Г РОССОШЬ, УЛ ДЗЕРЖИНСКОГО, ЗД. 66Б","50.180902, 39.601142",действующая,22-07-2025,28-06-2002,362701001,1033664506534,29-01-2003,20247501000,20647101001,31259967,4210007,14,85.41,2014,75404,Муниципальное казенное учреждение,МКУ,2014,ДИРЕКТОР,Пономарев Дмитрий Владимирович,0,головная организация
Россошанский,"МКУ ДО ""РОССОШАНСКАЯ СШ""","МУНИЦИПАЛЬНОЕ КАЗЕННОЕ УЧРЕЖДЕНИЕ ДОПОЛНИТЕЛЬНОГО ОБРАЗОВАНИЯ ""РОССОШАНСКАЯ СПОРТИВНАЯ ШКОЛА""",организация доп. образования,3627019091,"396651, ВОРОНЕЖСКАЯ ОБЛАСТЬ, М.Р-Н РОССОШАНСКИЙ, Г.П. ГОРОД РОССОШЬ, Г РОССОШЬ, УЛ ДЗЕРЖИНСКОГО, ЗД. 66Б","50.180902, 39.601142",действующая,22-07-2025,28-06-2002,362701001,1033664506534,29-01-2003,20247501000,20647101001,31259967,4210007,14,85.41,2014,75404,Муниципальное казенное учреждение,МКУ,2014,ДИРЕКТОР,Пономарев Дмитрий Владимирович,0,головная организация
Россошанский,МКУ ДО ДШИ,МУНИЦИПАЛЬНОЕ КАЗЕННОЕ УЧРЕЖДЕНИЕ ДОПОЛНИТЕЛЬНОГО ОБРАЗОВАНИЯ ДЕТСКАЯ ШКОЛА ИСКУССТВ РОССОШАНСКОГО МУНИЦИПАЛЬНОГО РАЙОНА ВОРОНЕЖСКОЙ ОБЛАСТИ,организация доп. образования,3627020611,"396650, ВОРОНЕЖСКАЯ ОБЛАСТЬ, Р-Н РОССОШАНСКИЙ, Г. РОССОШЬ, УЛ. ПРОЛЕТАРСКАЯ, Д.82, -, -","50.196982, 39.563332",действующая,03-04-2025,12-07-2004,362701001,1043664503046,12-07-2004,20247501000,20647101001,72602762,4210007,14,85.41,2014,75404,Муниципальное казенное учреждение,МКУ,2014,ДИРЕКТОР,Полещук Елена Юрьевна,0,головная организация
Россошанский,ОТДЕЛ ОБРАЗОВАНИЯ И МОЛОДЕЖНОЙ ПОЛИТИКИ,ОТДЕЛ ОБРАЗОВАНИЯ И МОЛОДЕЖНОЙ ПОЛИТИКИ АДМИНИСТРАЦИИ РОССОШАНСКОГО МУНИЦИПАЛЬНОГО РАЙОНА ВОРОНЕЖСКОЙ ОБЛАСТИ,отдел,3627009946,"396658, ВОРОНЕЖСКАЯ ОБЛАСТЬ, Р-Н РОССОШАНСКИЙ, Г. РОССОШЬ, УЛ. ПРОСТЕЕВА, Д. 5","50.1983443, 39.5788162",действующая,12-05-2025,25-12-1991,362701001,1033664506567,29-01-2003,20247501000,20647101001,02105039,3300100,14,84.11.22,2014,75404,Муниципальное казенное учреждение,МКУ,2014,ЗАМЕСТИТЕЛЬ ГЛАВЫ АДМИНИСТРАЦИИ-РУКОВОДИТЕЛЬ ОТДЕЛА ОБРАЗОВАНИЯ И МОЛОДЕЖНОЙ ПОЛИТИКИ,Домнич Инна Сергеевна,0,головная организация
Семилукский,"ГБПОУ ВО ""СПК""","ГОСУДАРСТВЕННОЕ БЮДЖЕТНОЕ ПРОФЕССИОНАЛЬНОЕ ОБРАЗОВАТЕЛЬНОЕ УЧРЕЖДЕНИЕ ВОРОНЕЖСКОЙ ОБЛАСТИ ""СЕМИЛУКСКИЙ ПОЛИТЕХНИЧЕСКИЙ КОЛЛЕДЖ""",профессиональная образовательная организация,3628003305,"396900, ВОРОНЕЖСКАЯ ОБЛАСТЬ, Р-Н СЕМИЛУКСКИЙ, Г. СЕМИЛУКИ, УЛ. ЧАПАЕВА, Д.62, -, -","51.693787, 39.015037",действующая,06-02-2025,06-09-2001,362801001,1023601314681,06-11-2002,20249501000,20649101001,02508926,2300223,13,85.21,2014,75203,Государственное бюджетное учреждение субъекта Российской Федерации,ГБУ,2014,ДИРЕКТОР,Соломина Людмила Васильевна,0,головная организация
Семилукский,"КОУ ВО ""ЗЕМЛЯНСКАЯ ШКОЛА-ИНТЕРНАТ""","КАЗЕННОЕ ОБЩЕОБРАЗОВАТЕЛЬНОЕ УЧРЕЖДЕНИЕ ВОРОНЕЖСКОЙ ОБЛАСТИ ""ЗЕМЛЯНСКАЯ ШКОЛА-ИНТЕРНАТ ДЛЯ ОБУЧАЮЩИХСЯ С ОГРАНИЧЕННЫМИ ВОЗМОЖНОСТЯМИ ЗДОРОВЬЯ""",интернат,3628005750,"396920, ВОРОНЕЖСКАЯ ОБЛАСТЬ, Р-Н СЕМИЛУКСКИЙ, С. ЗЕМЛЯНСК, УЛ. ЛЕНИНА, Д. 12","51.9071347, 38.7244788",действующая,09-02-2025,16-01-1996,362801001,1023601313372,21-10-2002,20249820001,20649420101,02083191,2300223,13,85.13,2014,75204,Государственное казенное учреждение субъекта Российской Федерации,ГКУ,2014,ДИРЕКТОР,Павликова Анжела Вячеславовна,0,головная организация
Семилукский,"КОУ ВО ""СЕМИЛУКСКАЯ СПЕЦИАЛЬНАЯ ОБЩЕОБРАЗОВАТЕЛЬНАЯ ШКОЛА""","КАЗЕННОЕ СПЕЦИАЛЬНОЕ УЧЕБНО-ВОСПИТАТЕЛЬНОЕ ОБЩЕОБРАЗОВАТЕЛЬНОЕ УЧРЕЖДЕНИЕ ВОРОНЕЖСКОЙ ОБЛАСТИ (ОТКРЫТОГО ТИПА) ""СЕМИЛУКСКАЯ СПЕЦИАЛЬНАЯ ОБЩЕОБРАЗОВАТЕЛЬНАЯ ШКОЛА""",интернат,3628003834,"396900, ВОРОНЕЖСКАЯ ОБЛАСТЬ, Р-Н СЕМИЛУКСКИЙ, Г СЕМИЛУКИ, УЛ КРУПСКОЙ, Д. 32, -","51.6929801, 39.0253542",действующая,09-12-2025,01-10-1995,362801001,1023601313768,26-10-2002,20249501000,20649101001,02083183,2300223,13,85.14,2014,75204,Государственное казенное учреждение субъекта Российской Федерации,ГКУ,2014,ДИРЕКТОР,Дмитриева Ирина Николаевна,0,головная организация
Семилукский,"МКДОУ ""СЕМИЦВЕТИК""","МУНИЦИПАЛЬНОЕ КАЗЕННОЕ ДОШКОЛЬНОЕ ОБРАЗОВАТЕЛЬНОЕ УЧРЕЖДЕНИЕ ДЕТСКИЙ САД ""СЕМИЦВЕТИК"" Г. СЕМИЛУКИ ВОРОНЕЖСКОЙ ОБЛАСТИ",дошкольное образование,3628020357,"396900, ВОРОНЕЖСКАЯ ОБЛАСТЬ, Р-Н СЕМИЛУКСКИЙ, Г. СЕМИЛУКИ, УЛ. 25 ЛЕТ ОКТЯБРЯ, Д. 142","51.701175, 39.018962",действующая,12-02-2025,08-08-2019,362801001,1193668030027,08-08-2019,20249501000,20649101001,41081565,4210007,14,85.11,2014,75404,Муниципальное казенное учреждение,МКУ,2014,ЗАВЕДУЮЩИЙ,Быканова Алла Константиновна,0,головная организация
Семилукский,"МКДОУ ""ЦППМСП"" - ДЕТСКИЙ САД ""СКАЗКА"" СЕМИЛУКСКОГО МУНИЦИПАЛЬНОГО РАЙОНА","МУНИЦИПАЛЬНОЕ КАЗЁННОЕ ДОШКОЛЬНОЕ ОБРАЗОВАТЕЛЬНОЕ УЧРЕЖДЕНИЕ ""ЦЕНТР ПСИХОЛОГО-ПЕДАГОГИЧЕСКОЙ, МЕДИЦИНСКОЙ И СОЦИАЛЬНОЙ ПОМОЩИ"" - ДЕТСКИЙ САД ""СКАЗКА"" СЕМИЛУКСКОГО МУНИЦИПАЛЬНОГО РАЙОНА ВОРОНЕЖСКОЙ ОБЛАСТИ",дошкольное образование,3628013832,"396902, ВОРОНЕЖСКАЯ ОБЛАСТЬ, Р-Н СЕМИЛУКСКИЙ, Г. СЕМИЛУКИ, УЛ. ГАЗОВАЯ, Д.12","51.6923214, 39.0141826",действующая,06-02-2026,10-07-2008,362801001,1083668026958,10-07-2008,20249501000,20649101001,85988987,4210007,14,85.11,2014,75404,Муниципальное казенное учреждение,МКУ,2014,ЗАВЕДУЮЩИЙ,Кузьмина Ольга Митрофановна,0,головная организация
Семилукский,"МКДОУ ""ЦРР-Д/С №5 ""ДЕЛЬФИН"" Г.СЕМИЛУКИ","МУНИЦИПАЛЬНОЕ КАЗЁННОЕ ДОШКОЛЬНОЕ ОБРАЗОВАТЕЛЬНОЕ УЧРЕЖДЕНИЕ ""ЦЕНТР РАЗВИТИЯ РЕБЕНКА-ДЕТСКИЙ САД № 5 ""ДЕЛЬФИН"" Г. СЕМИЛУКИ ВОРОНЕЖСКОЙ ОБЛАСТИ",дошкольное образование,3628008695,"396900, ВОРОНЕЖСКАЯ ОБЛАСТЬ, Р-Н СЕМИЛУКСКИЙ, Г. СЕМИЛУКИ, УЛ. ЧАПАЕВА, Д.60-А, -, -","51.696154, 39.015207",действующая,18-02-2026,19-10-2002,362801001,1023601313262,19-10-2002,20249501000,20649101001,22796666,4210007,14,85.11,2014,75404,Муниципальное казенное учреждение,МКУ,2014,ЗАВЕДУЮЩИЙ,Иванова Ирина Владимировна,0,головная организация
Семилукский,"МКДОУ Д/С №2 ""ЛАСТОЧКА""","МУНИЦИПАЛЬНОЕ КАЗЁННОЕ ДОШКОЛЬНОЕ ОБРАЗОВАТЕЛЬНОЕ УЧРЕЖДЕНИЕ ДЕТСКИЙ САД № 2 ""ЛАСТОЧКА"" ОБЩЕРАЗВИВАЮЩЕГО ВИДА ГОРОДСКОГО ПОСЕЛЕНИЯ - Г. СЕМИЛУКИ ВОРОНЕЖСКОЙ ОБЛАСТИ",дошкольное образование,3628008705,"396901, ВОРОНЕЖСКАЯ ОБЛАСТЬ, Р-Н СЕМИЛУКСКИЙ, Г СЕМИЛУКИ, УЛ ЛЕНИНА, ЗД. 12, -","51.684531, 39.0334653",действующая,05-02-2025,19-10-2002,362801001,1023601313295,19-10-2002,20249501000,20649101001,42612817,4210007,14,85.11,2014,75404,Муниципальное казенное учреждение,МКУ,2014,ЗАВЕДУЮЩИЙ,Калинина Зинаида Николаевна,0,головная организация
Семилукский,"МКДОУ Д/С №3 ""СОЛНЫШКО""","МУНИЦИПАЛЬНОЕ КАЗЁННОЕ ДОШКОЛЬНОЕ ОБРАЗОВАТЕЛЬНОЕ УЧРЕЖДЕНИЕ ДЕТСКИЙ САД № 3 ""СОЛНЫШКО"" ОБЩЕРАЗВИВАЮЩЕГО ВИДА ГОРОДСКОГО ПОСЕЛЕНИЯ - Г. СЕМИЛУКИ ВОРОНЕЖСКОЙ ОБЛАСТИ",дошкольное образование,3628002510,"396900, ВОРОНЕЖСКАЯ ОБЛАСТЬ, Р-Н СЕМИЛУКСКИЙ, Г СЕМИЛУКИ, УЛ ГАГАРИНА, ЗД. 40","51.693357, 39.01782",действующая,13-02-2025,27-11-1995,362801001,1023601313570,26-10-2002,20249501000,20649101001,42612823,4210007,14,85.11,2014,75404,Муниципальное казенное учреждение,МКУ,2014,ЗАВЕДУЮЩИЙ,Черноусова Валентина Ивановна,0,головная организация
Семилукский,"МКДОУ Д/С №4 ""ТЕРЕМОК""","МУНИЦИПАЛЬНОЕ КАЗЕННОЕ ДОШКОЛЬНОЕ ОБРАЗОВАТЕЛЬНОЕ УЧРЕЖДЕНИЕ ДЕТСКИЙ САД №4 ""ТЕРЕМОК"" ОБЩЕРАЗВИВАЮЩЕГО ВИДА ГОРОДСКОГО ПОСЕЛЕНИЯ - Г. СЕМИЛУКИ ВОРОНЕЖСКОЙ ОБЛАСТИ",дошкольное образование,3628001178,"396900, ВОРОНЕЖСКАЯ ОБЛАСТЬ, Р-Н СЕМИЛУКСКИЙ, Г СЕМИЛУКИ, УЛ КРУПСКОЙ, ЗД. 33, К. 1, -","51.692931, 39.02595",действующая,19-06-2025,31-10-2002,362801001,1023601314120,31-10-2002,20249501000,20649101001,42612837,4210007,14,85.11,2014,75404,Муниципальное казенное учреждение,МКУ,2014,ЗАВЕДУЮЩИЙ,Совик Ирина Ивановна,0,головная организация
Семилукский,"МКДОУ ДЕВИЦКИЙ ДЕТСКИЙ САД ""УЛЫБКА""","МУНИЦИПАЛЬНОЕ КАЗЕННОЕ ДОШКОЛЬНОЕ ОБРАЗОВАТЕЛЬНОЕ УЧРЕЖДЕНИЕ ДЕВИЦКИЙ ДЕТСКИЙ САД ""УЛЫБКА"" СЕМИЛУКСКОГО МУНИЦИПАЛЬНОГО РАЙОНА ВОРОНЕЖСКОЙ ОБЛАСТИ",дошкольное образование,3628011634,"396942, ВОРОНЕЖСКАЯ ОБЛАСТЬ, Р-Н СЕМИЛУКСКИЙ, С ДЕВИЦА, УЛ ГАГАРИНА, ЗД. 12А","51.636504, 38.948655",действующая,09-02-2025,20-01-2015,362801001,1153668001112,20-01-2015,20249816001,20649416101,34022023,4210007,14,85.11,2014,75404,Муниципальное казенное учреждение,МКУ,2014,ЗАВЕДУЮЩИЙ,Онучина Олеся Владимировна,0,головная организация
Семилукский,"МКДОУ ДЕТСКИЙ САД № 1 ""УМКА""","МУНИЦИПАЛЬНОЕ КАЗЕННОЕ ДОШКОЛЬНОЕ ОБРАЗОВАТЕЛЬНОЕ УЧРЕЖДЕНИЕ ДЕТСКИЙ САД № 1 ""УМКА"" Г.СЕМИЛУКИ ВОРОНЕЖСКОЙ ОБЛАСТИ",дошкольное образование,3628018083,"396902, ВОРОНЕЖСКАЯ ОБЛАСТЬ, Р-Н СЕМИЛУКСКИЙ, Г. СЕМИЛУКИ, УЛ. КУРСКАЯ, Д. 44","51.6927618, 39.0071443",действующая,11-02-2025,20-08-2014,362801001,1143668040636,20-08-2014,20249501000,20649101001,31263851,4210007,14,85.11,2014,75404,Муниципальное казенное учреждение,МКУ,2014,ЗАВЕДУЮЩИЙ,Отрижко Марина Александровна,0,головная организация
Семилукский,"МКДОУ ЗЕМЛЯНСКИЙ Д/С ""КОЛОСОК""","МУНИЦИПАЛЬНОЕ КАЗЕННОЕ ДОШКОЛЬНОЕ ОБРАЗОВАТЕЛЬНОЕ УЧРЕЖДЕНИЕ ЗЕМЛЯНСКИЙ ДЕТСКИЙ САД ""КОЛОСОК"" СЕМИЛУКСКОГО МУНИЦИПАЛЬНОГО РАЙОНА ВОРОНЕЖСКОЙ ОБЛАСТИ",дошкольное образование,3628005817,"396920, ВОРОНЕЖСКАЯ ОБЛАСТЬ, Р-Н СЕМИЛУКСКИЙ, С. ЗЕМЛЯНСК, ПЕР. СОВЕТСКИЙ, Д.1, -, -","51.9017969, 38.7363213",действующая,23-10-2025,27-11-1995,362801001,1023601317310,22-11-2002,20249820001,20649420101,59565051,4210007,14,85.11,2014,75404,Муниципальное казенное учреждение,МКУ,2014,ЗАВЕДУЮЩИЙ,Вахтина Елена Викторовна,0,головная организация
Семилукский,"МКДОУ ЛАТНЕНСКИЙ Д/С ""РОДНИЧОК""","МУНИЦИПАЛЬНОЕ КАЗЕННОЕ ДОШКОЛЬНОЕ ОБРАЗОВАТЕЛЬНОЕ УЧРЕЖДЕНИЕ ЛАТНЕНСКИЙ ДЕТСКИЙ САД ""РОДНИЧОК"" ОБЩЕРАЗВИВАЮЩЕГО ВИДА СЕМИЛУКСКОГО МУНИЦИПАЛЬНОГО РАЙОНА ВОРОНЕЖСКОЙ ОБЛАСТИ",дошкольное образование,3628008688,"396950, ВОРОНЕЖСКАЯ ОБЛАСТЬ, Р-Н СЕМИЛУКСКИЙ, РП. ЛАТНАЯ, УЛ. ЗАВОДСКАЯ, Д.10А, -, -","51.657011, 38.900566",действующая,28-04-2025,19-10-2002,362801001,1023601313230,19-10-2002,20249560000,20649160051,42612852,4210007,14,85.11,2014,75404,Муниципальное казенное учреждение,МКУ,2014,ЗАВЕДУЮЩИЙ,Лик Ангелина Владимировна,0,головная организация
Семилукский,"МКДОУ СТРЕЛИЦКИЙ Д/С ""ЛЕБЕДЬ""","МУНИЦИПАЛЬНОЕ КАЗЁННОЕ ДОШКОЛЬНОЕ ОБРАЗОВАТЕЛЬНОЕ УЧРЕЖДЕНИЕ СТРЕЛИЦКИЙ ДЕТСКИЙ САД ""ЛЕБЕДЬ"" ОБЩЕРАЗВИВАЮЩЕГО ВИДА СЕМИЛУКСКОГО МУНИЦИПАЛЬНОГО РАЙОНА ВОРОНЕЖСКОЙ ОБЛАСТИ",дошкольное образование,3628008624,"396941, ВОРОНЕЖСКАЯ ОБЛАСТЬ, Р-Н СЕМИЛУКСКИЙ, РП СТРЕЛИЦА, УЛ КОМСОМОЛЬСКАЯ, Д. 4А","51.6100149, 38.9077913",действующая,08-02-2025,28-08-2002,362801001,1023601312448,28-08-2002,20249565000,20649165051,59564933,4210007,14,85.11,2014,75404,Муниципальное казенное учреждение,МКУ,2014,ЗАВЕДУЮЩИЙ,Масалытина Валентина Викторовна,0,головная организация
Семилукский,МКОУ ГУБАРЕВСКАЯ СОШ,МУНИЦИПАЛЬНОЕ КАЗЕННОЕ ОБЩЕОБРАЗОВАТЕЛЬНОЕ УЧРЕЖДЕНИЕ ГУБАРЕВСКАЯ СРЕДНЯЯ ОБЩЕОБРАЗОВАТЕЛЬНАЯ ШКОЛА СЕМИЛУКСКОГО МУНИЦИПАЛЬНОГО РАЙОНА ВОРОНЕЖСКОЙ ОБЛАСТИ,общеобразовательная организация,3628006000,"396947, ВОРОНЕЖСКАЯ ОБЛАСТЬ, Р-Н СЕМИЛУКСКИЙ, С. ГУБАРЁВО, УЛ. ШКОЛЬНАЯ, Д. 1","51.7689382, 39.0397976",действующая,08-04-2025,14-06-2002,362801001,1023601317684,26-11-2002,20249812001,20649412101,41215818,4210007,14,85.14,2014,75404,Муниципальное казенное учреждение,МКУ,2014,ДИРЕКТОР,Бирюков Юрий Александрович,0,головная организация
Семилукский,МКОУ ДЕВИЦКАЯ СОШ,МУНИЦИПАЛЬНОЕ КАЗЕННОЕ ОБЩЕОБРАЗОВАТЕЛЬНОЕ УЧРЕЖДЕНИЕ ДЕВИЦКАЯ СРЕДНЯЯ ОБЩЕОБРАЗОВАТЕЛЬНАЯ ШКОЛА СЕМИЛУКСКОГО МУНИЦИПАЛЬНОГО РАЙОНА ВОРОНЕЖСКОЙ ОБЛАСТИ,общеобразовательная организация,3628006183,"396942, ВОРОНЕЖСКАЯ ОБЛАСТЬ, Р-Н СЕМИЛУКСКИЙ, С ДЕВИЦА, УЛ ТАНКИСТОВ, ЗД. 108, -","51.6363171, 38.9460285",действующая,12-11-2025,11-06-2002,362801001,1023601319356,15-12-2002,20249816001,20649416101,41215824,4210007,14,85.14,2014,75404,Муниципальное казенное учреждение,МКУ,2014,ДИРЕКТОР,Лынова Ирина Всеволодовна,0,головная организация
Семилукский,МКОУ ЗЕМЛЯНСКАЯ СОШ,МУНИЦИПАЛЬНОЕ КАЗЕННОЕ ОБЩЕОБРАЗОВАТЕЛЬНОЕ УЧРЕЖДЕНИЕ ЗЕМЛЯНСКАЯ СРЕДНЯЯ ОБЩЕОБРАЗОВАТЕЛЬНАЯ ШКОЛА СЕМИЛУКСКОГО МУНИЦИПАЛЬНОГО РАЙОНА ВОРОНЕЖСКОЙ ОБЛАСТИ,общеобразовательная организация,3628003841,"396920, ВОРОНЕЖСКАЯ ОБЛАСТЬ, Р-Н СЕМИЛУКСКИЙ, С ЗЕМЛЯНСК, УЛ САДОВАЯ, Д. 11","51.9037387, 38.729579",действующая,02-09-2025,26-08-1996,362801001,1023601312294,13-08-2002,20249820001,20649420101,42613047,4210007,14,85.14,2014,75404,Муниципальное казенное учреждение,МКУ,2014,ДИРЕКТОР,Вахтина Ирина Юрьевна,0,головная организация
Семилукский,МКОУ ЛАТНЕНСКАЯ ПОСЕЛКОВАЯ СОШ,МУНИЦИПАЛЬНОЕ КАЗЕННОЕ ОБЩЕОБРАЗОВАТЕЛЬНОЕ УЧРЕЖДЕНИЕ ЛАТНЕНСКАЯ ПОСЕЛКОВАЯ СРЕДНЯЯ ОБЩЕОБРАЗОВАТЕЛЬНАЯ ШКОЛА СЕМИЛУКСКОГО МУНИЦИПАЛЬНОГО РАЙОНА ВОРОНЕЖСКОЙ ОБЛАСТИ,общеобразовательная организация,3628006120,"396950, ВОРОНЕЖСКАЯ ОБЛАСТЬ, Р-Н СЕМИЛУКСКИЙ, РП. ЛАТНАЯ, УЛ. ШКОЛЬНАЯ, Д.18, -, -","51.6535371, 38.8999687",действующая,26-08-2025,25-06-2002,362801001,1033676500560,31-01-2003,20249560000,20649160051,42613076,4210007,14,85.14,2014,75404,Муниципальное казенное учреждение,МКУ,2014,ДИРЕКТОР,Соколова Лариса Алексеевна,0,головная организация
Семилукский,МКОУ ЛАТНЕНСКАЯ СЕЛЬСКАЯ СОШ,МУНИЦИПАЛЬНОЕ КАЗЕННОЕ ОБЩЕОБРАЗОВАТЕЛЬНОЕ УЧРЕЖДЕНИЕ ЛАТНЕНСКАЯ СЕЛЬСКАЯ СРЕДНЯЯ ОБЩЕОБРАЗОВАТЕЛЬНАЯ ШКОЛА СЕМИЛУКСКОГО МУНИЦИПАЛЬНОГО РАЙОНА ВОРОНЕЖСКОЙ ОБЛАСТИ,общеобразовательная организация,3628005969,"396951, ВОРОНЕЖСКАЯ ОБЛАСТЬ, Р-Н СЕМИЛУКСКИЙ, С. ЛАТНОЕ, УЛ. ОКТЯБРЬСКАЯ, Д.53/1","51.6955754, 38.9218935",действующая,08-02-2025,14-06-2002,362801001,1023601319378,15-12-2002,20249828001,20649428101,42613099,4210007,14,85.14,2014,75404,Муниципальное казенное учреждение,МКУ,2014,ДИРЕКТОР,Богомолов Алексей Александрович,0,головная организация
Семилукский,МКОУ МАЛОВЕРЕЙСКАЯ ООШ,МУНИЦИПАЛЬНОЕ КАЗЕННОЕ ОБЩЕОБРАЗОВАТЕЛЬНОЕ УЧРЕЖДЕНИЕ МАЛОВЕРЕЙСКАЯ ОСНОВНАЯ ОБЩЕОБРАЗОВАТЕЛЬНАЯ ШКОЛА СЕМИЛУКСКОГО МУНИЦИПАЛЬНОГО РАЙОНА ВОРОНЕЖСКОЙ ОБЛАСТИ,общеобразовательная организация,3628006169,"396925, ВОРОНЕЖСКАЯ ОБЛАСТЬ, Р-Н СЕМИЛУКСКИЙ, С. МАЛАЯ ВЕРЕЙКА, УЛ. КОЛХОЗНАЯ, Д. 1","51.9714387, 38.6991556",действующая,07-02-2025,14-06-2002,362801001,1023601317728,27-11-2002,20249820012,20649420156,42612935,4210007,14,85.13,2014,75404,Муниципальное казенное учреждение,МКУ,2014,ДИРЕКТОР,Скрыльникова Валентина Алексеевна,0,головная организация
Семилукский,МКОУ МЕДВЕЖЕНСКАЯ ООШ,МУНИЦИПАЛЬНОЕ КАЗЕННОЕ ОБЩЕОБРАЗОВАТЕЛЬНОЕ УЧРЕЖДЕНИЕ МЕДВЕЖЕНСКАЯ ОСНОВНАЯ ОБЩЕОБРАЗОВАТЕЛЬНАЯ ШКОЛА СЕМИЛУКСКОГО МУНИЦИПАЛЬНОГО РАЙОНА ВОРОНЕЖСКОЙ ОБЛАСТИ,общеобразовательная организация,3628017097,"396946, ВОРОНЕЖСКАЯ ОБЛАСТЬ, Р-Н СЕМИЛУКСКИЙ, С. МЕДВЕЖЬЕ, УЛ. ШКОЛЬНАЯ, Д.1","51.8515661, 38.9799536",действующая,08-02-2025,26-04-2013,362801001,1133668022091,26-04-2013,20249844001,20649444101,42612898,4210007,14,85.13,2014,75404,Муниципальное казенное учреждение,МКУ,2014,ИСПОЛНЯЮЩИЙ ОБЯЗАННОСТИ ДИРЕКТОРА,Петрухина Нина Николаевна,0,головная организация
Семилукский,МКОУ НИЖНЕВЕДУГСКАЯ СОШ,МУНИЦИПАЛЬНОЕ КАЗЕННОЕ ОБЩЕОБРАЗОВАТЕЛЬНОЕ УЧРЕЖДЕНИЕ НИЖНЕВЕДУГСКАЯ СРЕДНЯЯ ОБЩЕОБРАЗОВАТЕЛЬНАЯ ШКОЛА СЕМИЛУКСКОГО МУНИЦИПАЛЬНОГО РАЙОНА ВОРОНЕЖСКОЙ ОБЛАСТИ,общеобразовательная организация,3628006200,"396910, ВОРОНЕЖСКАЯ ОБЛАСТЬ, Р-Н СЕМИЛУКСКИЙ, С. НИЖНЯЯ ВЕДУГА, УЛ. ЛЕНИНА, Д.68","51.742915, 38.651432",действующая,15-08-2025,27-11-1995,362801001,1023601313790,28-10-2002,20249852001,20649452101,42612964,4210007,14,85.14,2014,75404,Муниципальное казенное учреждение,МКУ,2014,ИСПОЛНЯЮЩИЙ ОБЯЗАННОСТИ ДИРЕКТОРА,Сааг Татьяна Валентиновна,0,головная организация
Семилукский,МКОУ НОВОСИЛЬСКАЯ СОШ,МУНИЦИПАЛЬНОЕ КАЗЕННОЕ ОБЩЕОБРАЗОВАТЕЛЬНОЕ УЧРЕЖДЕНИЕ НОВОСИЛЬСКАЯ СРЕДНЯЯ ОБЩЕОБРАЗОВАТЕЛЬНАЯ ШКОЛА СЕМИЛУКСКОГО МУНИЦИПАЛЬНОГО РАЙОНА ВОРОНЕЖСКОЙ ОБЛАСТИ,общеобразовательная организация,3628006190,"396930, ВОРОНЕЖСКАЯ ОБЛАСТЬ, Р-Н СЕМИЛУКСКИЙ, С. НОВОСИЛЬСКОЕ, УЛ. ШКОЛЬНАЯ, Д.16, -, -","51.9201903, 38.5162384",действующая,18-12-2025,20-04-2000,362801001,1023601319818,18-12-2002,20249856001,20649456101,42612970,4210007,14,85.14,2014,75404,Муниципальное казенное учреждение,МКУ,2014,ИСПОЛНЯЮЩИЙ ОБЯЗАННОСТИ ДИРЕКТОРА,Чепрасова Елена Ивановна,0,головная организация
Семилукский,МКОУ ОРЛОВЛОГСКАЯ СОШ,МУНИЦИПАЛЬНОЕ КАЗЕННОЕ ОБЩЕОБРАЗОВАТЕЛЬНОЕ УЧРЕЖДЕНИЕ ОРЛОВЛОГСКАЯ СРЕДНЯЯ ОБЩЕОБРАЗОВАТЕЛЬНАЯ ШКОЛА СЕМИЛУКСКОГО МУНИЦИПАЛЬНОГО РАЙОНА ВОРОНЕЖСКОЙ ОБЛАСТИ,общеобразовательная организация,3628006144,"396943, ВОРОНЕЖСКАЯ ОБЛАСТЬ, Р-Н СЕМИЛУКСКИЙ, П. ОРЛОВ ЛОГ, ПЕР. ШКОЛЬНЫЙ, Д. 1","51.6571977, 38.9825384",действующая,01-02-2025,22-05-2002,362801001,1023601317871,28-11-2002,20249816003,20649416106,41215847,4210007,14,85.14,2014,75404,Муниципальное казенное учреждение,МКУ,2014,ИСПОЛНЯЮЩИЙ ОБЯЗАННОСТИ ДИРЕКТОРА,Лынова Ирина Всеволодовна,0,головная организация
Семилукский,МКОУ ПЕРЛЕВСКАЯ СОШ,МУНИЦИПАЛЬНОЕ КАЗЕННОЕ ОБЩЕОБРАЗОВАТЕЛЬНОЕ УЧРЕЖДЕНИЕ ПЕРЛЕВСКАЯ СРЕДНЯЯ ОБЩЕОБРАЗОВАТЕЛЬНАЯ ШКОЛА СЕМИЛУКСКОГО МУНИЦИПАЛЬНОГО РАЙОНА ВОРОНЕЖСКОЙ ОБЛАСТИ,общеобразовательная организация,3628006151,"396921, ВОРОНЕЖСКАЯ ОБЛАСТЬ, Р-Н СЕМИЛУКСКИЙ, С. ПЕРЛЁВКА, УЛ. ЦЕНТРАЛЬНАЯ, Д.39, -, -","51.853687, 38.850954",действующая,17-04-2025,19-06-2002,362801001,1023601318586,03-12-2002,20249864001,20649464101,42612763,4210007,14,85.14,2014,75404,Муниципальное казенное учреждение,МКУ,2014,ДИРЕКТОР,Шмаков Николай Михайлович,0,головная организация
Семилукский,МКОУ СЕМИЛУКСКАЯ В(С)ОШ,МУНИЦИПАЛЬНОЕ КАЗЕННОЕ ОБЩЕОБРАЗОВАТЕЛЬНОЕ УЧРЕЖДЕНИЕ СЕМИЛУКСКАЯ ВЕЧЕРНЯЯ (СМЕННАЯ) ОБЩЕОБРАЗОВАТЕЛЬНАЯ ШКОЛА СЕМИЛУКСКОГО МУНИЦИПАЛЬНОГО РАЙОНА ВОРОНЕЖСКОЙ ОБЛАСТИ,общеобразовательная организация,3628009219,"396900, ВОРОНЕЖСКАЯ ОБЛАСТЬ, Р-Н СЕМИЛУКСКИЙ, Г. СЕМИЛУКИ, УЛ. 25 ЛЕТ ОКТЯБРЯ, Д.106","51.695193, 39.032148",действующая,05-02-2025,27-11-1995,362801001,1023601320742,27-12-2002,20249501000,20649101001,42612697,4210007,14,85.14,2014,75404,Муниципальное казенное учреждение,МКУ,2014,ДИРЕКТОР,Шершнева Мария Петровна,0,головная организация
Семилукский,МКОУ СЕМИЛУКСКАЯ ООШ №2,МУНИЦИПАЛЬНОЕ КАЗЕННОЕ ОБЩЕОБРАЗОВАТЕЛЬНОЕ УЧРЕЖДЕНИЕ СЕМИЛУКСКАЯ ОСНОВНАЯ ОБЩЕОБРАЗОВАТЕЛЬНАЯ ШКОЛА №2 СЕМИЛУКСКОГО МУНИЦИПАЛЬНОГО РАЙОНА ВОРОНЕЖСКОЙ ОБЛАСТИ,общеобразовательная организация,3628005863,"396900, ВОРОНЕЖСКАЯ ОБЛАСТЬ, Р-Н СЕМИЛУКСКИЙ, Г. СЕМИЛУКИ, ПЕР. БАШКИРЦЕВА, Д.8, -, -","51.6712954, 39.0470825",действующая,25-09-2025,14-06-2002,362801001,1023601319554,16-12-2002,20249501000,20649101001,42612929,4210007,14,85.13,2014,75404,Муниципальное казенное учреждение,МКУ,2014,ДИРЕКТОР,Любкевич Николай Ильич,0,головная организация
Семилукский,МКОУ СЕМИЛУКСКАЯ СЕЛЬСКАЯ СОШ,МУНИЦИПАЛЬНОЕ КАЗЕННОЕ ОБЩЕОБРАЗОВАТЕЛЬНОЕ УЧРЕЖДЕНИЕ СЕМИЛУКСКАЯ СЕЛЬСКАЯ СРЕДНЯЯ ОБЩЕОБРАЗОВАТЕЛЬНАЯ ШКОЛА СЕМИЛУКСКОГО МУНИЦИПАЛЬНОГО РАЙОНА ВОРОНЕЖСКОЙ ОБЛАСТИ,общеобразовательная организация,3628006017,"396907, ВОРОНЕЖСКАЯ ОБЛАСТЬ, Р-Н СЕМИЛУКСКИЙ, С СЕМИЛУКИ, УЛ 8 МАРТА, ЗД. 34, -","51.7296261, 39.0396334",действующая,08-02-2025,27-11-1995,362801001,1023601312195,07-08-2002,20249868001,20649468101,42612906,4210007,14,85.14,2014,75404,Муниципальное казенное учреждение,МКУ,2014,ДИРЕКТОР,Часовских Татьяна Владимировна,0,головная организация
Семилукский,МКОУ СЕМИЛУКСКАЯ СЕЛЬСКАЯ СОШ,МУНИЦИПАЛЬНОЕ КАЗЕННОЕ ОБЩЕОБРАЗОВАТЕЛЬНОЕ УЧРЕЖДЕНИЕ СЕМИЛУКСКАЯ СЕЛЬСКАЯ СРЕДНЯЯ ОБЩЕОБРАЗОВАТЕЛЬНАЯ ШКОЛА СЕМИЛУКСКОГО МУНИЦИПАЛЬНОГО РАЙОНА ВОРОНЕЖСКОЙ ОБЛАСТИ,дошкольное образование,3628006017,"396907, ВОРОНЕЖСКАЯ ОБЛАСТЬ, Р-Н СЕМИЛУКСКИЙ, С СЕМИЛУКИ, УЛ 8 МАРТА, ЗД. 34, -","51.7296261, 39.0396334",действующая,08-02-2025,27-11-1995,362801001,1023601312195,07-08-2002,20249868001,20649468101,42612906,4210007,14,85.14,2014,75404,Муниципальное казенное учреждение,МКУ,2014,ДИРЕКТОР,Часовских Татьяна Владимировна,0,головная организация
Семилукский,МКОУ СЕМИЛУКСКАЯ СОШ № 1,МУНИЦИПАЛЬНОЕ КАЗЕННОЕ ОБЩЕОБРАЗОВАТЕЛЬНОЕ УЧРЕЖДЕНИЕ СЕМИЛУКСКАЯ СРЕДНЯЯ ОБЩЕОБРАЗОВАТЕЛЬНАЯ ШКОЛА № 1 СЕМИЛУКСКОГО МУНИЦИПАЛЬНОГО РАЙОНА ВОРОНЕЖСКОЙ ОБЛАСТИ,общеобразовательная организация,3628006539,"396900, ВОРОНЕЖСКАЯ ОБЛАСТЬ, Р-Н СЕМИЛУКСКИЙ, Г СЕМИЛУКИ, УЛ ГАГАРИНА, ЗД. 27, -","51.694035, 39.023146",действующая,10-07-2025,27-06-2002,362801001,1023601319037,09-12-2002,20249501000,20649101001,42620254,4210007,14,85.14,2014,75404,Муниципальное казенное учреждение,МКУ,2014,ДИРЕКТОР,Тычинин Сергей Иванович,0,головная организация
Семилукский,МКОУ СОШ №2 ИМ. Н.Д.РЯЗАНЦЕВА Г.СЕМИЛУКИ,МУНИЦИПАЛЬНОЕ КАЗЕННОЕ ОБЩЕОБРАЗОВАТЕЛЬНОЕ УЧРЕЖДЕНИЕ СРЕДНЯЯ ОБЩЕОБРАЗОВАТЕЛЬНАЯ ШКОЛА №2 ИМЕНИ Н.Д.РЯЗАНЦЕВА Г.СЕМИЛУКИ ВОРОНЕЖСКОЙ ОБЛАСТИ,общеобразовательная организация,3628006514,"396900, ВОРОНЕЖСКАЯ ОБЛАСТЬ, Р-Н СЕМИЛУКСКИЙ, Г. СЕМИЛУКИ, УЛ. 25 ЛЕТ ОКТЯБРЯ, Д.106, -, -","51.695193, 39.032148",действующая,17-04-2025,14-08-1996,362801001,1023601314076,31-10-2002,20249501000,20649101001,42612912,4210007,14,85.14,2014,75404,Муниципальное казенное учреждение,МКУ,2014,ДИРЕКТОР,Полухина Вера Фёдоровна,0,головная организация
Семилукский,МКОУ СТАРОВЕДУГСКАЯ СОШ №1,МУНИЦИПАЛЬНОЕ КАЗЕННОЕ ОБЩЕОБРАЗОВАТЕЛЬНОЕ УЧРЕЖДЕНИЕ СТАРОВЕДУГСКАЯ СРЕДНЯЯ ОБЩЕОБРАЗОВАТЕЛЬНАЯ ШКОЛА №1 СЕМИЛУКСКОГО МУНИЦИПАЛЬНОГО РАЙОНА ВОРОНЕЖСКОЙ ОБЛАСТИ,общеобразовательная организация,3628005895,"396912, ВОРОНЕЖСКАЯ ОБЛАСТЬ, Р-Н СЕМИЛУКСКИЙ, С СТАРАЯ ВЕДУГА, УЛ ШКОЛЬНАЯ, Д. 12, -","51.8155158, 38.4934307",действующая,08-05-2025,11-06-2002,362801001,1023601318322,02-12-2002,20249876001,20649476101,42613124,4210007,14,85.13,2014,75404,Муниципальное казенное учреждение,МКУ,2014,ДИРЕКТОР,Арсентьева Светлана Михайловна,0,головная организация
Семилукский,МКОУ СТРЕЛИЦКАЯ СОШ,МУНИЦИПАЛЬНОЕ КАЗЕННОЕ ОБЩЕОБРАЗОВАТЕЛЬНОЕ УЧРЕЖДЕНИЕ СТРЕЛИЦКАЯ СРЕДНЯЯ ОБЩЕОБРАЗОВАТЕЛЬНАЯ ШКОЛА СЕМИЛУКСКОГО МУНИЦИПАЛЬНОГО РАЙОНА ВОРОНЕЖСКОЙ ОБЛАСТИ,общеобразовательная организация,3628005983,"396941, ВОРОНЕЖСКАЯ ОБЛАСТЬ, Р-Н СЕМИЛУКСКИЙ, РП СТРЕЛИЦА, УЛ КОМСОМОЛЬСКАЯ, Д. 2","51.6100149, 38.9077913",действующая,07-02-2025,11-06-2002,362801001,1023601317850,27-11-2002,20249565000,20649165051,41215853,4210007,14,85.14,2014,75404,Муниципальное казенное учреждение,МКУ,2014,ДИРЕКТОР,Беляков Денис Сергеевич,0,головная организация
Семилукский,МКУ ДО СЕМИЛУКСКАЯ СШ,МУНИЦИПАЛЬНОЕ КАЗЕННОЕ УЧРЕЖДЕНИЕ ДОПОЛНИТЕЛЬНОГО ОБРАЗОВАНИЯ СЕМИЛУКСКАЯ СПОРТИВНАЯ ШКОЛА,организация доп. образования,3628005849,"396900, ВОРОНЕЖСКАЯ ОБЛАСТЬ, Р-Н СЕМИЛУКСКИЙ, Г СЕМИЛУКИ, УЛ ТРАНСПОРТНАЯ, ЗД. 16","51.696816, 39.013255",действующая,27-03-2025,27-11-1995,362801001,1023601314131,31-10-2002,20249501000,20649101001,41215882,4210007,14,85.41,2014,75404,Муниципальное казенное учреждение,МКУ,2014,ДИРЕКТОР,Попова Светлана Ивановна,0,головная организация
Семилукский,МКУ ДО СЕМИЛУКСКАЯ СШЕ,"МУНИЦИПАЛЬНОЕ КАЗЕННОЕ УЧРЕЖДЕНИЕ ДОПОЛНИТЕЛЬНОГО ОБРАЗОВАНИЯ ""СЕМИЛУКСКАЯ СПОРТИВНАЯ ШКОЛА ЕДИНОБОРСТВ""",организация доп. образования,3628015981,"396900, ВОРОНЕЖСКАЯ ОБЛАСТЬ, Р-Н СЕМИЛУКСКИЙ, Г. СЕМИЛУКИ, ПЕР. КРУПСКОЙ, Д.3","51.6952731, 39.0241218",действующая,11-02-2025,16-12-2011,362801001,1113668052321,16-12-2011,20249501000,20649101001,37973128,4210007,14,85.41,2014,75404,Муниципальное казенное учреждение,МКУ,2014,ДИРЕКТОР,Горулько Евгений Павлович,0,головная организация
Семилукский,МКУ ДО СРДТ,МУНИЦИПАЛЬНОЕ КАЗЕННОЕ УЧРЕЖДЕНИЕ ДОПОЛНИТЕЛЬНОГО ОБРАЗОВАНИЯ СЕМИЛУКСКИЙ РАЙОННЫЙ ДВОРЕЦ ТВОРЧЕСТВА,организация доп. образования,3628006232,"396900, ВОРОНЕЖСКАЯ ОБЛАСТЬ, Р-Н СЕМИЛУКСКИЙ, Г. СЕМИЛУКИ, УЛ. ДЗЕРЖИНСКОГО, Д. 10","51.6950823, 39.0208952",действующая,08-02-2025,27-11-1995,362801001,1023601314043,31-10-2002,20249501000,20649101001,42612734,4210007,14,85.41,2014,75404,Муниципальное казенное учреждение,МКУ,2014,ДИРЕКТОР,Свиридова Наталия Ивановна,0,головная организация
Семилукский,МКУ ДО СЮТ,МУНИЦИПАЛЬНОЕ КАЗЕННОЕ УЧРЕЖДЕНИЕ ДОПОЛНИТЕЛЬНОГО ОБРАЗОВАНИЯ СТАНЦИЯ ЮНЫХ ТЕХНИКОВ Г. СЕМИЛУКИ ВОРОНЕЖСКОЙ ОБЛАСТИ,организация доп. образования,3628005976,"396900, ВОРОНЕЖСКАЯ ОБЛАСТЬ, Р-Н СЕМИЛУКСКИЙ, Г. СЕМИЛУКИ, УЛ. ЧАПАЕВА, Д. 27","51.696461, 39.021244",действующая,06-02-2025,27-11-1995,362801001,1023601314714,30-10-2002,20249501000,20649101001,42612705,4210007,14,85.41,2014,75404,Муниципальное казенное учреждение,МКУ,2014,ДИРЕКТОР,Аксёнов Олег Альбертович,0,головная организация
Семилукский,ОТДЕЛ ПО ОБРАЗОВАНИЮ И ОПЕКЕ АДМИНИСТРАЦИИ СЕМИЛУКСКОГО МУНИЦИПАЛЬНОГО РАЙОНА ВОРОНЕЖСКОЙ ОБЛАСТИ,ОТДЕЛ ПО ОБРАЗОВАНИЮ И ОПЕКЕ АДМИНИСТРАЦИИ СЕМИЛУКСКОГО МУНИЦИПАЛЬНОГО РАЙОНА ВОРОНЕЖСКОЙ ОБЛАСТИ,отдел,3628003827,"396901, ВОРОНЕЖСКАЯ ОБЛАСТЬ, Р-Н СЕМИЛУКСКИЙ, Г СЕМИЛУКИ, УЛ ЛЕНИНА, ЗД. 11, ОФИС 326","51.684531, 39.0334653",действующая,02-02-2025,24-03-1992,362801001,1023601314637,06-11-2002,20249501000,20649101001,02104873,3300100,14,84.11.3,2014,75404,Муниципальное казенное учреждение,МКУ,2014,РУКОВОДИТЕЛЬ ОТДЕЛА,Гуренко Ирина Владимировна,0,головная организация
Таловский,"МКДОУ ДЕТСКИЙ САД ""РОМАШКА"" П.АБРАМОВКА","МУНИЦИПАЛЬНОЕ КАЗЕННОЕ ДОШКОЛЬНОЕ ОБРАЗОВАТЕЛЬНОЕ УЧРЕЖДЕНИЕ ДЕТСКИЙ САД ""РОМАШКА"" П.АБРАМОВКА",дошкольное образование,3629005753,"397490, ВОРОНЕЖСКАЯ ОБЛАСТЬ, Р-Н ТАЛОВСКИЙ, П АБРАМОВКА, УЛ ЛЕНИНА, ЗД. 72А","51.190372, 41.018234",действующая,28-08-2025,01-07-2003,362901001,1033691000771,01-07-2003,20251804001,20651404101,14962926,4210007,14,85.11,2014,75404,Муниципальное казенное учреждение,МКУ,2014,ЗАВЕДУЮЩИЙ,Сергиенко Михаил Юрьевич,0,головная организация
Таловский,"МКДОУ ДЕТСКИЙ САД ""СТРАНА ДЕТСТВА"" КОМБИНИРОВАННОГО ВИДА - ""ЦППМСП"" Р.П. ТАЛОВАЯ","МУНИЦИПАЛЬНОЕ КАЗЕННОЕ ДОШКОЛЬНОЕ ОБРАЗОВАТЕЛЬНОЕ УЧРЕЖДЕНИЕ ДЕТСКИЙ САД ""СТРАНА ДЕТСТВА"" КОМБИНИРОВАННОГО ВИДА - ""ЦЕНТР ПСИХОЛОГО-ПЕДАГОГИЧЕСКОЙ, МЕДИЦИНСКОЙ И СОЦИАЛЬНОЙ ПОМОЩИ"" Р.П. ТАЛОВАЯ",дошкольное образование,3629004870,"397480, ВОРОНЕЖСКАЯ ОБЛАСТЬ, Р-Н ТАЛОВСКИЙ, РП. ТАЛОВАЯ, ПР-Д СВОБОДЫ, Д.16","51.116377, 40.732769",действующая,22-01-2026,29-05-2000,362901001,1023601355535,16-10-2002,20251551000,20651151051,53148412,4210007,14,85.11,2014,75404,Муниципальное казенное учреждение,МКУ,2014,ЗАВЕДУЮЩИЙ,Анучина Елена Валентиновна,0,головная организация
Таловский,МКОУ 1-АБРАМОВСКАЯ СОШ,МУНИЦИПАЛЬНОЕ КАЗЕННОЕ ОБЩЕОБРАЗОВАТЕЛЬНОЕ УЧРЕЖДЕНИЕ 1-АБРАМОВСКАЯ СРЕДНЯЯ ОБЩЕОБРАЗОВАТЕЛЬНАЯ ШКОЛА,общеобразовательная организация,3629004630,"397490, ВОРОНЕЖСКАЯ ОБЛАСТЬ, Р-Н ТАЛОВСКИЙ, П АБРАМОВКА, УЛ ЛЕНИНА, ЗД. 97А","51.194793, 41.021037",действующая,30-09-2025,23-05-2002,362901001,1023601355414,11-10-2002,20251804001,20651404101,53156788,4210007,14,85.14,2014,75404,Муниципальное казенное учреждение,МКУ,2014,ДИРЕКТОР,Костина Татьяна Васильевна,0,головная организация
Таловский,МКОУ АЛЕКСАНДРОВСКАЯ СОШ,МУНИЦИПАЛЬНОЕ КАЗЕННОЕ ОБЩЕОБРАЗОВАТЕЛЬНОЕ УЧРЕЖДЕНИЕ АЛЕКСАНДРОВСКАЯ СРЕДНЯЯ ОБЩЕОБРАЗОВАТЕЛЬНАЯ ШКОЛА,общеобразовательная организация,3629004478,"397467, ВОРОНЕЖСКАЯ ОБЛАСТЬ, Р-Н ТАЛОВСКИЙ, С АЛЕКСАНДРОВКА, УЛ ПЯТНИЦКОГО, Д. 41","51.2201604, 40.6771412",действующая,12-02-2025,23-05-2002,362901001,1023601355470,15-10-2002,20251812001,20651412101,53156831,4210007,14,85.14,2014,75404,Муниципальное казенное учреждение,МКУ,2014,ДИРЕКТОР,Мироненко Олег Иванович,0,головная организация
Таловский,МКОУ ВЕРХНЕТИШАНСКАЯ СОШ ИМ. В. А. ФУФАЕВА,МУНИЦИПАЛЬНОЕ КАЗЕННОЕ ОБЩЕОБРАЗОВАТЕЛЬНОЕ УЧРЕЖДЕНИЕ ВЕРХНЕТИШАНСКАЯ СРЕДНЯЯ ОБЩЕОБРАЗОВАТЕЛЬНАЯ ШКОЛА ИМ. В. А. ФУФАЕВА,общеобразовательная организация,3629004485,"397476, ВОРОНЕЖСКАЯ ОБЛАСТЬ, Р-Н ТАЛОВСКИЙ, С. ВЕРХНЯЯ ТИШАНКА, УЛ. ЦЕНТРАЛЬНАЯ, Д.3В","51.316394, 40.530715",действующая,07-02-2025,23-05-2002,362901001,1023601355590,17-10-2002,20251872001,20651472101,53156854,4210007,14,85.14,2014,75404,Муниципальное казенное учреждение,МКУ,2014,ДИРЕКТОР,Муковнин Николай Александрович,0,головная организация
Таловский,МКОУ ВЫСОКОВСКАЯ СОШ,МУНИЦИПАЛЬНОЕ КАЗЕННОЕ ОБЩЕОБРАЗОВАТЕЛЬНОЕ УЧРЕЖДЕНИЕ ВЫСОКОВСКАЯ СРЕДНЯЯ ОБЩЕОБРАЗОВАТЕЛЬНАЯ ШКОЛА,общеобразовательная организация,3629004622,"397460, ВОРОНЕЖСКАЯ ОБЛАСТЬ, Р-Н ТАЛОВСКИЙ, П. ВЫСОКИЙ, УЛ. ГАГАРИНА, Д.23А","51.0702925, 40.7122067",действующая,14-10-2025,23-05-2002,362901001,1023601355722,21-10-2002,20251846002,20651446106,53156860,4210007,14,85.14,2014,75404,Муниципальное казенное учреждение,МКУ,2014,ДИРЕКТОР,Гриднева Зоя Анатольевна,0,головная организация
Таловский,МКОУ ВЯЗОВСКАЯ ООШ,МУНИЦИПАЛЬНОЕ КАЗЕННОЕ ОБЩЕОБРАЗОВАТЕЛЬНОЕ УЧРЕЖДЕНИЕ ВЯЗОВСКАЯ ОСНОВНАЯ ОБЩЕОБРАЗОВАТЕЛЬНАЯ ШКОЛА,общеобразовательная организация,3629004510,"397492, ВОРОНЕЖСКАЯ ОБЛАСТЬ, Р-Н ТАЛОВСКИЙ, С. ВЯЗОВКА, УЛ. ЦЕНТРАЛЬНАЯ, Д.123","51.3211648, 41.0290459",действующая,17-02-2025,23-05-2002,362901001,1023601355612,18-10-2002,20251836001,20651468116,53157049,4210007,14,85.13,2014,75404,Муниципальное казенное учреждение,МКУ,2014,ДИРЕКТОР,Токарева Елена Анатольевна,0,головная организация
Таловский,МКОУ ДИМИТРОВСКАЯ ООШ,МУНИЦИПАЛЬНОЕ КАЗЕННОЕ ОБЩЕОБРАЗОВАТЕЛЬНОЕ УЧРЕЖДЕНИЕ ДИМИТРОВСКАЯ ОСНОВНАЯ ОБЩЕОБРАЗОВАТЕЛЬНАЯ ШКОЛА,общеобразовательная организация,3629004608,"397456, ВОРОНЕЖСКАЯ ОБЛАСТЬ, Р-Н ТАЛОВСКИЙ, П УТИНОВКА, УЛ ШКОЛЬНАЯ, Д. 1А","51.060682, 40.878295",действующая,18-02-2025,23-05-2002,362901001,1023601355744,21-10-2002,20251852010,20651452136,53157055,4210007,14,85.13,2014,75404,Муниципальное казенное учреждение,МКУ,2014,ДИРЕКТОР,Головкова Мария Николаевна,0,головная организация
Таловский,МКОУ ДО ТАЛОВСКАЯ СШ,МУНИЦИПАЛЬНОЕ КАЗЕННОЕ ОБРАЗОВАТЕЛЬНОЕ УЧРЕЖДЕНИЕ ДОПОЛНИТЕЛЬНОГО ОБРАЗОВАНИЯ ТАЛОВСКАЯ СПОРТИВНАЯ ШКОЛА,организация доп. образования,3629004830,"397482, ВОРОНЕЖСКАЯ ОБЛАСТЬ, Р-Н ТАЛОВСКИЙ, РП ТАЛОВАЯ, ПР-Д БУДЕННОГО, Д. 29А","51.1091337, 40.7279482",действующая,03-02-2025,23-05-2002,362901001,1023601355766,21-10-2002,20251551000,20651151051,53157167,4210007,14,85.41,2014,75404,Муниципальное казенное учреждение,МКУ,2014,ДИРЕКТОР,Чибисов Сергей Анатольевич,0,головная организация
Таловский,МКОУ ДО ТАЛОВСКИЙ ДЮЦ,МУНИЦИПАЛЬНОЕ КАЗЕННОЕ ОБРАЗОВАТЕЛЬНОЕ УЧРЕЖДЕНИЕ ДОПОЛНИТЕЛЬНОГО ОБРАЗОВАНИЯ ТАЛОВСКИЙ ДЕТСКО-ЮНОШЕСКИЙ ЦЕНТР ИМЕНИ ТИТОВА Ю. Т.,организация доп. образования,3629004799,"397480, ВОРОНЕЖСКАЯ ОБЛАСТЬ, Р-Н ТАЛОВСКИЙ, РП. ТАЛОВАЯ, УЛ. СОВЕТСКАЯ, Д. 134","51.11684, 40.72524",действующая,26-02-2026,17-06-2002,362901001,1023601355502,15-10-2002,20251551000,20651151051,53157173,4210007,14,85.41,2014,75404,Муниципальное казенное учреждение,МКУ,2014,ДИРЕКТОР,Галанская Ульяна Олеговна,0,головная организация
Таловский,МКОУ ДОКУЧАЕВСКАЯ СОШ,МУНИЦИПАЛЬНОЕ КАЗЕННОЕ ОБЩЕОБРАЗОВАТЕЛЬНОЕ УЧРЕЖДЕНИЕ ДОКУЧАЕВСКАЯ СРЕДНЯЯ ОБЩЕОБРАЗОВАТЕЛЬНАЯ ШКОЛА,общеобразовательная организация,3629004527,"397461, ВОРОНЕЖСКАЯ ОБЛАСТЬ, Р-Н ТАЛОВСКИЙ, П. ВОЗНЕСЕНСКИЙ, УЛ. ДУЖНОВА, Д. 37","51.0653473, 40.6697918",действующая,02-02-2025,23-05-2002,362901001,1023601355755,21-10-2002,20251832001,20651432101,53156877,4210007,14,85.14,2014,75404,Муниципальное казенное учреждение,МКУ,2014,ДИРЕКТОР,Зобов Владимир Ильич,0,головная организация
Таловский,МКОУ ЕЛАНСКАЯ СОШ,МУНИЦИПАЛЬНОЕ КАЗЕННОЕ ОБЩЕОБРАЗОВАТЕЛЬНОЕ УЧРЕЖДЕНИЕ ЕЛАНСКАЯ СРЕДНЯЯ ОБЩЕОБРАЗОВАТЕЛЬНАЯ ШКОЛА,общеобразовательная организация,3629004661,"397495, ВОРОНЕЖСКАЯ ОБЛАСТЬ, Р-Н ТАЛОВСКИЙ, П. ЕЛАНКА, УЛ. МИРА, Д. 19","51.1878758, 41.1286569",действующая,08-02-2025,23-05-2002,362901001,1023601355403,11-10-2002,20251804009,20651404131,53156883,4210007,14,85.14,2014,75404,Муниципальное казенное учреждение,МКУ,2014,ДИРЕКТОР,Алтухова Вера Дмитриевна,0,головная организация
Таловский,МКОУ КАЗАНСКАЯ СОШ,МУНИЦИПАЛЬНОЕ КАЗЕННОЕ ОБЩЕОБРАЗОВАТЕЛЬНОЕ УЧРЕЖДЕНИЕ КАЗАНСКАЯ СРЕДНЯЯ ОБЩЕОБРАЗОВАТЕЛЬНАЯ ШКОЛА,общеобразовательная организация,3629004735,"397468, ВОРОНЕЖСКАЯ ОБЛАСТЬ, Р-Н ТАЛОВСКИЙ, П. КАЗАНКА, УЛ. ЦЕНТРАЛЬНАЯ, Д.38","51.2486882, 40.7953366",действующая,28-10-2025,23-05-2002,362901001,1023601356140,01-11-2002,20251844001,20651412181,53156897,4210007,14,85.14,2014,75404,Муниципальное казенное учреждение,МКУ,2014,ДИРЕКТОР,Юдина Ольга Александровна,0,головная организация
Таловский,МКОУ КАМЕННОСТЕПНАЯ СОШ ИМ. А.М. ИВАНОВА,МУНИЦИПАЛЬНОЕ КАЗЕННОЕ ОБЩЕОБРАЗОВАТЕЛЬНОЕ УЧРЕЖДЕНИЕ КАМЕННОСТЕПНАЯ СРЕДНЯЯ ОБЩЕОБРАЗОВАТЕЛЬНАЯ ШКОЛА ИМЕНИ А.М. ИВАНОВА,общеобразовательная организация,3629004710,"397463, ВОРОНЕЖСКАЯ ОБЛАСТЬ, Р-Н ТАЛОВСКИЙ, П 2-ГО УЧАСТКА ИНСТИТУТА ИМ. ДОКУЧАЕВА, КВ-Л 1-Й, Д. 41А","51.036222, 40.73534",действующая,28-07-2025,23-05-2002,362901001,1023601355293,07-10-2002,20251846001,20651446101,53156771,4210007,14,85.14,2014,75404,Муниципальное казенное учреждение,МКУ,2014,ДИРЕКТОР,Поротикова Елена Николаевна,0,головная организация
Таловский,МКОУ КОЗЛОВСКАЯ СОШ,МУНИЦИПАЛЬНОЕ КАЗЕННОЕ ОБЩЕОБРАЗОВАТЕЛЬНОЕ УЧРЕЖДЕНИЕ КОЗЛОВСКАЯ СРЕДНЯЯ ОБЩЕОБРАЗОВАТЕЛЬНАЯ ШКОЛА,общеобразовательная организация,3629004559,"397494, ВОРОНЕЖСКАЯ ОБЛАСТЬ, Р-Н ТАЛОВСКИЙ, П. КОЗЛОВСКИЙ, УЛ. НАБЕРЕЖНАЯ, Д.9","51.1333575, 40.9648503",действующая,08-02-2025,23-05-2002,362901001,1023601355678,18-10-2002,20251840001,20651440101,53156908,4210007,14,85.14,2014,75404,Муниципальное казенное учреждение,МКУ,2014,ДИРЕКТОР,Меркулова Ольга Николаевна,0,головная организация
Таловский,МКОУ НИКОЛЬСКАЯ ООШ,МУНИЦИПАЛЬНОЕ КАЗЕННОЕ ОБЩЕОБРАЗОВАТЕЛЬНОЕ УЧРЕЖДЕНИЕ НИКОЛЬСКАЯ ОСНОВНАЯ ОБЩЕОБРАЗОВАТЕЛЬНАЯ ШКОЛА,общеобразовательная организация,3629004679,"397472, ВОРОНЕЖСКАЯ ОБЛАСТЬ, Р-Н ТАЛОВСКИЙ, С НИКОЛЬСКОЕ, УЛ ЛЕНИНСКАЯ, Д. 103А","51.1112936, 40.4439546",действующая,22-08-2025,23-05-2002,362901001,1023601355282,07-10-2002,20251856001,20651460116,53156914,4210007,14,85.13,2014,75404,Муниципальное казенное учреждение,МКУ,2014,ДИРЕКТОР,Сторожева Ольга Алексеевна,0,головная организация
Таловский,МКОУ НОВОТРОИЦКАЯ СОШ,МУНИЦИПАЛЬНОЕ КАЗЕННОЕ ОБЩЕОБРАЗОВАТЕЛЬНОЕ УЧРЕЖДЕНИЕ НОВОТРОИЦКАЯ СРЕДНЯЯ ОБЩЕОБРАЗОВАТЕЛЬНАЯ ШКОЛА,общеобразовательная организация,3629004703,"397466, ВОРОНЕЖСКАЯ ОБЛАСТЬ, Р-Н ТАЛОВСКИЙ, П НОВОТРОИЦКИЙ, УЛ ШКОЛЬНАЯ, ЗД. 1А","51.1729496, 40.7108302",действующая,05-09-2025,23-05-2002,362901001,1023601355480,15-10-2002,20251812004,20651412116,53156937,4210007,14,85.14,2014,75404,Муниципальное казенное учреждение,МКУ,2014,ДИРЕКТОР,Максатова Ирина Александровна,0,головная организация
Таловский,МКОУ ОКТЯБРЬСКАЯ ООШ,МУНИЦИПАЛЬНОЕ КАЗЕННОЕ ОБЩЕОБРАЗОВАТЕЛЬНОЕ УЧРЕЖДЕНИЕ ОКТЯБРЬСКАЯ ОСНОВНАЯ ОБЩЕОБРАЗОВАТЕЛЬНАЯ ШКОЛА,общеобразовательная организация,3629004566,"397471, ВОРОНЕЖСКАЯ ОБЛАСТЬ, Р-Н ТАЛОВСКИЙ, П. ВОЗНЕСЕНОВКА, УЛ. ЦЕНТРАЛЬНАЯ, Д.44","51.1255934, 40.5654",действующая,10-12-2025,23-05-2002,362901001,1023601355634,18-10-2002,20251828001,20651460121,53156943,4210007,14,85.13,2014,75404,Муниципальное казенное учреждение,МКУ,2014,ДИРЕКТОР,Пентюхина Светлана Евгеньевна,0,головная организация
Таловский,МКОУ ОРЛОВСКАЯ СОШ ИМ.И.Ф.ЖУЖУКИНА,МУНИЦИПАЛЬНОЕ КАЗЕННОЕ ОБЩЕОБРАЗОВАТЕЛЬНОЕ УЧРЕЖДЕНИЕ ОРЛОВСКАЯ СРЕДНЯЯ ОБЩЕОБРАЗОВАТЕЛЬНАЯ ШКОЛА ИМ. И.Ф.ЖУЖУКИНА,общеобразовательная организация,3629007158,"397478, ВОРОНЕЖСКАЯ ОБЛАСТЬ, Р-Н ТАЛОВСКИЙ, С. ОРЛОВКА, УЛ. ЦЕНТРАЛЬНАЯ, Д.198","51.0408832, 40.5423256",действующая,07-02-2025,24-11-2009,362901001,1093629001366,24-11-2009,20251864001,20651464101,63854513,4210007,14,85.14,2014,75404,Муниципальное казенное учреждение,МКУ,2014,ДИРЕКТОР,Коновалова Татьяна Николаевна,0,головная организация
Таловский,МКОУ СИНЯВСКАЯ ООШ,МУНИЦИПАЛЬНОЕ КАЗЕННОЕ ОБЩЕОБРАЗОВАТЕЛЬНОЕ УЧРЕЖДЕНИЕ СИНЯВСКАЯ ОСНОВНАЯ ОБЩЕОБРАЗОВАТЕЛЬНАЯ ШКОЛА,общеобразовательная организация,3629004580,"397493, ВОРОНЕЖСКАЯ ОБЛАСТЬ, Р-Н ТАЛОВСКИЙ, С. СИНЯВКА, УЛ. СОВЕТСКАЯ, Д.10","51.2512876, 40.9774766",действующая,14-02-2025,23-05-2002,362901001,1023601356261,05-11-2002,20251868001,20651468101,53156966,4210007,14,85.13,2014,75404,Муниципальное казенное учреждение,МКУ,2014,ДИРЕКТОР,Барсукова Ирина Анатольевна,0,головная организация
Таловский,МКОУ ТАЛОВСКАЯ СОШ,МУНИЦИПАЛЬНОЕ КАЗЕННОЕ ОБЩЕОБРАЗОВАТЕЛЬНОЕ УЧРЕЖДЕНИЕ ТАЛОВСКАЯ СРЕДНЯЯ ОБЩЕОБРАЗОВАТЕЛЬНАЯ ШКОЛА,общеобразовательная организация,3629004693,"397480, ВОРОНЕЖСКАЯ ОБЛАСТЬ, Р-Н ТАЛОВСКИЙ, РП. ТАЛОВАЯ, УЛ. САДОВАЯ, Д. 39","51.1157381, 40.7253437",действующая,12-03-2025,23-05-2002,362901001,1023601355690,18-10-2002,20251551000,20651151051,53156995,4210007,14,85.14,2014,75404,Муниципальное казенное учреждение,МКУ,2014,ДИРЕКТОР,Лубянская Мария Ильинична,0,головная организация
Таловский,МКОУ ЧИГОЛЬСКАЯ СОШ ИМ. П.А. ЧЕРЕНКОВА,МУНИЦИПАЛЬНОЕ КАЗЕННОЕ ОБЩЕОБРАЗОВАТЕЛЬНОЕ УЧРЕЖДЕНИЕ ЧИГОЛЬСКАЯ СРЕДНЯЯ ОБЩЕОБРАЗОВАТЕЛЬНАЯ ШКОЛА ИМЕНИ П.А.ЧЕРЕНКОВА,общеобразовательная организация,3629004414,"397473, ВОРОНЕЖСКАЯ ОБЛАСТЬ, Р-Н ТАЛОВСКИЙ, С НОВАЯ ЧИГЛА, УЛ САДОВАЯ, Д. 20","51.2200114, 40.4868185",действующая,22-08-2025,23-05-2002,362901001,1023601355700,18-10-2002,20251860001,20651460101,53157010,4210007,14,85.14,2014,75404,Муниципальное казенное учреждение,МКУ,2014,ДИРЕКТОР,Кузнецов Сергей Иванович,0,головная организация
Таловский,"МКУ ""ЦРО""","МУНИЦИПАЛЬНОЕ КАЗЕННОЕ УЧРЕЖДЕНИЕ ""ЦЕНТР РАЗВИТИЯ ОБРАЗОВАНИЯ ТАЛОВСКОГО МУНИЦИПАЛЬНОГО РАЙОНА""",департамент,3629001734,"397480, ВОРОНЕЖСКАЯ ОБЛАСТЬ, Р-Н ТАЛОВСКИЙ, РП. ТАЛОВАЯ, УЛ. СОВЕТСКАЯ, Д. 132","51.116969, 40.723951",действующая,10-09-2025,22-08-2000,362901001,1023601355337,09-10-2002,20251551000,20651151051,02104881,4210007,14,70.22,2014,75404,Муниципальное казенное учреждение,МКУ,2014,РУКОВОДИТЕЛЬ,Деева Светлана Ивановна,0,головная организация
Терновский,"МКДОУ ""ЦППМСП ТЕРНОВСКОГО МУНИЦИПАЛЬНОГО РАЙОНА - ДЕТСКИЙ САД №1""","МУНИЦИПАЛЬНОЕ КАЗЕННОЕ ДОШКОЛЬНОЕ ОБРАЗОВАТЕЛЬНОЕ УЧРЕЖДЕНИЕ ""ЦЕНТР ПСИХОЛОГО-ПЕДАГОГИЧЕСКОЙ, МЕДИЦИНСКОЙ И СОЦИАЛЬНОЙ ПОМОЩИ ТЕРНОВСКОГО МУНИЦИПАЛЬНОГО РАЙОНА - ДЕТСКИЙ САД №1""",дошкольное образование,3630002450,"397110, ВОРОНЕЖСКАЯ ОБЛАСТЬ, Р-Н ТЕРНОВСКИЙ, С ТЕРНОВКА, УЛ СОВЕТСКАЯ, Д. 41А","51.68478, 41.594061",действующая,20-01-2026,09-11-2000,363001001,1023600614146,29-11-2002,20254860001,20654460101,54697954,4210007,14,85.11,2014,75404,Муниципальное казенное учреждение,МКУ,2014,ЗАВЕДУЮЩИЙ,Насонова Ольга Викторовна,0,головная организация
Терновский,МКОУ АЛЕШКОВСКАЯ ООШ,МУНИЦИПАЛЬНОЕ КАЗЕННОЕ ОБЩЕОБРАЗОВАТЕЛЬНОЕ УЧРЕЖДЕНИЕ АЛЕШКОВСКАЯ ОСНОВНАЯ ОБЩЕОБРАЗОВАТЕЛЬНАЯ ШКОЛА,общеобразовательная организация,3630002115,"397131, ВОРОНЕЖСКАЯ ОБЛАСТЬ, Р-Н ТЕРНОВСКИЙ, С. АЛЕШКИ, УЛ. ПОДГОРНАЯ, Д.1, -, -","51.6261284, 41.7696408",действующая,10-02-2025,20-07-1999,363001001,1023600610615,30-10-2002,20254808001,20654408101,51706204,4210007,14,85.14,2014,75404,Муниципальное казенное учреждение,МКУ,2014,ИСПОЛНЯЮЩИЙ ОБЯЗАННОСТИ ДИРЕКТОРА,Юдина Надежда Владимировна,0,головная организация
Терновский,МКОУ БРАТКОВСКАЯ ООШ,МУНИЦИПАЛЬНОЕ КАЗЕННОЕ ОБЩЕОБРАЗОВАТЕЛЬНОЕ УЧРЕЖДЕНИЕ БРАТКОВСКАЯ ОСНОВНАЯ ОБЩЕОБРАЗОВАТЕЛЬНАЯ ШКОЛА,общеобразовательная организация,3630002274,"397123, ВОРОНЕЖСКАЯ ОБЛАСТЬ, Р-Н ТЕРНОВСКИЙ, С. БРАТКИ, УЛ. ЛЕНИНСКАЯ, Д.4, -, -","51.588999, 41.489623",действующая,22-07-2025,20-07-1999,363001001,1023600608350,14-10-2002,20254812001,20654412101,51706351,4210007,14,85.14,2014,75404,Муниципальное казенное учреждение,МКУ,2014,ДИРЕКТОР,Сорокин Александр Андреевич,0,головная организация
Терновский,МКОУ ДУБРОВСКАЯ ООШ,МУНИЦИПАЛЬНОЕ КАЗЕННОЕ ОБЩЕОБРАЗОВАТЕЛЬНОЕ УЧРЕЖДЕНИЕ ДУБРОВСКАЯ ОСНОВНАЯ ОБЩЕОБРАЗОВАТЕЛЬНАЯ ШКОЛА,общеобразовательная организация,3630002242,"397117, ВОРОНЕЖСКАЯ ОБЛАСТЬ, Р-Н ТЕРНОВСКИЙ, П. ДУБРОВКА, УЛ. ЛЕСНАЯ, Д.7, -, -","51.6178573, 41.1478208",действующая,22-07-2025,20-07-1999,363001001,1023600610747,31-10-2002,20254820001,20654420101,51706279,4210007,14,85.13,2014,75404,Муниципальное казенное учреждение,МКУ,2014,ДИРЕКТОР,Маркаданова Наталья Николаевна,0,головная организация
Терновский,МКОУ ЕСИПОВСКАЯ СОШ,МУНИЦИПАЛЬНОЕ КАЗЕННОЕ ОБЩЕОБРАЗОВАТЕЛЬНОЕ УЧРЕЖДЕНИЕ ЕСИПОВСКАЯ СРЕДНЯЯ ОБЩЕОБРАЗОВАТЕЛЬНАЯ ШКОЛА,общеобразовательная организация,3630002250,"397100, ВОРОНЕЖСКАЯ ОБЛАСТЬ, Р-Н ТЕРНОВСКИЙ, П. ЕСИПОВО, УЛ. МОЛОДЕЖНАЯ, Д.11, -, -","51.7541588, 41.5185119",действующая,05-02-2025,20-07-1999,363001001,1023600614971,06-12-2002,20254816001,20654416101,51706339,4210007,14,85.14,2014,75404,Муниципальное казенное учреждение,МКУ,2014,ДИРЕКТОР,Рожнов Александр Иванович,0,головная организация
Терновский,МКОУ КОЗЛОВСКАЯ СОШ,МУНИЦИПАЛЬНОЕ КАЗЕННОЕ ОБЩЕОБРАЗОВАТЕЛЬНОЕ УЧРЕЖДЕНИЕ КОЗЛОВСКАЯ СРЕДНЯЯ ОБЩЕОБРАЗОВАТЕЛЬНАЯ ШКОЛА,общеобразовательная организация,3630002161,"397114, ВОРОНЕЖСКАЯ ОБЛАСТЬ, Р-Н ТЕРНОВСКИЙ, С КОЗЛОВКА, УЛ СОВЕТСКАЯ, ЗД. 91, -","51.660319, 41.283614",действующая,14-11-2025,20-07-1999,363001001,1023600610692,31-10-2002,20254824001,20654424101,51706262,4210007,14,85.13,2014,75404,Муниципальное казенное учреждение,МКУ,2014,ДИРЕКТОР,Щербатых Александр Иванович,0,головная организация
Терновский,МКОУ КОСТИНО-ОТДЕЛЬСКАЯ ООШ,МУНИЦИПАЛЬНОЕ КАЗЕННОЕ ОБЩЕОБРАЗОВАТЕЛЬНОЕ УЧРЕЖДЕНИЕ КОСТИНО-ОТДЕЛЬСКАЯ ОСНОВНАЯ ОБЩЕОБРАЗОВАТЕЛЬНАЯ ШКОЛА,общеобразовательная организация,3630002235,"397121, ВОРОНЕЖСКАЯ ОБЛАСТЬ, Р-Н ТЕРНОВСКИЙ, С. КОСТИНО-ОТДЕЛЕЦ, УЛ. ЛЕНИНСКАЯ, Д.39, -, -","51.533749, 41.451529",действующая,22-07-2025,20-07-1999,363001001,1023600612628,13-11-2002,20254828001,20654428101,51706291,4210007,14,85.14,2014,75404,Муниципальное казенное учреждение,МКУ,2014,ВРЕМЕННО ИСПОЛНЯЮЩИЙ ОБЯЗАННОСТИ ДИРЕКТОРА,Журавлёва Оксана Николаевна,0,головная организация
Терновский,МКОУ ЛИПЯГОВСКАЯ ООШ,МУНИЦИПАЛЬНОЕ КАЗЕННОЕ ОБЩЕОБРАЗОВАТЕЛЬНОЕ УЧРЕЖДЕНИЕ ЛИПЯГОВСКАЯ ОСНОВНАЯ ОБЩЕОБРАЗОВАТЕЛЬНАЯ ШКОЛА,общеобразовательная организация,3630003687,"397135, ВОРОНЕЖСКАЯ ОБЛАСТЬ, Р-Н ТЕРНОВСКИЙ, С. ЛИПЯГИ, УЛ. НАБЕРЕЖНАЯ, Д.43, -, -","51.5745778, 41.8160033",действующая,07-02-2025,18-01-2012,363001001,1123604000090,18-01-2012,20254832004,20654432111,51711754,4210007,14,85.13,2014,75404,Муниципальное казенное учреждение,МКУ,2014,ДИРЕКТОР,Соболева Лариса Евгеньевна,0,головная организация
Терновский,МКОУ НАРОДНИНСКАЯ СОШ,МУНИЦИПАЛЬНОЕ КАЗЕННОЕ ОБЩЕОБРАЗОВАТЕЛЬНОЕ УЧРЕЖДЕНИЕ НАРОДНИНСКАЯ СРЕДНЯЯ ОБЩЕОБРАЗОВАТЕЛЬНАЯ ШКОЛА,общеобразовательная организация,3630002281,"397130, ВОРОНЕЖСКАЯ ОБЛАСТЬ, Р-Н ТЕРНОВСКИЙ, С НАРОДНОЕ, УЛ ПУШКИНСКАЯ, ЗД. 1, -","51.5791896, 41.8016666",действующая,19-12-2025,20-07-1999,363001001,1023600608415,15-10-2002,20254832001,20654432101,51706368,4210007,14,85.14,2014,75404,Муниципальное казенное учреждение,МКУ,2014,Директор,Сигитова Людмила Александровна,0,головная организация
Терновский,МКОУ РУСАНОВСКАЯ ООШ,МУНИЦИПАЛЬНОЕ КАЗЕННОЕ ОБЩЕОБРАЗОВАТЕЛЬНОЕ УЧРЕЖДЕНИЕ РУСАНОВСКАЯ ОСНОВНАЯ ОБЩЕОБРАЗОВАТЕЛЬНАЯ ШКОЛА,общеобразовательная организация,3630002193,"397102, ВОРОНЕЖСКАЯ ОБЛАСТЬ, Р-Н ТЕРНОВСКИЙ, С. РУСАНОВО, УЛ. СВОБОДЫ, Д.3, -, -","51.7137833, 41.4717974",действующая,22-07-2025,20-07-1999,363001001,1023600614388,03-12-2002,20254852001,20654452101,51706316,4210007,14,85.13,2014,75404,Муниципальное казенное учреждение,МКУ,2014,ДИРЕКТОР,Новокрещенов Михаил Иванович,0,головная организация
Терновский,МКОУ ТЕРНОВСКАЯ СОШ №1,МУНИЦИПАЛЬНОЕ КАЗЕННОЕ ОБЩЕОБРАЗОВАТЕЛЬНОЕ УЧРЕЖДЕНИЕ ТЕРНОВСКАЯ СРЕДНЯЯ ОБЩЕОБРАЗОВАТЕЛЬНАЯ ШКОЛА №1,общеобразовательная организация,3630002186,"397110, ВОРОНЕЖСКАЯ ОБЛАСТЬ, Р-Н ТЕРНОВСКИЙ, С ТЕРНОВКА, УЛ СОВЕТСКАЯ, Д. 35, -","51.686063, 41.591379",действующая,22-01-2026,20-07-1999,363001001,1023600613200,18-11-2002,20254860001,20654460101,47787272,4210007,14,85.14,2014,75404,Муниципальное казенное учреждение,МКУ,2014,ИСПОЛНЯЮЩАЯ ОБЯЗАННОСТИ ДИРЕКТОРА ШКОЛЫ,Косачева Наталья Владимировна,0,головная организация
Терновский,"МКУ ДО ""ТДДТ""","МУНИЦИПАЛЬНОЕ КАЗЕННОЕ УЧРЕЖДЕНИЕ ДОПОЛНИТЕЛЬНОГО ОБРАЗОВАНИЯ ""ТЕРНОВСКИЙ ДОМ ДЕТСКОГО ТВОРЧЕСТВА""",организация доп. образования,3630002563,"397110, ВОРОНЕЖСКАЯ ОБЛАСТЬ, Р-Н ТЕРНОВСКИЙ, С ТЕРНОВКА, УЛ СОВЕТСКАЯ, Д. 52","51.685733, 41.590133",действующая,08-05-2025,23-07-2001,363001001,1023600616082,17-12-2002,20254860001,20654460101,77883346,4210007,14,85.41,2014,75404,Муниципальное казенное учреждение,МКУ,2014,Директор,Игнатова Татьяна Александровна,0,головная организация
Терновский,"МКУ ДО ""ТЕРНОВСКАЯ ДЮСШ""","МУНИЦИПАЛЬНОЕ КАЗЕННОЕ УЧРЕЖДЕНИЕ ДОПОЛНИТЕЛЬНОГО ОБРАЗОВАНИЯ ""ТЕРНОВСКАЯ ДЕТСКО-ЮНОШЕСКАЯ СПОРТИВНАЯ ШКОЛА""",организация доп. образования,3630003101,"397110, ВОРОНЕЖСКАЯ ОБЛАСТЬ, Р-Н ТЕРНОВСКИЙ, С ТЕРНОВКА, УЛ СОВЕТСКАЯ, Д. 51, -","51.683766, 41.597526",действующая,04-02-2025,25-11-2005,363001001,1053657533490,25-11-2005,20254860001,20654460101,79266451,4210007,14,93.19,2014,75404,Муниципальное казенное учреждение,МКУ,2014,ДИРЕКТОР,Власов Олег Леонидович,0,головная организация
Терновский,ОО ИДМ,ОТДЕЛ ПО ОБРАЗОВАНИЮ И ДЕЛАМ МОЛОДЕЖИ АДМИНИСТРАЦИИ ТЕРНОВСКОГО МУНИЦИПАЛЬНОГО РАЙОНА,отдел,3630001094,"397110, ВОРОНЕЖСКАЯ ОБЛАСТЬ, Р-Н ТЕРНОВСКИЙ, С ТЕРНОВКА, УЛ СОВЕТСКАЯ, Д. 39, -","51.685212, 41.592745",действующая,08-05-2025,04-02-1994,363001001,1023600615323,10-12-2002,20254860001,20654460101,02104896,3300100,14,84.11.3,2014,75404,Муниципальное казенное учреждение,МКУ,2014,ИСПОЛНЯЮЩИЙ ОБЯЗАННОСТИ РУКОВОДИТЕЛЯ ОТДЕЛА,Попов Алексей Владимирович,0,головная организация
Хохольский,"МБДОУ ""ЦППМСП - ДЕТСКИЙ САД № 1 ХОХОЛЬСКОГО МУНИЦИПАЛЬНОГО РАЙОНА""","МУНИЦИПАЛЬНОЕ БЮДЖЕТНОЕ ДОШКОЛЬНОЕ ОБРАЗОВАТЕЛЬНОЕ УЧРЕЖДЕНИЕ ""ЦЕНТР ПСИХОЛОГО-ПЕДАГОГИЧЕСКОЙ, МЕДИЦИНСКОЙ И СОЦИАЛЬНОЙ ПОМОЩИ - ДЕТСКИЙ САД № 1 ХОХОЛЬСКОГО МУНИЦИПАЛЬНОГО РАЙОНА""",дошкольное образование,3631009096,"396840, ВОРОНЕЖСКАЯ ОБЛАСТЬ, М.Р-Н ХОХОЛЬСКИЙ, Г.П. ХОХОЛЬСКОЕ, РП ХОХОЛЬСКИЙ, УЛ ШКОЛЬНАЯ, Д. 13","51.575131, 38.785442",действующая,03-02-2026,17-02-2021,363101001,1213600005431,17-02-2021,20256551000,20656151051,47211431,4210007,14,85.11,2014,75403,Муниципальное бюджетное учреждение,МБУ,2014,ЗАВЕДУЮЩИЙ,Квасова Людмила Николаевна,0,головная организация
Хохольский,"МБДОУ Д/С ""КОЛОКОЛЬЧИК""","МУНИЦИПАЛЬНОЕ БЮДЖЕТНОЕ ДОШКОЛЬНОЕ ОБРАЗОВАТЕЛЬНОЕ УЧРЕЖДЕНИЕ ДЕТСКИЙ САД ""КОЛОКОЛЬЧИК""",дошкольное образование,3631008744,"396830, ВОРОНЕЖСКАЯ ОБЛАСТЬ, Р-Н ХОХОЛЬСКИЙ, С ХОХОЛ, УЛ КУТУЗОВА, Д. 15","51.5608589, 38.7486479",действующая,08-05-2025,30-07-2014,363101001,1143668036753,30-07-2014,20256860001,20656151111,31257974,4210007,14,85.11,2014,75403,Муниципальное бюджетное учреждение,МБУ,2014,ЗАВЕДУЮЩИЙ,Кульнева Наталья Юрьевна,0,головная организация
Хохольский,"МБДОУ Д/С ""СОЛНЫШКО""","МУНИЦИПАЛЬНОЕ БЮДЖЕТНОЕ ДОШКОЛЬНОЕ ОБРАЗОВАТЕЛЬНОЕ УЧРЕЖДЕНИЕ ДЕТСКИЙ САД ""СОЛНЫШКО""",дошкольное образование,3631006627,"396812, ВОРОНЕЖСКАЯ ОБЛАСТЬ, Р-Н ХОХОЛЬСКИЙ, С НОВОГРЕМЯЧЕНСКОЕ, УЛ МИРА, ЗД. 16","51.534184, 39.048957",действующая,13-02-2026,07-03-2017,363101001,1173668012671,07-03-2017,20256837001,20656437101,06962007,4210007,14,85.11,2014,75403,Муниципальное бюджетное учреждение,МБУ,2014,ИСПОЛНЯЮЩИЙ ОБЯЗАННОСТИ ЗАВЕДУЮЩЕГО,Гладких Надежда Николаевна,0,головная организация
Хохольский,"МБОУ ""ГРЕМЯЧЕНСКАЯ СОШ""","МУНИЦИПАЛЬНОЕ БЮДЖЕТНОЕ ОБЩЕОБРАЗОВАТЕЛЬНОЕ УЧРЕЖДЕНИЕ ""ГРЕМЯЧЕНСКАЯ СРЕДНЯЯ ОБЩЕОБРАЗОВАТЕЛЬНАЯ ШКОЛА""",общеобразовательная организация,3631004556,"396813, ВОРОНЕЖСКАЯ ОБЛАСТЬ, Р-Н ХОХОЛЬСКИЙ, С ГРЕМЯЧЬЕ, УЛ ЧЕХОВА, Д. 16Б","51.465835, 39.012175",действующая,26-02-2026,08-02-2002,363101001,1023601314747,05-11-2002,20256816001,20656416101,47795610,4210007,14,85.14,2014,75403,Муниципальное бюджетное учреждение,МБУ,2014,ДИРЕКТОР,Лукьянова Ирина Николаевна,1,головная организация
Хохольский,"МБОУ ""КОСТЕНСКАЯ СОШ""","МУНИЦИПАЛЬНОЕ БЮДЖЕТНОЕ ОБЩЕОБРАЗОВАТЕЛЬНОЕ УЧРЕЖДЕНИЕ ""КОСТЕНСКАЯ СРЕДНЯЯ ОБЩЕОБРАЗОВАТЕЛЬНАЯ ШКОЛА""",общеобразовательная организация,3631004010,"396815, ВОРОНЕЖСКАЯ ОБЛАСТЬ, Р-Н ХОХОЛЬСКИЙ, С КОСТЁНКИ, УЛ НАБЕРЕЖНАЯ, Д. 134А","51.3938916, 39.048829",действующая,17-10-2025,08-06-2000,363101001,1023601315473,11-11-2002,20256824001,20656424101,47788656,4210007,14,85.14,2014,75403,Муниципальное бюджетное учреждение,МБУ,2014,ДИРЕКТОР,Соловьева Анна Николаевна,2,головная организация
Хохольский,"МБОУ ""ОРЛОВСКАЯ СОШ""","МУНИЦИПАЛЬНОЕ БЮДЖЕТНОЕ ОБЩЕОБРАЗОВАТЕЛЬНОЕ УЧРЕЖДЕНИЕ ""ОРЛОВСКАЯ СРЕДНЯЯ ОБЩЕОБРАЗОВАТЕЛЬНАЯ ШКОЛА""",общеобразовательная организация,3631003827,"396836, ВОРОНЕЖСКАЯ ОБЛАСТЬ, Р-Н ХОХОЛЬСКИЙ, П. ОРЛОВКА, УЛ. ЦЕНТРАЛЬНАЯ, Д.16, К.5","51.603917, 38.9970451",действующая,01-07-2025,08-02-2002,363101001,1023601315770,12-11-2002,20256844003,20656444111,47788780,4210007,14,85.14,2014,75403,Муниципальное бюджетное учреждение,МБУ,2014,ДИРЕКТОР,Кустова Наталья Васильевна,0,головная организация
Хохольский,"МБОУ ""ХОХОЛЬСКАЯ СОШ""","МУНИЦИПАЛЬНОЕ БЮДЖЕТНОЕ ОБЩЕОБРАЗОВАТЕЛЬНОЕ УЧРЕЖДЕНИЕ ""ХОХОЛЬСКАЯ СРЕДНЯЯ ОБЩЕОБРАЗОВАТЕЛЬНАЯ ШКОЛА""",общеобразовательная организация,3631004517,"396830, ВОРОНЕЖСКАЯ ОБЛАСТЬ, Р-Н ХОХОЛЬСКИЙ, С ХОХОЛ, ПЕР СОВЕТСКИЙ, Д. 14","51.5621414, 38.7555222",действующая,08-05-2025,21-12-2001,363101001,1023601315957,11-11-2002,20256860001,20656151111,47795604,4210007,14,85.14,2014,75403,Муниципальное бюджетное учреждение,МБУ,2014,ДИРЕКТОР,Родивилова Татьяна Юрьевна,0,головная организация
Хохольский,"МБОУ ""ХОХОЛЬСКИЙ ЛИЦЕЙ""","МУНИЦИПАЛЬНОЕ БЮДЖЕТНОЕ ОБЩЕОБРАЗОВАТЕЛЬНОЕ УЧРЕЖДЕНИЕ ""ХОХОЛЬСКИЙ ЛИЦЕЙ""",общеобразовательная организация,3631004965,"396840, ВОРОНЕЖСКАЯ ОБЛАСТЬ, Р-Н ХОХОЛЬСКИЙ, РП ХОХОЛЬСКИЙ, УЛ ШКОЛЬНАЯ, Д. 20, -","51.574011, 38.782719",действующая,17-11-2025,27-06-2002,363101001,1023601318058,29-11-2002,20256551000,20656151051,47788691,4210007,14,85.14,2014,75403,Муниципальное бюджетное учреждение,МБУ,2014,ДИРЕКТОР,Ельчанинова Светлана Анатольевна,0,головная организация
Хохольский,"МБУ ""СОК ХОХОЛЬСКИЙ""","МУНИЦИПАЛЬНОЕ БЮДЖЕТНОЕ УЧРЕЖДЕНИЕ ""СПОРТИВНО-ОЗДОРОВИТЕЛЬНЫЙ КОМПЛЕКС ХОХОЛЬСКИЙ""",организация доп. образования,3631007998,"396840, ВОРОНЕЖСКАЯ ОБЛАСТЬ, Р-Н ХОХОЛЬСКИЙ, РП ХОХОЛЬСКИЙ, УЛ ЛЕНИНА, Д. 14А","51.57663, 38.783532",действующая,08-05-2025,20-05-2011,363101001,1113668020927,20-05-2011,20256551000,20656151051,91189776,4210007,14,93.11,2014,75403,Муниципальное бюджетное учреждение,МБУ,2014,ДИРЕКТОР,Прохоров Сергей Александрович,0,головная организация
Хохольский,"МБУ ДО ""ДОМ ДЕТСКОГО ТВОРЧЕСТВА""","МУНИЦИПАЛЬНОЕ БЮДЖЕТНОЕ УЧРЕЖДЕНИЕ ДОПОЛНИТЕЛЬНОГО ОБРАЗОВАНИЯ ""ДОМ ДЕТСКОГО ТВОРЧЕСТВА"" ХОХОЛЬСКОГО МУНИЦИПАЛЬНОГО РАЙОНА",организация доп. образования,3631005133,"396840, ВОРОНЕЖСКАЯ ОБЛАСТЬ, Р-Н ХОХОЛЬСКИЙ, РП ХОХОЛЬСКИЙ, УЛ ЛЕНИНА, Д. 10","51.5774146, 38.7853123",действующая,08-05-2025,18-08-1997,363101001,1033676501594,10-06-2003,20256551000,20656151051,47788627,4210007,14,85.41,2014,75403,Муниципальное бюджетное учреждение,МБУ,2014,ДИРЕКТОР,Моисеева Кристина Игоревна,0,головная организация
Хохольский,"МКДОУ Д/С ""СКАЗКА""","МУНИЦИПАЛЬНОЕ КАЗЕННОЕ ДОШКОЛЬНОЕ ОБРАЗОВАТЕЛЬНОЕ УЧРЕЖДЕНИЕ ДЕТСКИЙ САД ""СКАЗКА""",дошкольное образование,3631008127,"396813, ВОРОНЕЖСКАЯ ОБЛАСТЬ, Р-Н ХОХОЛЬСКИЙ, С ГРЕМЯЧЬЕ, УЛ ЧЕХОВА, Д. 33Б","51.469489, 39.009356",действующая,27-02-2026,28-11-2011,363101001,1113668049120,28-11-2011,20256816001,20656416101,30079985,4210007,14,85.11,2014,75404,Муниципальное казенное учреждение,МКУ,2014,ИСПОЛНЯЮЩИЙ ОБЯЗАННОСТИ ЗАВЕДУЮЩЕГО,Кузьминова Татьяна Николаевна,0,головная организация
Хохольский,"МКДОУ ДЕТСКИЙ САД ""СВЕТЛЯЧОК""","МУНИЦИПАЛЬНОЕ КАЗЕННОЕ ДОШКОЛЬНОЕ ОБРАЗОВАТЕЛЬНОЕ УЧРЕЖДЕНИЕ ДЕТСКИЙ САД ""СВЕТЛЯЧОК""",дошкольное образование,3631005550,"396836, ВОРОНЕЖСКАЯ ОБЛАСТЬ, Р-Н ХОХОЛЬСКИЙ, П. ОРЛОВКА, УЛ. ЦЕНТРАЛЬНАЯ, Д.12","51.6053241, 38.9946906",действующая,08-02-2025,02-02-2006,363101001,1063628000677,02-02-2006,20256844003,20656444111,79279436,4210007,14,85.11,2014,75404,Муниципальное казенное учреждение,МКУ,2014,ЗАВЕДУЮЩАЯ,Татаринцева Светлана Николаевна,0,головная организация
Хохольский,"МКОУ ""ГРЕМЯЧЕНСКАЯ ООШ""","МУНИЦИПАЛЬНОЕ КАЗЕННОЕ ОБЩЕОБРАЗОВАТЕЛЬНОЕ УЧРЕЖДЕНИЕ ""ГРЕМЯЧЕНСКАЯ ОСНОВНАЯ ОБЩЕОБРАЗОВАТЕЛЬНАЯ ШКОЛА""",общеобразовательная организация,3631003961,"396813, ВОРОНЕЖСКАЯ ОБЛАСТЬ, Р-Н ХОХОЛЬСКИЙ, С ГРЕМЯЧЬЕ, УЛ ЛЕНИНА, Д. 57","51.4878952, 39.0145834","в процессе присоединения к другому юрлицу, с последующей ликвидацией",13-11-2025,12-02-2002,363101001,1023601315176,10-11-2002,20256816001,20656416101,47788751,4210007,14,85.13,2014,75404,Муниципальное казенное учреждение,МКУ,2014,ИСПОЛНЯЮЩИЙ ОБЯЗАННОСТИ ДИРЕКТОРА,Хрячкова Елена Павловна,0,головная организация
Хохольский,"МКОУ ""НОВОГРЕМЯЧЕНСКАЯ СОШ""","МУНИЦИПАЛЬНОЕ КАЗЕННОЕ ОБЩЕОБРАЗОВАТЕЛЬНОЕ УЧРЕЖДЕНИЕ ""НОВОГРЕМЯЧЕНСКАЯ СРЕДНЯЯ ОБЩЕОБРАЗОВАТЕЛЬНАЯ ШКОЛА""",общеобразовательная организация,3631003802,"396812, ВОРОНЕЖСКАЯ ОБЛАСТЬ, Р-Н ХОХОЛЬСКИЙ, С НОВОГРЕМЯЧЕНСКОЕ, УЛ ЧАПАЕВА, ЗД. 12","51.5356717, 39.047248",действующая,30-10-2025,26-02-2002,363101001,1023601318146,29-11-2002,20256837001,20656437101,47795627,4210007,14,85.14,2014,75404,Муниципальное казенное учреждение,МКУ,2014,ДИРЕКТОР,Дедова Наталья Николаевна,0,головная организация
Хохольский,"МКОУ ""СТАРОНИКОЛЬСКАЯ СОШ""","МУНИЦИПАЛЬНОЕ КАЗЕННОЕ ОБЩЕОБРАЗОВАТЕЛЬНОЕ УЧРЕЖДЕНИЕ ""СТАРОНИКОЛЬСКАЯ СРЕДНЯЯ ОБЩЕОБРАЗОВАТЕЛЬНАЯ ШКОЛА""",общеобразовательная организация,3631003993,"396851, ВОРОНЕЖСКАЯ ОБЛАСТЬ, Р-Н ХОХОЛЬСКИЙ, С. СТАРОНИКОЛЬСКОЕ, УЛ. ВЕРЫ ЧУРКИНОЙ, Д.81","51.459285, 38.7411837",действующая,13-02-2025,19-03-2002,363101001,1023601318157,29-11-2002,20256856001,20656456101,47788704,4210007,14,85.14,2014,75404,Муниципальное казенное учреждение,МКУ,2014,Директор,Ульянова Любовь Ивановна,1,головная организация
Хохольский,"МКОУ ""УСТЬЕВСКАЯ СОШ""","МУНИЦИПАЛЬНОЕ КАЗЕННОЕ ОБЩЕОБРАЗОВАТЕЛЬНОЕ УЧРЕЖДЕНИЕ ""УСТЬЕВСКАЯ СРЕДНЯЯ ОБЩЕОБРАЗОВАТЕЛЬНАЯ ШКОЛА""",общеобразовательная организация,3631003792,"396838, ВОРОНЕЖСКАЯ ОБЛАСТЬ, Р-Н ХОХОЛЬСКИЙ, С. УСТЬЕ, УЛ. ЛЕНИНА, Д.19, -, -","51.5628514, 39.01654",действующая,09-02-2025,12-02-2002,363101001,1023601318168,29-11-2002,20256844004,20656444116,47788739,4210007,14,85.14,2014,75404,Муниципальное казенное учреждение,МКУ,2014,ДИРЕКТОР,Рязанцева Маргарита Ильинична,0,головная организация
Хохольский,"МКУ ДО ""ХОХОЛЬСКАЯ ДЮСШ""","МУНИЦИПАЛЬНОЕ КАЗЕННОЕ УЧРЕЖДЕНИЕ ДОПОЛНИТЕЛЬНОГО ОБРАЗОВАНИЯ ""ХОХОЛЬСКАЯ ДЕТСКО-ЮНОШЕСКАЯ СПОРТИВНАЯ ШКОЛА"" ХОХОЛЬСКОГО МУНИЦИПАЛЬНОГО РАЙОНА ВОРОНЕЖСКОЙ ОБЛАСТИ",организация доп. образования,3631005140,"396813, ВОРОНЕЖСКАЯ ОБЛАСТЬ, Р-Н ХОХОЛЬСКИЙ, С ГРЕМЯЧЬЕ, УЛ ЧЕХОВА, Д. 5А","51.464575, 39.013113",действующая,22-01-2026,18-08-1997,363101001,1033676501605,10-06-2003,20256816001,20656416101,47788633,4210007,14,85.41,2014,75404,Муниципальное казенное учреждение,МКУ,2014,ДИРЕКТОР,Смотров Сергей Николаевич,0,головная организация
Хохольский,"ОТДЕЛ ПО ОБРАЗОВАНИЮ, МОЛОДЕЖНОЙ ПОЛИТИКЕ И СПОРТУ АДМИНИСТРАЦИИ ХОХОЛЬСКОГО МУНИЦИПАЛЬНОГО РАЙОНА ВОРОНЕЖСКОЙ ОБЛАСТИ","ОТДЕЛ ПО ОБРАЗОВАНИЮ, МОЛОДЕЖНОЙ ПОЛИТИКЕ И СПОРТУ АДМИНИСТРАЦИИ ХОХОЛЬСКОГО МУНИЦИПАЛЬНОГО РАЙОНА ВОРОНЕЖСКОЙ ОБЛАСТИ",отдел,3631002196,"396840, ВОРОНЕЖСКАЯ ОБЛАСТЬ, Р-Н ХОХОЛЬСКИЙ, РП ХОХОЛЬСКИЙ, УЛ ЛЕНИНА, Д. 8","51.578262, 38.785894",действующая,26-12-2025,22-07-1999,363101001,1023601318817,05-12-2002,20256551000,20656151051,02104904,3300100,14,84.11.3,2014,75404,Муниципальное казенное учреждение,МКУ,2014,РУКОВОДИТЕЛЬ,Золоторева Ольга Юрьевна,0,головная организация
Эртильский,"МБОУ ""ЭРТИЛЬСКАЯ СОШ С УИОП""","МУНИЦИПАЛЬНОЕ БЮДЖЕТНОЕ ОБЩЕОБРАЗОВАТЕЛЬНОЕ УЧРЕЖДЕНИЕ ""ЭРТИЛЬСКАЯ СРЕДНЯЯ ОБЩЕОБРАЗОВАТЕЛЬНАЯ ШКОЛА С УГЛУБЛЕННЫМ ИЗУЧЕНИЕМ ОТДЕЛЬНЫХ ПРЕДМЕТОВ""",общеобразовательная организация,3632006080,"397030, ВОРОНЕЖСКАЯ ОБЛАСТЬ, Р-Н ЭРТИЛЬСКИЙ, Г. ЭРТИЛЬ, УЛ. СОВЕТСКАЯ, Д.2, К.А","51.8361736, 40.7932037",действующая,16-01-2026,25-09-2008,363201001,1083601000515,25-09-2008,20258501000,20658101001,87969379,4210007,14,85.14,2014,75403,Муниципальное бюджетное учреждение,МБУ,2014,директор,Бычуткина Наталия Юрьевна,0,головная организация
Эртильский,"МКДОУ ""ЦЕНТР ПСИХОЛОГО-ПЕДАГОГИЧЕСКОЙ, МЕДИЦИНСКОЙ И СОЦИАЛЬНОЙ ПОМОЩИ - ЭРТИЛЬСКИЙ ДЕТСКИЙ САД №3""","МУНИЦИПАЛЬНОЕ КАЗЕННОЕ ДОШКОЛЬНОЕ ОБРАЗОВАТЕЛЬНОЕ УЧРЕЖДЕНИЕ ""ЦЕНТР ПСИХОЛОГО-ПЕДАГОГИЧЕСКОЙ, МЕДИЦИНСКОЙ И СОЦИАЛЬНОЙ ПОМОЩИ - ЭРТИЛЬСКИЙ ДЕТСКИЙ САД №3""",дошкольное образование,3632005016,"397030, ВОРОНЕЖСКАЯ ОБЛАСТЬ, Р-Н ЭРТИЛЬСКИЙ, Г. ЭРТИЛЬ, ПЛ. САДОВАЯ, Д.1, -, -","51.8386236, 40.7983301",действующая,27-01-2026,09-12-2002,363201001,1023600513420,09-12-2002,20258501000,20658101001,10632675,4210007,14,85.11,2014,75404,Муниципальное казенное учреждение,МКУ,2014,Заведующая детским садом,Мымрикова Надежда Анатольевна,0,головная организация
Эртильский,"МКОУ ""БИТЮГ-МАТРЕНОВСКАЯ СОШ""","МУНИЦИПАЛЬНОЕ КАЗЕННОЕ ОБЩЕОБРАЗОВАТЕЛЬНОЕ УЧРЕЖДЕНИЕ ""БИТЮГ-МАТРЕНОВСКАЯ СРЕДНЯЯ ОБЩЕОБРАЗОВАТЕЛЬНАЯ ШКОЛА""",общеобразовательная организация,3632004083,"397025, ВОРОНЕЖСКАЯ ОБЛАСТЬ, Р-Н ЭРТИЛЬСКИЙ, С БИТЮГ-МАТРЁНОВКА, УЛ ЦЕНТРАЛЬНАЯ, Д. 8","51.8682509, 40.4865609",действующая,21-11-2025,13-02-2002,363201001,1023600508392,14-10-2002,20258808001,20658408101,51719614,4210007,14,85.14,2014,75404,Муниципальное казенное учреждение,МКУ,2014,ДИРЕКТОР,Сеферов Раютдин Гусейбекович,0,головная организация
Эртильский,"МКОУ ""БУРАВЦОВСКАЯ СОШ""","МУНИЦИПАЛЬНОЕ КАЗЕННОЕ ОБЩЕОБРАЗОВАТЕЛЬНОЕ УЧРЕЖДЕНИЕ ""БУРАВЦОВСКАЯ СРЕДНЯЯ ОБЩЕОБРАЗОВАТЕЛЬНАЯ ШКОЛА""",общеобразовательная организация,3632004100,"397015, ВОРОНЕЖСКАЯ ОБЛАСТЬ, Р-Н ЭРТИЛЬСКИЙ, Д. БУРАВЦОВКА, УЛ. МОЛОДЕЖНАЯ, Д.8","51.6856881, 40.956668",действующая,21-11-2025,29-03-1993,363201001,1023600508876,22-10-2002,20258820001,20658420101,51719595,4210007,14,85.14,2014,75404,Муниципальное казенное учреждение,МКУ,2014,ДИРЕКТОР,Атапина Наталия Анатольевна,0,головная организация
Эртильский,"МКОУ ""КРАСНОАРМЕЙСКАЯ ООШ""","МУНИЦИПАЛЬНОЕ КАЗЕННОЕ ОБЩЕОБРАЗОВАТЕЛЬНОЕ УЧРЕЖДЕНИЕ ""КРАСНОАРМЕЙСКАЯ ОСНОВНАЯ ОБЩЕОБРАЗОВАТЕЛЬНАЯ ШКОЛА""",общеобразовательная организация,3632004164,"397007, ВОРОНЕЖСКАЯ ОБЛАСТЬ, Р-Н ЭРТИЛЬСКИЙ, П. КРАСНОАРМЕЙСКИЙ, УЛ. ГАГАРИНА, Д.10","51.8207007, 40.7883623",действующая,21-11-2025,29-03-1993,363201001,1023600508491,15-10-2002,20258501003,20658101116,51719572,4210007,14,85.13,2014,75404,Муниципальное казенное учреждение,МКУ,2014,ДИРЕКТОР,Кускова Наталья Петровна,1,головная организация
Эртильский,"МКОУ ""ПЕРВО-ЭРТИЛЬСКАЯ СОШ ИМЕНИ ЕВГЕНИЯ ГРЕБЕНКИНА""","МУНИЦИПАЛЬНОЕ КАЗЕННОЕ ОБЩЕОБРАЗОВАТЕЛЬНОЕ УЧРЕЖДЕНИЕ ""ПЕРВО-ЭРТИЛЬСКАЯ СРЕДНЯЯ ОБЩЕОБРАЗОВАТЕЛЬНАЯ ШКОЛА ИМЕНИ ЕВГЕНИЯ ГРЕБЕНКИНА""",общеобразовательная организация,3632004157,"397010, ВОРОНЕЖСКАЯ ОБЛАСТЬ, Р-Н ЭРТИЛЬСКИЙ, П. ПЕРВО-ЭРТИЛЬ, УЛ. ЦЕНТРАЛЬНАЯ, Д.35","51.7316054, 40.8099271",действующая,01-12-2025,29-03-1993,363201001,1023600508656,17-10-2002,20258848001,20658448101,51719678,4210007,14,85.14,2014,75404,Муниципальное казенное учреждение,МКУ,2014,ДИРЕКТОР,Поляков Александр Викторович,0,головная организация
Эртильский,"МКОУ ""ПЕРВОМАЙСКАЯ СОШ""","МУНИЦИПАЛЬНОЕ КАЗЕННОЕ ОБЩЕОБРАЗОВАТЕЛЬНОЕ УЧРЕЖДЕНИЕ ""ПЕРВОМАЙСКАЯ СРЕДНЯЯ ОБЩЕОБРАЗОВАТЕЛЬНАЯ ШКОЛА""",общеобразовательная организация,3632003989,"397008, ВОРОНЕЖСКАЯ ОБЛАСТЬ, Р-Н ЭРТИЛЬСКИЙ, П. ПЕРВОМАЙСКИЙ, УЛ. ШКОЛЬНАЯ, Д.1","51.7271597, 40.7013952",действующая,21-11-2025,29-03-1993,363201001,1023600508931,22-10-2002,20258828001,20658428101,51719690,4210007,14,85.14,2014,75404,Муниципальное казенное учреждение,МКУ,2014,ДИРЕКТОР,Белоконев Виктор Анатольевич,0,головная организация
Эртильский,"МКОУ ""РОСТОШИНСКАЯ СОШ""","МУНИЦИПАЛЬНОЕ КАЗЕННОЕ ОБЩЕОБРАЗОВАТЕЛЬНОЕ УЧРЕЖДЕНИЕ ""РОСТОШИНСКАЯ СРЕДНЯЯ ОБЩЕОБРАЗОВАТЕЛЬНАЯ ШКОЛА""",общеобразовательная организация,3632004076,"397012, ВОРОНЕЖСКАЯ ОБЛАСТЬ, Р-Н ЭРТИЛЬСКИЙ, С. РОСТОШИ, УЛ. ЛЕНИНСКАЯ, Д. 126","51.592916, 40.930173",действующая,21-11-2025,29-03-1993,363201001,1023600508480,15-10-2002,20258832001,20658432101,51719715,4210007,14,85.14,2014,75404,Муниципальное казенное учреждение,МКУ,2014,Директор,Алехина Татьяна Серафимовна,0,головная организация
Эртильский,"МКОУ ""САМОВЕЦКАЯ СОШ""","МУНИЦИПАЛЬНОЕ КАЗЕННОЕ ОБЩЕОБРАЗОВАТЕЛЬНОЕ УЧРЕЖДЕНИЕ ""САМОВЕЦКАЯ СРЕДНЯЯ ОБЩЕОБРАЗОВАТЕЛЬНАЯ ШКОЛА""",общеобразовательная организация,3632004020,"397026, ВОРОНЕЖСКАЯ ОБЛАСТЬ, Р-Н ЭРТИЛЬСКИЙ, С. БОЛЬШОЙ САМОВЕЦ, УЛ. ШКОЛЬНАЯ, Д.15","51.906071, 40.478536",действующая,21-11-2025,29-03-1993,363201001,1023600508370,11-10-2002,20258836001,20658436101,51719738,4210007,14,85.14,2014,75404,Муниципальное казенное учреждение,МКУ,2014,ДИРЕКТОР,Жукова Елена Ивановна,0,головная организация
Эртильский,"МКОУ ""СОКОЛОВСКАЯ ООШ""","МУНИЦИПАЛЬНОЕ КАЗЕННОЕ ОБЩЕОБРАЗОВАТЕЛЬНОЕ УЧРЕЖДЕНИЕ ""СОКОЛОВСКАЯ ОСНОВНАЯ ОБЩЕОБРАЗОВАТЕЛЬНАЯ ШКОЛА""",общеобразовательная организация,3604085429,"397033, ВОРОНЕЖСКАЯ ОБЛАСТЬ, М.Р-Н ЭРТИЛЬСКИЙ, Г.П. ГОРОД ЭРТИЛЬ, Г ЭРТИЛЬ, УЛ КОМАРОВА, ЗД. 19","51.8568598, 40.771624",действующая,21-11-2025,25-12-2024,360401001,1243600021037,25-12-2024,20258501000,20658101001,55686326,4210007,14,85.14,2014,75404,Муниципальное казенное учреждение,МКУ,2014,ДИРЕКТОР,Сергеев Вадим Вячеславович,0,головная организация
Эртильский,"МКОУ ""СОКОЛОВСКАЯ ООШ""","МУНИЦИПАЛЬНОЕ КАЗЕННОЕ ОБЩЕОБРАЗОВАТЕЛЬНОЕ УЧРЕЖДЕНИЕ ""СОКОЛОВСКАЯ ОСНОВНАЯ ОБЩЕОБРАЗОВАТЕЛЬНАЯ ШКОЛА""",дошкольное образование,3604085429,"397033, ВОРОНЕЖСКАЯ ОБЛАСТЬ, М.Р-Н ЭРТИЛЬСКИЙ, Г.П. ГОРОД ЭРТИЛЬ, Г ЭРТИЛЬ, УЛ КОМАРОВА, ЗД. 19","51.8568598, 40.771624",действующая,21-11-2025,25-12-2024,360401001,1243600021037,25-12-2024,20258501000,20658101001,55686326,4210007,14,85.14,2014,75404,Муниципальное казенное учреждение,МКУ,2014,ДИРЕКТОР,Сергеев Вадим Вячеславович,0,головная организация
Эртильский,"МКОУ ""ЩУЧИНСКАЯ СОШ""","МУНИЦИПАЛЬНОЕ КАЗЕННОЕ ОБЩЕОБРАЗОВАТЕЛЬНОЕ УЧРЕЖДЕНИЕ ""ЩУЧИНСКАЯ СРЕДНЯЯ ОБЩЕОБРАЗОВАТЕЛЬНАЯ ШКОЛА""",общеобразовательная организация,3632004132,"397020, ВОРОНЕЖСКАЯ ОБЛАСТЬ, М.Р-Н ЭРТИЛЬСКИЙ, С.П. ЩУЧИНСКОЕ, С ЩУЧЬЕ, УЛ ГАГАРИНА, Д. 28, ПОМЕЩ. 1","51.7639816, 40.4855732",действующая,18-08-2025,29-03-1993,363201001,1023600509052,23-10-2002,20258840001,20658440101,51719773,4210007,14,85.14,2014,75404,Муниципальное казенное учреждение,МКУ,2014,ДИРЕКТОР,Гузеева Людмила Алексеевна,1,головная организация
Эртильский,"МКОУ ""ЭРТИЛЬСКАЯ СОШ №1""","МУНИЦИПАЛЬНОЕ КАЗЕННОЕ ОБЩЕОБРАЗОВАТЕЛЬНОЕ УЧРЕЖДЕНИЕ ""ЭРТИЛЬСКАЯ СРЕДНЯЯ ОБЩЕОБРАЗОВАТЕЛЬНАЯ ШКОЛА № 1""",общеобразовательная организация,3632003450,"397031, ВОРОНЕЖСКАЯ ОБЛАСТЬ, Р-Н ЭРТИЛЬСКИЙ, Г. ЭРТИЛЬ, УЛ. ПЕРВОМАЙСКАЯ, Д.27","51.8419183, 40.8284912",действующая,13-11-2025,29-03-1993,363201001,1023600508854,21-10-2002,20258501000,20658101001,51706539,4210007,14,85.14,2014,75404,Муниципальное казенное учреждение,МКУ,2014,ДИРЕКТОР,Федотова Надежда Юрьевна,0,головная организация
Эртильский,"МКУ ""ЦЕНТР ОБЕСПЕЧЕНИЯ ДЕЯТЕЛЬНОСТИ СИСТЕМЫ ОБРАЗОВАНИЯ""","МУНИЦИПАЛЬНОЕ КАЗЕННОЕ УЧРЕЖДЕНИЕ ""ЦЕНТР ОБЕСПЕЧЕНИЯ ДЕЯТЕЛЬНОСТИ СИСТЕМЫ ОБРАЗОВАНИЯ ЭРТИЛЬСКОГО МУНИЦИПАЛЬНОГО РАЙОНА ВОРОНЕЖСКОЙ ОБЛАСТИ""",департамент,3632001808,"397030, ВОРОНЕЖСКАЯ ОБЛАСТЬ, Р-Н ЭРТИЛЬСКИЙ, Г. ЭРТИЛЬ, УЛ. СТЕПНАЯ, Д.1 ""А""","51.8310021, 40.8074241",действующая,13-02-2025,16-02-1993,363201001,1023600508711,18-10-2002,20258501000,20658101001,02104910,3300100,14,84.11.3,2014,75404,Муниципальное казенное учреждение,МКУ,2014,РУКОВОДИТЕЛЬ,Литвинова Ксения Геннадиевна,0,головная организация
Эртильский,"МКУДО ""ЭРТИЛЬСКАЯ ДЮСШ""","МУНИЦИПАЛЬНОЕ КАЗЕННОЕ УЧРЕЖДЕНИЕ ДОПОЛНИТЕЛЬНОГО ОБРАЗОВАНИЯ ""ЭРТИЛЬСКАЯ ДЕТСКО-ЮНОШЕСКАЯ СПОРТИВНАЯ ШКОЛА""",организация доп. образования,3632005030,"397030, ВОРОНЕЖСКАЯ ОБЛАСТЬ, Р-Н ЭРТИЛЬСКИЙ, Г. ЭРТИЛЬ, ПЕР. САДОВЫЙ, Д.24","51.841557, 40.8007423",действующая,13-02-2025,08-12-2002,363201001,1023600513419,08-12-2002,20258501000,20658101001,25747295,4210007,14,85.41.1,2014,75404,Муниципальное казенное учреждение,МКУ,2014,ДИРЕКТОР,Пономарев Александр Владимирович,0,головная организация
Эртильский,"МКУДО ""ЭРТИЛЬСКИЙ ДДТ""","МУНИЦИПАЛЬНОЕ КАЗЕННОЕ УЧРЕЖДЕНИЕ ДОПОЛНИТЕЛЬНОГО ОБРАЗОВАНИЯ ""ЭРТИЛЬСКИЙ ДОМ ДЕТСКОГО ТВОРЧЕСТВА""",организация доп. образования,3632004319,"397030, ВОРОНЕЖСКАЯ ОБЛАСТЬ, Р-Н ЭРТИЛЬСКИЙ, Г. ЭРТИЛЬ, ПЛ. ЛЕНИНА, Д.2","51.8355978, 40.7986704",действующая,13-02-2025,29-03-1993,363201001,1023600508414,15-10-2002,20258501000,20658101001,56451677,4210007,14,85.41,2014,75404,Муниципальное казенное учреждение,МКУ,2014,ДИРЕКТОР,Сергеева Светлана Анатольевна,0,головная организация
